{"type":"FeatureCollection","features":[{"type":"Feature","properties":{"id":2418623,"name":"\u0e9b\u0ec8\u0eb2\u0eaa\u0eb0\u0eab\u0e87\u0ea7\u0e99\u0ec1\u0eab\u0ec8\u0e87\u0e8a\u0eb2\u0e94\u0e9e\u0eb9\u0e8a\u0ebd\u0e87\u0e97\u0ead\u0e87","name_en":"Phou Xieng Thong National Protected Area","boundary":"national_park","protect_class":""},"geometry":{"type":"Polygon","coordinates":[[[105.4329,15.7612],[105.4292,15.7675],[105.4346,15.783],[105.4203,15.8254],[105.423,15.8341],[105.4285,15.8418],[105.4351,15.8463],[105.4408,15.8547],[105.4546,15.8623],[105.4817,15.8639],[105.496,15.8615],[105.5107,15.8548],[105.5329,15.8531],[105.5667,15.8394],[105.5701,15.8393],[105.5726,15.8371],[105.579,15.8364],[105.5872,15.8297],[105.5912,15.8302],[105.5929,15.828],[105.6014,15.8246],[105.606,15.8201],[105.6324,15.807],[105.6363,15.8067],[105.6408,15.803],[105.6467,15.8041],[105.6532,15.8103],[105.6581,15.8117],[105.6594,15.8063],[105.6586,15.7989],[105.664,15.8005],[105.6669,15.8044],[105.6729,15.8071],[105.678,15.8032],[105.6812,15.7952],[105.6826,15.7829],[105.6859,15.7778],[105.6862,15.7701],[105.6879,15.768],[105.6983,15.7654],[105.6982,15.7589],[105.7011,15.7528],[105.705,15.7512],[105.7072,15.747],[105.7122,15.7438],[105.7128,15.7412],[105.7108,15.738],[105.7099,15.7301],[105.7115,15.7255],[105.7142,15.7225],[105.7223,15.721],[105.7276,15.7171],[105.7304,15.7085],[105.7326,15.7092],[105.7351,15.7071],[105.7316,15.7009],[105.7333,15.692],[105.7312,15.6865],[105.7335,15.6816],[105.7369,15.6781],[105.7425,15.6799],[105.7528,15.6798],[105.7556,15.682],[105.7626,15.6826],[105.7732,15.6762],[105.7738,15.669],[105.7703,15.6628],[105.7665,15.6458],[105.7639,15.6407],[105.7686,15.623],[105.7672,15.6156],[105.7691,15.6107],[105.7814,15.5996],[105.7877,15.5891],[105.786,15.5847],[105.7764,15.5788],[105.7526,15.574],[105.7438,15.5746],[105.7318,15.5712],[105.7292,15.5733],[105.7143,15.5702],[105.7048,15.5766],[105.7043,15.5793],[105.6987,15.5791],[105.6931,15.5775],[105.6856,15.5717],[105.6809,15.5635],[105.682,15.5608],[105.681,15.5559],[105.6872,15.5549],[105.6924,15.551],[105.6991,15.5293],[105.7063,15.523],[105.708,15.5178],[105.7076,15.5049],[105.7095,15.4989],[105.711,15.4968],[105.7181,15.4942],[105.7189,15.4909],[105.7166,15.4869],[105.7071,15.4802],[105.7089,15.4776],[105.7131,15.4759],[105.7231,15.4765],[105.7333,15.4726],[105.7367,15.4686],[105.7387,15.4576],[105.7436,15.4561],[105.7559,15.4428],[105.7614,15.4265],[105.7729,15.4207],[105.7766,15.4159],[105.78,15.3992],[105.7765,15.3926],[105.7754,15.3848],[105.7674,15.37],[105.7494,15.3501],[105.7397,15.346],[105.7348,15.3413],[105.7283,15.3418],[105.7275,15.3384],[105.7246,15.3365],[105.723,15.3372],[105.6845,15.3268],[105.6682,15.3289],[105.664,15.328],[105.6563,15.3229],[105.6474,15.3208],[105.6374,15.3238],[105.627,15.3247],[105.6211,15.3299],[105.5996,15.3389],[105.5763,15.3376],[105.5655,15.3319],[105.5478,15.3262],[105.5365,15.3279],[105.5188,15.3264],[105.511,15.3307],[105.493,15.3267],[105.4879,15.3309],[105.474,15.336],[105.4698,15.3422],[105.4687,15.3484],[105.4744,15.3665],[105.4835,15.3736],[105.4875,15.3749],[105.4936,15.3819],[105.4954,15.3796],[105.5061,15.3801],[105.5071,15.3813],[105.5035,15.3833],[105.5041,15.3848],[105.5199,15.3875],[105.5323,15.3854],[105.5384,15.3867],[105.547,15.386],[105.55,15.3867],[105.5496,15.3914],[105.5572,15.3954],[105.5698,15.3978],[105.5732,15.3957],[105.5853,15.4052],[105.5926,15.4173],[105.6009,15.4262],[105.6011,15.4316],[105.6112,15.4388],[105.6153,15.4382],[105.618,15.4405],[105.6293,15.4435],[105.6323,15.4471],[105.6229,15.446],[105.6183,15.4474],[105.6061,15.4448],[105.6073,15.4486],[105.6035,15.452],[105.6025,15.4584],[105.6043,15.4647],[105.6103,15.4722],[105.609,15.474],[105.6053,15.4738],[105.6008,15.4931],[105.6021,15.4974],[105.6007,15.5012],[105.5949,15.5033],[105.5951,15.5135],[105.5994,15.5196],[105.6032,15.5202],[105.6099,15.5299],[105.6093,15.5319],[105.6135,15.5392],[105.6134,15.5449],[105.618,15.5494],[105.6258,15.5515],[105.6361,15.5516],[105.6406,15.5544],[105.6442,15.5537],[105.6447,15.5569],[105.6375,15.5605],[105.6361,15.5648],[105.6293,15.5743],[105.6342,15.5876],[105.6411,15.5937],[105.6452,15.5908],[105.6476,15.5953],[105.6378,15.5955],[105.6372,15.598],[105.6394,15.6011],[105.6366,15.6007],[105.6337,15.6053],[105.6336,15.6085],[105.6358,15.6136],[105.6406,15.6149],[105.64,15.6121],[105.6437,15.6093],[105.6557,15.6162],[105.6515,15.6237],[105.6526,15.6283],[105.6493,15.6353],[105.6468,15.6344],[105.639,15.6364],[105.6426,15.6395],[105.6426,15.6418],[105.6464,15.6467],[105.6448,15.6526],[105.6462,15.6544],[105.6426,15.6607],[105.6347,15.6648],[105.6306,15.6762],[105.6279,15.6794],[105.6177,15.6875],[105.6174,15.6911],[105.616,15.6882],[105.6118,15.693],[105.6015,15.7219],[105.5945,15.7269],[105.5653,15.7372],[105.5597,15.7411],[105.5568,15.7483],[105.5516,15.7515],[105.5349,15.7489],[105.5222,15.7574],[105.5173,15.7576],[105.5116,15.7667],[105.5065,15.7687],[105.4941,15.7676],[105.485,15.7596],[105.4663,15.748],[105.4621,15.7479],[105.4457,15.7539],[105.4373,15.7599],[105.4329,15.7612]]]}},{"type":"Feature","properties":{"id":2969357,"name":"\u0e40\u0e02\u0e15\u0e23\u0e31\u0e01\u0e29\u0e32\u0e1e\u0e31\u0e19\u0e18\u0e38\u0e4c\u0e2a\u0e31\u0e15\u0e27\u0e4c\u0e1b\u0e48\u0e32\u0e2b\u0e49\u0e27\u0e22\u0e02\u0e32\u0e41\u0e02\u0e49\u0e07","name_en":"Huai Kha Khaeng Wildlife Sanctuary","boundary":"protected_area","protect_class":"1a"},"geometry":{"type":"Polygon","coordinates":[[[99.3489,15.6827],[99.3512,15.6677],[99.3464,15.6637],[99.3404,15.6642],[99.3417,15.6613],[99.3391,15.6602],[99.3435,15.6533],[99.3425,15.6485],[99.3456,15.638],[99.3457,15.6313],[99.3502,15.6247],[99.3488,15.6213],[99.3514,15.6197],[99.3545,15.61],[99.3599,15.6076],[99.364,15.5998],[99.3786,15.5991],[99.3814,15.5954],[99.3795,15.5912],[99.3848,15.5882],[99.376,15.58],[99.3738,15.5639],[99.3756,15.5608],[99.3788,15.5602],[99.3807,15.5531],[99.3757,15.5507],[99.3767,15.548],[99.3869,15.5456],[99.3882,15.5393],[99.3854,15.5363],[99.3793,15.5352],[99.3772,15.5321],[99.3775,15.5299],[99.3816,15.5274],[99.3832,15.5234],[99.3819,15.5211],[99.3743,15.5189],[99.3702,15.5161],[99.3706,15.5142],[99.3769,15.5085],[99.3834,15.5073],[99.3938,15.513],[99.397,15.5113],[99.3957,15.5042],[99.3976,15.4991],[99.4007,15.4959],[99.3998,15.4928],[99.3954,15.4897],[99.3913,15.4902],[99.3903,15.4882],[99.39,15.4711],[99.3882,15.4677],[99.3907,15.459],[99.3878,15.454],[99.3877,15.4479],[99.3909,15.4386],[99.3972,15.4386],[99.4025,15.4567],[99.4066,15.4582],[99.4093,15.464],[99.4138,15.4646],[99.4171,15.4681],[99.4246,15.4644],[99.4259,15.4563],[99.4198,15.4509],[99.409,15.4316],[99.4095,15.4158],[99.4146,15.4093],[99.4189,15.3978],[99.4256,15.3995],[99.4456,15.4105],[99.45,15.4156],[99.4541,15.4141],[99.4556,15.4087],[99.4494,15.3987],[99.4525,15.3937],[99.4494,15.3892],[99.4461,15.3878],[99.4456,15.3839],[99.4471,15.3763],[99.4456,15.3699],[99.4476,15.3645],[99.4365,15.3555],[99.4342,15.3519],[99.4349,15.3504],[99.4476,15.3578],[99.452,15.3578],[99.4537,15.3535],[99.4601,15.3487],[99.4602,15.3415],[99.4572,15.3366],[99.4525,15.3355],[99.4506,15.3301],[99.4516,15.3269],[99.449,15.325],[99.4426,15.3275],[99.4397,15.3269],[99.4396,15.3243],[99.4462,15.3218],[99.4482,15.3178],[99.4413,15.3186],[99.4369,15.3174],[99.436,15.3136],[99.4433,15.3088],[99.4474,15.3038],[99.4499,15.3051],[99.4534,15.3032],[99.4545,15.3045],[99.4581,15.3036],[99.4606,15.3082],[99.4625,15.3082],[99.4674,15.3021],[99.4682,15.2958],[99.466,15.2878],[99.456,15.272],[99.4493,15.2688],[99.4442,15.2735],[99.4402,15.2818],[99.4376,15.283],[99.4351,15.2794],[99.4285,15.2762],[99.4237,15.2704],[99.4183,15.272],[99.4174,15.2698],[99.4202,15.2645],[99.4196,15.2624],[99.4172,15.2606],[99.4141,15.2608],[99.412,15.2571],[99.4083,15.259],[99.4046,15.2585],[99.4026,15.2545],[99.4084,15.2509],[99.4105,15.2457],[99.4077,15.244],[99.4084,15.2407],[99.4062,15.242],[99.4053,15.2409],[99.4115,15.2329],[99.4167,15.2335],[99.4183,15.2316],[99.4203,15.232],[99.4214,15.2291],[99.419,15.2288],[99.419,15.2254],[99.3722,15.226],[99.3721,15.2318],[99.3685,15.2316],[99.368,15.2253],[99.3626,15.2257],[99.362,15.2282],[99.3601,15.228],[99.3602,15.1989],[99.3283,15.1996],[99.3202,15.2023],[99.3139,15.1986],[99.3034,15.195],[99.2972,15.1952],[99.2907,15.1923],[99.2822,15.1947],[99.2736,15.1945],[99.2689,15.1976],[99.2664,15.1969],[99.2517,15.1793],[99.2513,15.1769],[99.2617,15.1701],[99.2629,15.1674],[99.2575,15.1598],[99.2547,15.1518],[99.255,15.1489],[99.2603,15.1414],[99.2578,15.1229],[99.2642,15.1161],[99.2635,15.1005],[99.2612,15.0964],[99.2841,15.0954],[99.2891,15.0969],[99.3003,15.0941],[99.3084,15.0885],[99.318,15.0856],[99.3198,15.0809],[99.3193,15.0766],[99.3032,15.0623],[99.301,15.0554],[99.2889,15.0375],[99.2816,15.0182],[99.276,15.0134],[99.276,15.0045],[99.2828,14.9976],[99.2753,14.9912],[99.269,14.9897],[99.2609,14.9916],[99.2563,14.9876],[99.2523,14.9922],[99.2529,14.9948],[99.2504,14.9961],[99.2496,14.9994],[99.2352,15.0092],[99.2332,15.0125],[99.2286,15.0103],[99.2229,15.0115],[99.22,15.0098],[99.2176,15.0128],[99.2137,15.012],[99.2081,15.0145],[99.2038,15.0143],[99.2008,15.0183],[99.198,15.0189],[99.1927,15.0239],[99.1931,15.0264],[99.1899,15.0277],[99.1842,15.0264],[99.1802,15.0189],[99.1777,15.0171],[99.1724,15.0169],[99.1692,15.014],[99.162,15.0153],[99.1575,15.0179],[99.1565,15.0224],[99.1489,15.0238],[99.1449,15.0271],[99.1424,15.0349],[99.1353,15.0375],[99.1355,15.0407],[99.1378,15.0434],[99.1469,15.0473],[99.1432,15.0518],[99.13,15.0493],[99.1246,15.051],[99.1226,15.054],[99.1186,15.0548],[99.1141,15.0445],[99.111,15.0473],[99.1022,15.0442],[99.1012,15.0424],[99.0929,15.0425],[99.087,15.0393],[99.0809,15.0402],[99.0784,15.0386],[99.0734,15.0402],[99.0679,15.0475],[99.0566,15.0445],[99.0427,15.0457],[99.0376,15.0494],[99.0281,15.0496],[99.0246,15.0546],[99.0196,15.0549],[99.0187,15.058],[99.0137,15.062],[99.0086,15.0703],[98.9997,15.071],[99.0067,15.0784],[99.006,15.0797],[99.0085,15.0817],[99.0087,15.0843],[99.0119,15.0868],[99.0104,15.0938],[99.0065,15.0989],[99.0031,15.1025],[98.9999,15.1024],[98.9973,15.1049],[99.0009,15.1205],[98.9992,15.1241],[99.0002,15.1311],[99.0019,15.1329],[98.9993,15.1357],[99.0076,15.1444],[99.0032,15.1498],[99.0033,15.1532],[99.0006,15.1583],[99.0016,15.1621],[98.9992,15.1647],[98.9944,15.1652],[98.9892,15.1766],[98.984,15.18],[98.989,15.1869],[98.9917,15.1868],[98.9949,15.1837],[99.0023,15.1847],[99.0023,15.1931],[99.0066,15.1995],[99.0049,15.2032],[99.0085,15.2082],[99.005,15.2194],[99.0061,15.2275],[99.0087,15.2313],[99.0062,15.2386],[99.0119,15.2443],[99.0195,15.2462],[99.0199,15.2546],[99.0185,15.2573],[99.0195,15.2611],[99.0167,15.2653],[99.0212,15.27],[99.0238,15.2787],[99.0384,15.2885],[99.0376,15.2974],[99.0328,15.2987],[99.0311,15.3026],[99.0326,15.3181],[99.0313,15.3213],[99.0324,15.3246],[99.0308,15.3275],[99.0321,15.3325],[99.0311,15.3362],[99.0341,15.3408],[99.0431,15.3462],[99.0433,15.3515],[99.0465,15.3589],[99.0452,15.3622],[99.0466,15.3639],[99.0446,15.3672],[99.045,15.3735],[99.0435,15.3757],[99.0534,15.3788],[99.0604,15.3936],[99.0665,15.3923],[99.0698,15.3967],[99.0669,15.399],[99.0682,15.4023],[99.0676,15.4205],[99.0634,15.4233],[99.0642,15.4285],[99.0625,15.4373],[99.0588,15.4393],[99.062,15.4548],[99.0615,15.4607],[99.0651,15.4631],[99.0641,15.472],[99.0758,15.4875],[99.0785,15.4994],[99.0727,15.5117],[99.0624,15.5165],[99.055,15.5256],[99.0539,15.5409],[99.0505,15.5444],[99.048,15.5548],[99.0519,15.5654],[99.0562,15.568],[99.0542,15.5768],[99.0617,15.581],[99.0666,15.5801],[99.0677,15.5886],[99.0665,15.5911],[99.0528,15.5952],[99.0502,15.5995],[99.0494,15.6019],[99.0514,15.6073],[99.0493,15.6134],[99.051,15.6292],[99.0479,15.6418],[99.0515,15.645],[99.0523,15.6506],[99.0462,15.6528],[99.045,15.6516],[99.0391,15.6582],[99.0348,15.6582],[99.0351,15.6676],[99.0337,15.6682],[99.0359,15.6691],[99.0357,15.6716],[99.0383,15.6718],[99.0406,15.6741],[99.0396,15.6755],[99.0411,15.6806],[99.0431,15.6842],[99.0455,15.6837],[99.0443,15.6867],[99.056,15.6907],[99.059,15.6904],[99.0583,15.6932],[99.0635,15.6959],[99.0621,15.699],[99.067,15.7003],[99.0708,15.7058],[99.0713,15.7107],[99.0687,15.7147],[99.0609,15.7186],[99.0602,15.7214],[99.0628,15.7287],[99.0613,15.7351],[99.0576,15.7407],[99.0515,15.7448],[99.0512,15.7485],[99.0565,15.7538],[99.0613,15.7544],[99.0638,15.7608],[99.0718,15.7627],[99.0775,15.7609],[99.0832,15.7633],[99.085,15.7618],[99.0979,15.7662],[99.0998,15.7682],[99.1001,15.7735],[99.1064,15.788],[99.1077,15.7981],[99.1051,15.8021],[99.1105,15.8135],[99.1094,15.819],[99.1131,15.819],[99.1139,15.8172],[99.1237,15.8144],[99.1308,15.8071],[99.1337,15.7983],[99.1392,15.7965],[99.1473,15.797],[99.1496,15.793],[99.1577,15.7935],[99.1619,15.791],[99.1644,15.7878],[99.1638,15.7809],[99.1657,15.7782],[99.1741,15.7826],[99.1782,15.7812],[99.187,15.7836],[99.1902,15.7795],[99.2034,15.7813],[99.2135,15.7798],[99.2166,15.7666],[99.2204,15.7648],[99.2257,15.757],[99.228,15.7529],[99.2276,15.7482],[99.2319,15.7469],[99.2346,15.7478],[99.2386,15.7423],[99.2403,15.7374],[99.2393,15.7322],[99.2435,15.7278],[99.2455,15.7223],[99.2618,15.718],[99.2672,15.7194],[99.2705,15.7168],[99.2768,15.7165],[99.2834,15.7073],[99.2886,15.7038],[99.2903,15.6978],[99.2968,15.6929],[99.3133,15.6939],[99.3211,15.6889],[99.3331,15.6915],[99.3399,15.685],[99.3449,15.686],[99.3489,15.6827]]]}},{"type":"Feature","properties":{"id":2969425,"name":"\u0e2d\u0e38\u0e17\u0e22\u0e32\u0e19\u0e41\u0e2b\u0e48\u0e07\u0e0a\u0e32\u0e15\u0e34\u0e2b\u0e21\u0e39\u0e48\u0e40\u0e01\u0e32\u0e30\u0e2d\u0e48\u0e32\u0e07\u0e17\u0e2d\u0e07","name_en":"Mu Ko Ang Thong National Park","boundary":"national_park","protect_class":"2"},"geometry":{"type":"Polygon","coordinates":[[[99.6532,9.5643],[99.7173,9.5643],[99.7174,9.5054],[99.7039,9.5054],[99.6858,9.5288],[99.6532,9.5462],[99.6532,9.5643]]]}},{"type":"Feature","properties":{"id":2969526,"name":"\u0e2d\u0e38\u0e17\u0e22\u0e32\u0e19\u0e41\u0e2b\u0e48\u0e07\u0e0a\u0e32\u0e15\u0e34\u0e2b\u0e32\u0e14\u0e19\u0e1e\u0e23\u0e31\u0e15\u0e19\u0e4c\u0e18\u0e32\u0e23\u0e32-\u0e2b\u0e21\u0e39\u0e48\u0e40\u0e01\u0e32\u0e30\u0e1e\u0e35\u0e1e\u0e35","name_en":"Hat Noppharat Thara-Mu Ko Phi Phi National Park","boundary":"national_park","protect_class":"2"},"geometry":{"type":"Polygon","coordinates":[[[98.7945,8.045],[98.7971,8.0421],[98.7972,8.0447],[98.7995,8.046],[98.8112,8.0419],[98.8152,8.0393],[98.8159,8.0379],[98.8144,8.0373],[98.8161,8.035],[98.8267,8.0269],[98.8259,8.0293],[98.827,8.0302],[98.8321,8.03],[98.8394,8.0334],[98.8451,8.0312],[98.8416,8.034],[98.8435,8.0337],[98.8434,8.0364],[98.8446,8.0368],[98.8428,8.0382],[98.8445,8.0394],[98.846,8.0384],[98.8459,8.0421],[98.8476,8.0419],[98.8478,8.0383],[98.8507,8.0397],[98.854,8.037],[98.8524,8.0329],[98.8549,8.0322],[98.8556,8.0295],[98.8539,8.0252],[98.8575,8.0248],[98.8598,8.0282],[98.8621,8.0266],[98.8631,8.0292],[98.8653,8.0293],[98.8802,8.0206],[98.8851,8.0222],[98.8853,8.0249],[98.8888,8.0261],[98.8924,8.0305],[98.8952,8.0305],[98.8983,8.0376],[98.9022,8.0394],[98.9067,8.0449],[98.9062,8.0482],[98.9035,8.0514],[98.8922,8.0575],[98.888,8.0642],[98.8893,8.0664],[98.8915,8.0679],[98.8949,8.0672],[98.8951,8.0647],[98.8924,8.0622],[98.8941,8.0592],[98.9029,8.0629],[98.9037,8.0552],[98.91,8.0487],[98.9102,8.0463],[98.9134,8.0483],[98.9108,8.049],[98.9098,8.0558],[98.9143,8.0529],[98.9188,8.0543],[98.9188,8.0384],[98.9063,8.0386],[98.9053,7.9902],[98.8233,7.9905],[98.8231,7.917],[98.7352,7.9173],[98.7346,8.1251],[98.7445,8.1253],[98.7504,8.1316],[98.7538,8.1324],[98.7564,8.1303],[98.7524,8.1223],[98.7504,8.1208],[98.7483,8.1215],[98.7477,8.1155],[98.7456,8.1133],[98.747,8.1076],[98.7469,8.0905],[98.7429,8.0856],[98.7429,8.0817],[98.7396,8.0767],[98.7412,8.0782],[98.7444,8.0729],[98.7436,8.0657],[98.7484,8.0593],[98.7491,8.0548],[98.7614,8.0451],[98.7655,8.0362],[98.7642,8.0343],[98.7651,8.0235],[98.7689,8.0211],[98.7737,8.0242],[98.7718,8.0295],[98.7717,8.0393],[98.7736,8.042],[98.7722,8.0424],[98.7722,8.0478],[98.7778,8.0515],[98.7769,8.0527],[98.7824,8.0563],[98.7826,8.0579],[98.789,8.0562],[98.7984,8.0496],[98.7951,8.0474],[98.7967,8.0475],[98.7945,8.045]],[[98.765,7.7352],[98.7637,7.7361],[98.7637,7.7407],[98.769,7.7398],[98.7741,7.7442],[98.776,7.742],[98.7776,7.7434],[98.7784,7.7398],[98.7833,7.7359],[98.7841,7.7392],[98.7894,7.7392],[98.7886,7.7358],[98.7921,7.7313],[98.7922,7.7287],[98.7895,7.7266],[98.7838,7.7305],[98.782,7.7301],[98.7798,7.735],[98.7709,7.7385],[98.765,7.7352]]]}},{"type":"Feature","properties":{"id":2971173,"name":"\u0e40\u0e02\u0e15\u0e23\u0e31\u0e01\u0e29\u0e32\u0e1e\u0e31\u0e19\u0e18\u0e38\u0e4c\u0e2a\u0e31\u0e15\u0e27\u0e4c\u0e1b\u0e48\u0e32\u0e17\u0e38\u0e48\u0e07\u0e43\u0e2b\u0e0d\u0e48\u0e19\u0e40\u0e23\u0e28\u0e27\u0e23","name_en":"Thung Yai Naresuan Wildlife Sanctuary","boundary":"protected_area","protect_class":"1a"},"geometry":{"type":"Polygon","coordinates":[[[98.4267,15.3661],[98.4305,15.3677],[98.432,15.3638],[98.4354,15.3626],[98.4446,15.3643],[98.4483,15.3667],[98.4478,15.3694],[98.455,15.3681],[98.455,15.3707],[98.4498,15.3796],[98.4501,15.3832],[98.457,15.3853],[98.4597,15.385],[98.4613,15.3774],[98.4633,15.3751],[98.4709,15.3712],[98.4727,15.3755],[98.4813,15.3774],[98.4823,15.3798],[98.4809,15.3886],[98.4828,15.3916],[98.4897,15.3935],[98.4977,15.3885],[98.4989,15.3897],[98.5014,15.3884],[98.5011,15.3847],[98.5047,15.383],[98.5098,15.375],[98.5125,15.3789],[98.5157,15.379],[98.5182,15.3759],[98.5219,15.3744],[98.5243,15.3704],[98.5277,15.3721],[98.5375,15.371],[98.5417,15.363],[98.5477,15.3583],[98.5447,15.3538],[98.547,15.3495],[98.5496,15.3489],[98.5512,15.3449],[98.5509,15.3436],[98.5478,15.3432],[98.5477,15.3408],[98.5495,15.3376],[98.5571,15.3352],[98.5596,15.336],[98.5803,15.3756],[98.5844,15.4526],[98.6054,15.4329],[98.6111,15.4207],[98.6412,15.4051],[98.6465,15.4058],[98.6703,15.4183],[98.6737,15.4236],[98.6743,15.4286],[98.6726,15.4313],[98.6665,15.4333],[98.6471,15.4496],[98.6439,15.4598],[98.6443,15.4729],[98.6478,15.482],[98.6533,15.4903],[98.6589,15.4946],[98.6593,15.4978],[98.6542,15.4998],[98.6424,15.5096],[98.6321,15.5105],[98.6121,15.5076],[98.604,15.5116],[98.5966,15.5235],[98.5955,15.548],[98.5915,15.5771],[98.5893,15.5826],[98.5893,15.5901],[98.5833,15.6007],[98.5763,15.6195],[98.566,15.6342],[98.5578,15.6525],[98.5717,15.6545],[98.5758,15.6604],[98.5842,15.6602],[98.5881,15.6469],[98.5903,15.6444],[98.6003,15.6452],[98.6075,15.6411],[98.6133,15.6448],[98.6205,15.6401],[98.6268,15.6386],[98.6224,15.6301],[98.6268,15.6262],[98.6323,15.6276],[98.6324,15.6296],[98.6367,15.6326],[98.6403,15.6381],[98.6435,15.6366],[98.6524,15.6371],[98.6582,15.6337],[98.665,15.6332],[98.6825,15.6274],[98.6891,15.627],[98.7048,15.6336],[98.7059,15.6387],[98.7144,15.6331],[98.7189,15.6263],[98.7232,15.6278],[98.729,15.6265],[98.7315,15.6293],[98.7335,15.6285],[98.7342,15.6256],[98.7325,15.6225],[98.7364,15.6169],[98.7383,15.6178],[98.738,15.6216],[98.7432,15.6201],[98.7501,15.6242],[98.7547,15.6223],[98.7554,15.6241],[98.7533,15.6279],[98.7552,15.6327],[98.7559,15.6433],[98.7543,15.6454],[98.7546,15.6479],[98.7626,15.653],[98.7645,15.6554],[98.7642,15.6588],[98.7805,15.6776],[98.8224,15.6916],[98.842,15.7142],[98.8449,15.7158],[98.8515,15.7168],[98.858,15.7115],[98.8663,15.713],[98.871,15.7201],[98.8735,15.7204],[98.9099,15.7189],[98.9296,15.716],[98.9757,15.7173],[98.9836,15.7193],[98.9942,15.7173],[98.9981,15.7186],[98.9993,15.7222],[98.9982,15.7309],[99.004,15.7428],[99.007,15.7424],[99.0089,15.7389],[99.0168,15.7388],[99.0212,15.7363],[99.0253,15.7394],[99.0334,15.7389],[99.035,15.7423],[99.0393,15.7454],[99.0473,15.7484],[99.0482,15.7478],[99.0469,15.7466],[99.0576,15.7407],[99.0613,15.7351],[99.0628,15.7287],[99.0602,15.7214],[99.0609,15.7186],[99.0687,15.7147],[99.0713,15.7107],[99.0708,15.7058],[99.067,15.7003],[99.0621,15.699],[99.0635,15.6959],[99.0583,15.6932],[99.059,15.6904],[99.056,15.6907],[99.0443,15.6867],[99.0455,15.6837],[99.0431,15.6842],[99.0411,15.6806],[99.0396,15.6755],[99.0406,15.6741],[99.0383,15.6718],[99.0357,15.6716],[99.0359,15.6691],[99.0337,15.6682],[99.0351,15.6676],[99.0348,15.6582],[99.0391,15.6582],[99.045,15.6516],[99.0462,15.6528],[99.0523,15.6506],[99.0515,15.645],[99.0479,15.6418],[99.051,15.6292],[99.0493,15.6134],[99.0514,15.6073],[99.0494,15.6019],[99.0502,15.5995],[99.0528,15.5952],[99.0665,15.5911],[99.0677,15.5886],[99.0666,15.5801],[99.0617,15.581],[99.0542,15.5768],[99.0562,15.568],[99.0519,15.5654],[99.048,15.5548],[99.0505,15.5444],[99.0539,15.5409],[99.055,15.5256],[99.0624,15.5165],[99.0727,15.5117],[99.0785,15.4994],[99.0758,15.4875],[99.0641,15.472],[99.0651,15.4631],[99.0615,15.4607],[99.062,15.4548],[99.0588,15.4393],[99.0625,15.4373],[99.0642,15.4285],[99.0634,15.4233],[99.0676,15.4205],[99.0682,15.4023],[99.0669,15.399],[99.0698,15.3967],[99.0665,15.3923],[99.0604,15.3936],[99.0534,15.3788],[99.0435,15.3757],[99.045,15.3735],[99.0446,15.3672],[99.0466,15.3639],[99.0452,15.3622],[99.0465,15.3589],[99.0433,15.3515],[99.0431,15.3462],[99.0341,15.3408],[99.0311,15.3362],[99.0321,15.3325],[99.0308,15.3275],[99.0324,15.3246],[99.0313,15.3213],[99.0326,15.3181],[99.0311,15.3026],[99.0328,15.2987],[99.0376,15.2974],[99.0384,15.2885],[99.0238,15.2787],[99.0212,15.27],[99.0167,15.2653],[99.0195,15.2611],[99.0185,15.2573],[99.0199,15.2546],[99.0195,15.2462],[99.0119,15.2443],[99.0062,15.2386],[99.0087,15.2313],[99.0061,15.2275],[99.005,15.2194],[99.0085,15.2082],[99.0049,15.2032],[99.0066,15.1995],[99.0023,15.1931],[99.0023,15.1847],[98.9949,15.1837],[98.9917,15.1868],[98.989,15.1869],[98.984,15.18],[98.9892,15.1766],[98.9944,15.1652],[98.9992,15.1647],[99.0016,15.1621],[99.0006,15.1583],[99.0033,15.1532],[99.0032,15.1498],[99.0076,15.1444],[98.9993,15.1357],[99.0019,15.1329],[99.0002,15.1311],[98.9992,15.1241],[99.0009,15.1205],[98.9973,15.1049],[98.9999,15.1024],[99.0031,15.1025],[99.0065,15.0989],[99.0104,15.0938],[99.0119,15.0868],[99.0087,15.0843],[99.0085,15.0817],[99.006,15.0797],[99.0067,15.0784],[98.9997,15.071],[99.0003,15.0594],[98.9934,15.0339],[98.9866,15.0266],[98.9775,15.0246],[98.9762,15.0225],[98.9772,15.018],[98.9691,14.9985],[98.9643,14.9984],[98.9636,14.9949],[98.96,14.9944],[98.9561,14.9999],[98.9515,15.003],[98.9441,15.0009],[98.9418,15.0043],[98.9181,15.0027],[98.9104,14.9963],[98.9058,14.9969],[98.9061,15.0019],[98.9044,15.0045],[98.8882,15.0059],[98.8861,15.0056],[98.8832,15.0005],[98.8745,14.9941],[98.8645,14.9913],[98.8578,14.9957],[98.8575,14.9986],[98.8526,15.0012],[98.8503,14.9991],[98.8428,15.0002],[98.8354,15.0049],[98.8301,14.9972],[98.8307,14.9838],[98.8296,14.9807],[98.8266,14.9753],[98.8192,14.9685],[98.8172,14.9564],[98.81,14.9435],[98.8048,14.9383],[98.8019,14.9364],[98.7936,14.9419],[98.7724,14.9434],[98.7418,14.9724],[98.7355,14.9821],[98.7333,14.9887],[98.7305,15.0125],[98.7316,15.0199],[98.7299,15.0238],[98.7309,15.0267],[98.7345,15.0274],[98.7438,15.0252],[98.7478,15.0267],[98.7504,15.0294],[98.7487,15.0371],[98.7397,15.0432],[98.7294,15.0555],[98.7297,15.0633],[98.7255,15.0727],[98.7037,15.0845],[98.7015,15.0924],[98.698,15.098],[98.6827,15.1136],[98.6807,15.1314],[98.6773,15.1372],[98.6681,15.1462],[98.6493,15.1501],[98.6431,15.1564],[98.6289,15.1603],[98.6268,15.1583],[98.6285,15.1542],[98.6262,15.1527],[98.6223,15.1527],[98.6131,15.1481],[98.6077,15.1521],[98.6056,15.152],[98.6029,15.1486],[98.5999,15.1528],[98.6023,15.1559],[98.6018,15.1578],[98.5878,15.1609],[98.5819,15.166],[98.577,15.1651],[98.5739,15.1681],[98.5739,15.1719],[98.5684,15.1672],[98.5657,15.1678],[98.561,15.1722],[98.5578,15.1688],[98.547,15.1647],[98.5449,15.1616],[98.5478,15.1564],[98.547,15.1515],[98.5404,15.151],[98.5398,15.1472],[98.5376,15.1468],[98.5337,15.1424],[98.5349,15.141],[98.5335,15.1391],[98.5207,15.138],[98.5182,15.1423],[98.5189,15.1456],[98.5173,15.1487],[98.51,15.1518],[98.5056,15.1571],[98.5039,15.1655],[98.496,15.1789],[98.4916,15.1903],[98.4842,15.2001],[98.4815,15.2089],[98.4788,15.212],[98.4732,15.2148],[98.4645,15.224],[98.4635,15.2282],[98.4616,15.2284],[98.4633,15.2305],[98.4596,15.2299],[98.4576,15.2256],[98.455,15.2258],[98.4591,15.2312],[98.4537,15.2308],[98.4574,15.2373],[98.4561,15.2409],[98.4572,15.2428],[98.4565,15.2499],[98.4545,15.2506],[98.4546,15.2524],[98.4564,15.2524],[98.4577,15.2586],[98.4596,15.2598],[98.4599,15.2775],[98.4525,15.2873],[98.4518,15.2958],[98.4447,15.3004],[98.4415,15.3112],[98.4318,15.317],[98.4302,15.3273],[98.428,15.3301],[98.4293,15.3436],[98.4272,15.352],[98.4267,15.3661]]]}},{"type":"Feature","properties":{"id":2971358,"name":"\u0e2d\u0e38\u0e17\u0e22\u0e32\u0e19\u0e41\u0e2b\u0e48\u0e07\u0e0a\u0e32\u0e15\u0e34\u0e40\u0e02\u0e32\u0e43\u0e2b\u0e0d\u0e48","name_en":"Khao Yai National Park","boundary":"national_park","protect_class":"2"},"geometry":{"type":"Polygon","coordinates":[[[101.8071,14.3636],[101.7823,14.3594],[101.7802,14.3615],[101.7668,14.3647],[101.7599,14.3586],[101.7084,14.3581],[101.6973,14.3596],[101.6845,14.375],[101.6691,14.3892],[101.666,14.4018],[101.6616,14.411],[101.6322,14.4296],[101.6205,14.4635],[101.6122,14.4695],[101.594,14.4671],[101.5839,14.4692],[101.5749,14.4663],[101.5597,14.4684],[101.557,14.4741],[101.5456,14.4762],[101.5366,14.4751],[101.5374,14.4793],[101.5309,14.4811],[101.5219,14.48],[101.5166,14.4898],[101.5052,14.4974],[101.4856,14.5013],[101.4689,14.5028],[101.4525,14.5017],[101.4481,14.499],[101.4337,14.5071],[101.4239,14.5071],[101.4208,14.503],[101.413,14.5082],[101.4055,14.5075],[101.4035,14.5099],[101.3957,14.5102],[101.3869,14.51],[101.3821,14.5062],[101.375,14.5181],[101.3723,14.5178],[101.3719,14.5217],[101.3682,14.5234],[101.3656,14.5215],[101.3605,14.5292],[101.3555,14.5305],[101.3518,14.534],[101.3365,14.5362],[101.3289,14.542],[101.3179,14.5468],[101.3047,14.547],[101.3043,14.5494],[101.2947,14.5473],[101.273,14.5535],[101.2675,14.5537],[101.2573,14.5594],[101.2519,14.557],[101.2555,14.5554],[101.2603,14.5384],[101.2607,14.5304],[101.2534,14.5273],[101.2482,14.5227],[101.2406,14.5246],[101.2391,14.529],[101.2358,14.5305],[101.2374,14.5333],[101.2402,14.5338],[101.2403,14.5395],[101.2354,14.5478],[101.2356,14.5552],[101.2309,14.5591],[101.2321,14.5614],[101.227,14.5651],[101.2208,14.5737],[101.2136,14.5746],[101.2004,14.5708],[101.1996,14.5684],[101.2012,14.565],[101.198,14.565],[101.1966,14.5619],[101.1938,14.5614],[101.1948,14.5536],[101.1908,14.5547],[101.1879,14.551],[101.1849,14.5516],[101.1814,14.5473],[101.1828,14.5445],[101.181,14.5442],[101.184,14.5391],[101.1847,14.5358],[101.1834,14.5347],[101.1902,14.5282],[101.1951,14.5312],[101.1972,14.5252],[101.2108,14.5196],[101.2108,14.5147],[101.2156,14.5088],[101.2049,14.498],[101.2062,14.4963],[101.2046,14.4934],[101.2082,14.4934],[101.2073,14.49],[101.2121,14.4891],[101.2114,14.4854],[101.2067,14.4814],[101.1997,14.4812],[101.1969,14.4847],[101.1951,14.496],[101.193,14.4963],[101.1858,14.5032],[101.1824,14.5046],[101.1825,14.5018],[101.1791,14.5029],[101.1751,14.4932],[101.173,14.4927],[101.1721,14.4874],[101.167,14.4776],[101.1683,14.4754],[101.1665,14.4718],[101.1615,14.4711],[101.1603,14.4669],[101.1562,14.4648],[101.1556,14.4623],[101.1584,14.4546],[101.1537,14.4495],[101.1556,14.4488],[101.1546,14.4474],[101.1557,14.4421],[101.1579,14.4422],[101.1534,14.4383],[101.1551,14.431],[101.153,14.4244],[101.1504,14.423],[101.1458,14.4106],[101.143,14.4085],[101.1394,14.4001],[101.1318,14.3945],[101.1267,14.3872],[101.1286,14.3848],[101.1273,14.3831],[101.1312,14.3774],[101.139,14.3744],[101.1465,14.3739],[101.151,14.3703],[101.1576,14.3583],[101.1563,14.3544],[101.1575,14.3475],[101.1639,14.3451],[101.1657,14.3424],[101.1659,14.3447],[101.1714,14.3433],[101.1797,14.3326],[101.1839,14.3304],[101.1857,14.3347],[101.1842,14.3442],[101.1878,14.3434],[101.1935,14.3372],[101.1999,14.3342],[101.203,14.3347],[101.203,14.3425],[101.2056,14.3425],[101.2098,14.3351],[101.2064,14.3319],[101.2037,14.3316],[101.2055,14.3199],[101.2105,14.3166],[101.2123,14.3084],[101.2135,14.3115],[101.2117,14.3189],[101.2136,14.3207],[101.2173,14.3207],[101.2197,14.3254],[101.2186,14.3288],[101.222,14.3289],[101.2212,14.3151],[101.2236,14.307],[101.227,14.3066],[101.2321,14.301],[101.23,14.2981],[101.231,14.2976],[101.2308,14.2887],[101.233,14.2846],[101.2391,14.281],[101.2395,14.2836],[101.246,14.2839],[101.2445,14.2872],[101.251,14.288],[101.2482,14.2845],[101.2529,14.2774],[101.2481,14.2762],[101.2476,14.2749],[101.2491,14.2743],[101.246,14.2731],[101.2484,14.2682],[101.2561,14.2658],[101.2585,14.2685],[101.2535,14.2732],[101.2539,14.275],[101.2589,14.2743],[101.265,14.2783],[101.2622,14.2876],[101.2666,14.2871],[101.271,14.2831],[101.2753,14.2861],[101.2668,14.2963],[101.2685,14.297],[101.2668,14.3],[101.2585,14.3031],[101.2553,14.3086],[101.258,14.3059],[101.2626,14.3063],[101.2684,14.3039],[101.2693,14.3051],[101.2759,14.3003],[101.2786,14.3019],[101.2829,14.2955],[101.2847,14.2986],[101.2852,14.3065],[101.2824,14.3068],[101.2806,14.3132],[101.2747,14.3169],[101.2719,14.322],[101.2598,14.3308],[101.256,14.3361],[101.2674,14.3317],[101.2787,14.3234],[101.2806,14.3275],[101.2821,14.326],[101.2867,14.3264],[101.2897,14.3249],[101.2909,14.3262],[101.2882,14.3323],[101.2754,14.3464],[101.2723,14.3552],[101.2689,14.3586],[101.2699,14.3601],[101.2685,14.3628],[101.2702,14.364],[101.2703,14.3592],[101.2739,14.3553],[101.2752,14.3504],[101.2917,14.3334],[101.2966,14.3321],[101.3024,14.3268],[101.3067,14.3368],[101.3072,14.3255],[101.3131,14.3234],[101.3146,14.3244],[101.3143,14.3262],[101.3164,14.3268],[101.316,14.3282],[101.3188,14.3279],[101.3202,14.3295],[101.3197,14.3252],[101.3229,14.3216],[101.3231,14.3203],[101.3173,14.3205],[101.3136,14.3162],[101.3154,14.3159],[101.3174,14.3189],[101.3199,14.319],[101.3356,14.3119],[101.3346,14.3059],[101.3383,14.2983],[101.3337,14.3003],[101.3322,14.2995],[101.3326,14.2976],[101.3265,14.2962],[101.3269,14.2941],[101.3248,14.292],[101.3216,14.2953],[101.3196,14.2941],[101.3246,14.2844],[101.3182,14.2933],[101.3092,14.2961],[101.3179,14.2862],[101.3186,14.2817],[101.317,14.2764],[101.3188,14.2736],[101.3209,14.2739],[101.3247,14.2702],[101.3242,14.2676],[101.3207,14.2686],[101.3212,14.2667],[101.3174,14.2681],[101.3166,14.2673],[101.3188,14.2633],[101.3149,14.2626],[101.3154,14.2652],[101.3142,14.2657],[101.3085,14.2632],[101.3048,14.2634],[101.3001,14.2663],[101.2985,14.2698],[101.2968,14.266],[101.3023,14.2623],[101.3049,14.2621],[101.306,14.2574],[101.2966,14.2589],[101.2919,14.2618],[101.2871,14.2626],[101.2855,14.2623],[101.2847,14.2597],[101.2859,14.2568],[101.2891,14.2563],[101.2888,14.2542],[101.2919,14.253],[101.2931,14.2504],[101.2951,14.2505],[101.297,14.2548],[101.2979,14.252],[101.3004,14.2521],[101.3011,14.2499],[101.2991,14.2471],[101.301,14.2459],[101.3032,14.2471],[101.3015,14.2508],[101.3025,14.2526],[101.3071,14.2507],[101.3103,14.2526],[101.3129,14.2504],[101.3122,14.247],[101.3139,14.2457],[101.3229,14.2492],[101.3237,14.241],[101.3207,14.2438],[101.318,14.2414],[101.3189,14.2402],[101.317,14.2371],[101.3187,14.2292],[101.3166,14.2275],[101.3185,14.2265],[101.3181,14.2233],[101.3189,14.2215],[101.3215,14.221],[101.3219,14.2183],[101.3259,14.2179],[101.3293,14.2151],[101.3336,14.2209],[101.3386,14.2234],[101.3435,14.2234],[101.3436,14.2279],[101.3412,14.2293],[101.3415,14.2338],[101.3437,14.2357],[101.3439,14.2384],[101.348,14.2357],[101.3539,14.2357],[101.3562,14.2379],[101.3554,14.2408],[101.3611,14.2365],[101.3617,14.234],[101.3661,14.2335],[101.3676,14.2312],[101.3665,14.2287],[101.3678,14.228],[101.3721,14.2292],[101.3744,14.228],[101.3775,14.2307],[101.3792,14.2291],[101.3817,14.2311],[101.3816,14.233],[101.384,14.2336],[101.388,14.2297],[101.3881,14.233],[101.393,14.2339],[101.3948,14.2323],[101.3938,14.2298],[101.4059,14.2245],[101.4126,14.2252],[101.4163,14.2293],[101.4165,14.2246],[101.4184,14.2228],[101.4074,14.2146],[101.4084,14.2128],[101.4003,14.2012],[101.4064,14.1931],[101.4053,14.1834],[101.4085,14.1808],[101.4151,14.1843],[101.4169,14.1792],[101.416,14.1758],[101.4226,14.172],[101.4219,14.1675],[101.4275,14.1652],[101.4282,14.1674],[101.438,14.1646],[101.4588,14.169],[101.4657,14.1676],[101.4682,14.1807],[101.4659,14.1829],[101.472,14.1845],[101.4798,14.1799],[101.4834,14.18],[101.5006,14.1841],[101.5111,14.1878],[101.5113,14.194],[101.513,14.1945],[101.5322,14.1856],[101.5452,14.1833],[101.5557,14.1785],[101.5653,14.1784],[101.5651,14.1808],[101.5683,14.1796],[101.5679,14.1764],[101.5867,14.163],[101.5863,14.1611],[101.5956,14.1587],[101.5958,14.157],[101.5927,14.1563],[101.5913,14.1503],[101.6042,14.1483],[101.611,14.1382],[101.6251,14.1298],[101.6253,14.1183],[101.635,14.1087],[101.6386,14.1088],[101.6416,14.1064],[101.6401,14.1027],[101.6454,14.1022],[101.6486,14.0974],[101.6539,14.0957],[101.6563,14.0975],[101.6572,14.0933],[101.6635,14.0884],[101.6638,14.0821],[101.6691,14.0773],[101.6774,14.0799],[101.6797,14.0832],[101.6876,14.0877],[101.6911,14.099],[101.6871,14.1036],[101.6718,14.1107],[101.6743,14.1146],[101.6825,14.1175],[101.681,14.124],[101.6823,14.1256],[101.6943,14.1197],[101.697,14.1233],[101.6927,14.1263],[101.6906,14.132],[101.6948,14.1386],[101.7075,14.1364],[101.7133,14.1379],[101.7113,14.1471],[101.7061,14.1479],[101.7033,14.1506],[101.7123,14.1553],[101.7276,14.1576],[101.7355,14.1548],[101.7389,14.1559],[101.7444,14.1656],[101.7612,14.1676],[101.7632,14.173],[101.7708,14.174],[101.7829,14.1697],[101.7953,14.1703],[101.8092,14.1761],[101.8185,14.1771],[101.8244,14.18],[101.8385,14.1731],[101.8398,14.1697],[101.8381,14.1636],[101.8489,14.1511],[101.8556,14.1524],[101.8774,14.1679],[101.8807,14.1683],[101.8812,14.1655],[101.884,14.1652],[101.8878,14.1691],[101.8954,14.1677],[101.8955,14.178],[101.8913,14.1829],[101.8941,14.1949],[101.8899,14.1986],[101.8896,14.2035],[101.8872,14.2074],[101.8912,14.2155],[101.8903,14.226],[101.8747,14.2388],[101.8649,14.2495],[101.8579,14.2675],[101.8637,14.277],[101.8757,14.2723],[101.8774,14.278],[101.8686,14.2806],[101.8675,14.2833],[101.8684,14.2933],[101.8503,14.3118],[101.8384,14.3154],[101.8326,14.3259],[101.8306,14.333],[101.821,14.3447],[101.8209,14.3486],[101.8282,14.3556],[101.8294,14.3615],[101.8202,14.3682],[101.8071,14.3636]],[[101.3785,14.3572],[101.3761,14.3546],[101.3738,14.3545],[101.3785,14.3572]]]}},{"type":"Feature","properties":{"id":3263607,"name":"\u0e2d\u0e38\u0e17\u0e22\u0e32\u0e19\u0e41\u0e2b\u0e48\u0e07\u0e0a\u0e32\u0e15\u0e34\u0e2b\u0e21\u0e39\u0e48\u0e40\u0e01\u0e32\u0e30\u0e2a\u0e34\u0e21\u0e34\u0e25\u0e31\u0e19","name_en":"Mu Ko Similan National Park","boundary":"national_park","protect_class":"2"},"geometry":{"type":"Polygon","coordinates":[[[97.7906,8.8353],[97.8145,8.8351],[97.8144,8.8156],[97.7904,8.8157],[97.7906,8.8353]]]}},{"type":"Feature","properties":{"id":3277604,"name":"\u0e2d\u0e38\u0e17\u0e22\u0e32\u0e19\u0e41\u0e2b\u0e48\u0e07\u0e0a\u0e32\u0e15\u0e34\u0e40\u0e02\u0e32\u0e41\u0e2b\u0e25\u0e21\u0e2b\u0e0d\u0e49\u0e32-\u0e2b\u0e21\u0e39\u0e48\u0e40\u0e01\u0e32\u0e30\u0e40\u0e2a\u0e21\u0e47\u0e14","name_en":"Khao Laem Ya-Mu Ko Samet National Park","boundary":"national_park","protect_class":"2"},"geometry":{"type":"Polygon","coordinates":[[[101.5555,12.564],[101.5829,12.5636],[101.5827,12.5453],[101.5554,12.5457],[101.5555,12.564]],[[101.4652,12.5733],[101.4647,12.5751],[101.4589,12.5742],[101.4533,12.5781],[101.4506,12.5827],[101.45,12.5791],[101.4534,12.5759],[101.4572,12.5735],[101.4619,12.5739],[101.4637,12.5723],[101.4652,12.5733]]]}},{"type":"Feature","properties":{"id":3280782,"name":"\u0e2d\u0e38\u0e17\u0e22\u0e32\u0e19\u0e41\u0e2b\u0e48\u0e07\u0e0a\u0e32\u0e15\u0e34\u0e40\u0e02\u0e32\u0e41\u0e2b\u0e25\u0e21","name_en":"Khao Laem National Park","boundary":"national_park","protect_class":"2"},"geometry":{"type":"Polygon","coordinates":[[[98.591,14.7997],[98.5877,14.8014],[98.5823,14.7977],[98.5795,14.7937],[98.5778,14.7948],[98.5785,14.7973],[98.5803,14.796],[98.5808,14.7987],[98.5758,14.7983],[98.5754,14.7996],[98.5764,14.8046],[98.5815,14.8071],[98.5812,14.8135],[98.5682,14.8332],[98.5655,14.8334],[98.5651,14.8354],[98.5604,14.8371],[98.5625,14.839],[98.5591,14.8393],[98.5605,14.841],[98.558,14.841],[98.5593,14.8428],[98.5568,14.8422],[98.5581,14.8444],[98.5568,14.8446],[98.5645,14.8497],[98.5653,14.8588],[98.5694,14.8596],[98.5736,14.8564],[98.5782,14.8594],[98.5759,14.8678],[98.5725,14.8696],[98.572,14.874],[98.5684,14.8791],[98.5731,14.8844],[98.5813,14.8843],[98.5882,14.8795],[98.5991,14.8848],[98.6026,14.8901],[98.6127,14.8908],[98.6171,14.8925],[98.6176,14.8954],[98.6111,14.9039],[98.6101,14.9128],[98.6072,14.919],[98.608,14.9249],[98.6108,14.9301],[98.6198,14.9276],[98.6293,14.9282],[98.6387,14.9307],[98.6414,14.934],[98.6581,14.9359],[98.6621,14.9348],[98.6684,14.9289],[98.6744,14.9308],[98.6772,14.9356],[98.6793,14.9357],[98.6834,14.9318],[98.69,14.9297],[98.696,14.9367],[98.7033,14.9378],[98.7054,14.9371],[98.712,14.928],[98.7209,14.9251],[98.7256,14.9264],[98.7282,14.9307],[98.7324,14.9323],[98.7399,14.9273],[98.7467,14.9264],[98.7501,14.9303],[98.7517,14.9355],[98.7541,14.9552],[98.7558,14.9572],[98.7551,14.9596],[98.7418,14.9724],[98.7355,14.9821],[98.7333,14.9887],[98.7305,15.0125],[98.7316,15.0199],[98.7299,15.0238],[98.7309,15.0267],[98.7345,15.0274],[98.7438,15.0252],[98.7478,15.0267],[98.7504,15.0294],[98.7504,15.0326],[98.7487,15.0371],[98.7397,15.0432],[98.7294,15.0555],[98.7297,15.0633],[98.7255,15.0727],[98.7092,15.0822],[98.7052,15.0828],[98.698,15.098],[98.6827,15.1136],[98.6807,15.1314],[98.6773,15.1372],[98.6652,15.1476],[98.6493,15.1501],[98.6431,15.1564],[98.6289,15.1603],[98.6268,15.1583],[98.6285,15.1542],[98.6262,15.1527],[98.6223,15.1527],[98.6131,15.1481],[98.6077,15.1521],[98.6056,15.152],[98.6029,15.1486],[98.5999,15.1528],[98.6023,15.1559],[98.6018,15.1578],[98.5878,15.1609],[98.5819,15.166],[98.577,15.1651],[98.5739,15.1681],[98.5739,15.1719],[98.5684,15.1672],[98.5657,15.1678],[98.561,15.1722],[98.5578,15.1688],[98.547,15.1647],[98.5449,15.1616],[98.5478,15.1564],[98.547,15.1515],[98.5404,15.151],[98.5398,15.1472],[98.5376,15.1468],[98.5337,15.1424],[98.5349,15.141],[98.5335,15.1391],[98.5207,15.138],[98.5182,15.1423],[98.5189,15.1456],[98.5162,15.1494],[98.5167,15.1416],[98.5152,15.1413],[98.5166,15.1396],[98.5146,15.1344],[98.5111,15.1351],[98.5107,15.1334],[98.5071,15.1314],[98.5047,15.1344],[98.5031,15.1316],[98.4988,15.1309],[98.4973,15.128],[98.4933,15.1284],[98.4903,15.1259],[98.4864,15.127],[98.4857,15.1308],[98.483,15.1334],[98.484,15.1373],[98.4881,15.1382],[98.4829,15.1383],[98.4837,15.1444],[98.4809,15.1372],[98.4778,15.1382],[98.4762,15.1365],[98.4768,15.1339],[98.475,15.1339],[98.4739,15.1369],[98.4749,15.1408],[98.4736,15.1427],[98.4747,15.1436],[98.4733,15.1455],[98.4751,15.1474],[98.4726,15.15],[98.474,15.1548],[98.473,15.1559],[98.4788,15.1549],[98.477,15.1568],[98.4782,15.1582],[98.4765,15.1604],[98.4727,15.1563],[98.4709,15.1573],[98.4686,15.1595],[98.4663,15.1682],[98.4618,15.161],[98.462,15.1594],[98.4649,15.1592],[98.4629,15.1575],[98.4649,15.1544],[98.4639,15.1411],[98.4619,15.1396],[98.4639,15.1322],[98.4633,15.1277],[98.4601,15.1256],[98.4585,15.1276],[98.4593,15.1395],[98.4619,15.1414],[98.4591,15.1467],[98.4602,15.1414],[98.4581,15.1404],[98.4577,15.1415],[98.4562,15.1405],[98.4514,15.145],[98.4451,15.1447],[98.4485,15.1421],[98.4495,15.1435],[98.4544,15.1416],[98.4556,15.138],[98.4544,15.1375],[98.4538,15.1391],[98.452,15.1381],[98.4499,15.1358],[98.453,15.1376],[98.4519,15.1322],[98.45,15.1324],[98.4553,15.1228],[98.4462,15.1282],[98.4406,15.1221],[98.4404,15.1244],[98.4384,15.1256],[98.4385,15.129],[98.4381,15.1258],[98.4352,15.1277],[98.4359,15.1295],[98.435,15.1278],[98.4321,15.1291],[98.4297,15.128],[98.4296,15.1302],[98.4291,15.1284],[98.4282,15.1298],[98.4258,15.1289],[98.4248,15.1306],[98.4256,15.1289],[98.4237,15.1294],[98.4232,15.1239],[98.4201,15.128],[98.4168,15.1272],[98.416,15.1255],[98.4139,15.1278],[98.4138,15.1309],[98.41,15.1305],[98.4082,15.1294],[98.4104,15.1271],[98.4087,15.1268],[98.41,15.1262],[98.4086,15.1257],[98.409,15.1242],[98.4063,15.1253],[98.4073,15.1217],[98.4021,15.1229],[98.4055,15.1195],[98.402,15.1158],[98.4004,15.1165],[98.4018,15.1126],[98.3918,15.1081],[98.3864,15.1112],[98.3861,15.1138],[98.3818,15.1184],[98.3747,15.1221],[98.3766,15.1272],[98.3737,15.1265],[98.3737,15.1281],[98.3686,15.1304],[98.3688,15.1351],[98.362,15.1328],[98.3613,15.1264],[98.3602,15.1283],[98.3573,15.1283],[98.3598,15.1326],[98.3575,15.1319],[98.3555,15.1335],[98.3517,15.1276],[98.3472,15.1281],[98.3451,15.1306],[98.344,15.1275],[98.3433,15.1295],[98.3302,15.1227],[98.3252,15.1165],[98.3275,15.1128],[98.3299,15.0945],[98.3263,15.0919],[98.3264,15.0859],[98.318,15.0863],[98.3177,15.0791],[98.3212,15.0654],[98.3198,15.0524],[98.3084,15.0398],[98.306,15.0317],[98.3075,15.0248],[98.3004,15.0168],[98.3024,15.0147],[98.3154,15.0117],[98.3168,15.0079],[98.3222,15.0046],[98.3233,14.9884],[98.3215,14.9839],[98.3254,14.9715],[98.327,14.9512],[98.3354,14.9489],[98.3465,14.9328],[98.352,14.9312],[98.348,14.9272],[98.3511,14.9238],[98.3483,14.9188],[98.3521,14.9175],[98.3497,14.9143],[98.3479,14.9074],[98.3397,14.9028],[98.3399,14.9003],[98.3434,14.8979],[98.3404,14.8976],[98.3389,14.8942],[98.3333,14.8969],[98.3304,14.8952],[98.3269,14.889],[98.3231,14.8909],[98.3166,14.8901],[98.3139,14.8847],[98.3145,14.8824],[98.3196,14.8777],[98.3196,14.8738],[98.3238,14.8649],[98.3265,14.8374],[98.3306,14.8337],[98.3351,14.8335],[98.338,14.829],[98.344,14.8298],[98.3481,14.8288],[98.3501,14.8258],[98.3514,14.8281],[98.3553,14.8256],[98.3565,14.8223],[98.3583,14.8222],[98.3565,14.818],[98.358,14.8157],[98.3601,14.8174],[98.3604,14.8152],[98.3618,14.8162],[98.3611,14.8185],[98.3634,14.8185],[98.3656,14.822],[98.3706,14.821],[98.37,14.8191],[98.3725,14.8186],[98.3727,14.8158],[98.3776,14.8156],[98.3771,14.8104],[98.3755,14.8111],[98.3741,14.8096],[98.385,14.799],[98.3833,14.7969],[98.3834,14.7998],[98.3766,14.7978],[98.3793,14.7957],[98.3777,14.7937],[98.3808,14.7935],[98.3811,14.7896],[98.3851,14.785],[98.3838,14.7814],[98.3804,14.7818],[98.3805,14.7777],[98.3826,14.7783],[98.3826,14.7735],[98.3861,14.7721],[98.3887,14.7741],[98.3889,14.77],[98.3919,14.769],[98.3924,14.7631],[98.3949,14.7608],[98.3903,14.7612],[98.3949,14.7552],[98.3916,14.7531],[98.3925,14.7516],[98.403,14.7478],[98.4145,14.7501],[98.4176,14.7439],[98.4255,14.7425],[98.4356,14.7435],[98.4338,14.7457],[98.4355,14.7468],[98.4373,14.7455],[98.438,14.75],[98.4366,14.7496],[98.4367,14.7509],[98.4391,14.7564],[98.4419,14.7528],[98.4443,14.7563],[98.4497,14.7544],[98.4539,14.7567],[98.4502,14.7591],[98.4496,14.7623],[98.4521,14.7645],[98.4505,14.7658],[98.4485,14.7634],[98.4478,14.7649],[98.4499,14.7673],[98.4563,14.7681],[98.4515,14.7717],[98.4517,14.7846],[98.4511,14.7862],[98.4487,14.786],[98.4489,14.7889],[98.4469,14.7905],[98.4501,14.7938],[98.4518,14.7906],[98.4546,14.7908],[98.4558,14.7955],[98.452,14.8034],[98.4538,14.8041],[98.4558,14.8015],[98.4605,14.8018],[98.4602,14.805],[98.4579,14.8065],[98.4606,14.806],[98.4588,14.8086],[98.4606,14.8117],[98.4597,14.8134],[98.4635,14.8127],[98.4618,14.8115],[98.4631,14.8103],[98.4622,14.8082],[98.4634,14.8081],[98.4644,14.812],[98.4656,14.8115],[98.4658,14.8092],[98.464,14.8079],[98.4664,14.8085],[98.4649,14.8065],[98.4663,14.8069],[98.4666,14.8051],[98.4673,14.8086],[98.4683,14.8069],[98.4692,14.8076],[98.4689,14.8099],[98.47,14.8075],[98.4705,14.8109],[98.4716,14.8085],[98.4723,14.8105],[98.4745,14.8105],[98.4725,14.8078],[98.4762,14.8071],[98.4749,14.8055],[98.4735,14.8069],[98.4733,14.8047],[98.472,14.8059],[98.4716,14.8045],[98.4691,14.8053],[98.4708,14.804],[98.4694,14.8027],[98.4704,14.8016],[98.4719,14.8037],[98.4742,14.8031],[98.4748,14.8017],[98.4729,14.8019],[98.4765,14.8],[98.4745,14.7999],[98.4762,14.7975],[98.4748,14.7984],[98.4741,14.7973],[98.4736,14.7997],[98.4731,14.7973],[98.4718,14.7999],[98.4724,14.797],[98.47,14.7985],[98.4686,14.7975],[98.4735,14.7959],[98.4708,14.7952],[98.4712,14.7932],[98.4762,14.794],[98.4752,14.7889],[98.4739,14.7884],[98.4753,14.7873],[98.4767,14.7899],[98.4782,14.7898],[98.4778,14.7912],[98.4792,14.7906],[98.4788,14.7938],[98.4808,14.7927],[98.4831,14.7865],[98.4816,14.7846],[98.4793,14.7847],[98.4812,14.7828],[98.4794,14.7817],[98.4838,14.7796],[98.4852,14.782],[98.4877,14.7787],[98.4846,14.7877],[98.4865,14.7886],[98.4841,14.7903],[98.4859,14.7914],[98.4848,14.7945],[98.4868,14.7957],[98.4857,14.797],[98.4877,14.7971],[98.4885,14.7941],[98.4915,14.792],[98.4896,14.8006],[98.4915,14.8023],[98.4947,14.7997],[98.4966,14.8011],[98.4941,14.8043],[98.4917,14.8048],[98.4927,14.8073],[98.4907,14.8069],[98.4897,14.8099],[98.4913,14.8112],[98.4919,14.8088],[98.4944,14.8072],[98.4966,14.8146],[98.4992,14.8138],[98.5,14.8099],[98.5032,14.8131],[98.5052,14.8132],[98.5044,14.8161],[98.5082,14.8153],[98.51,14.8172],[98.5124,14.8136],[98.5115,14.8113],[98.5084,14.8109],[98.5081,14.8093],[98.5101,14.81],[98.5083,14.8082],[98.5095,14.8065],[98.5058,14.806],[98.5079,14.8055],[98.5066,14.804],[98.5075,14.8029],[98.5063,14.8018],[98.5083,14.801],[98.5067,14.7967],[98.5092,14.7948],[98.5082,14.7932],[98.5095,14.7905],[98.5119,14.791],[98.5103,14.7895],[98.5125,14.7894],[98.5098,14.7888],[98.5129,14.7876],[98.511,14.7854],[98.5142,14.7851],[98.5118,14.7845],[98.5142,14.7767],[98.513,14.773],[98.5078,14.7731],[98.5062,14.7667],[98.5087,14.7645],[98.5111,14.7678],[98.5117,14.7644],[98.5096,14.7627],[98.5059,14.7637],[98.5069,14.7595],[98.5092,14.7582],[98.5056,14.7531],[98.5162,14.7493],[98.5169,14.7514],[98.5148,14.7526],[98.5147,14.7546],[98.5161,14.755],[98.5168,14.7529],[98.518,14.7539],[98.5164,14.7562],[98.519,14.7561],[98.5173,14.7584],[98.5163,14.7572],[98.5157,14.7605],[98.5172,14.7588],[98.5201,14.7607],[98.522,14.7563],[98.5246,14.7611],[98.525,14.7571],[98.5257,14.76],[98.5291,14.7565],[98.5288,14.7649],[98.5307,14.7623],[98.53,14.7636],[98.5321,14.7636],[98.5325,14.7657],[98.5333,14.7633],[98.5347,14.7639],[98.5335,14.7581],[98.5354,14.7624],[98.5367,14.7623],[98.5342,14.7689],[98.5361,14.7677],[98.5375,14.7687],[98.5365,14.77],[98.5389,14.7706],[98.538,14.7674],[98.5362,14.7667],[98.5372,14.765],[98.5387,14.7671],[98.5402,14.7662],[98.5397,14.7688],[98.5429,14.7695],[98.5444,14.7682],[98.5419,14.7673],[98.5451,14.7673],[98.5423,14.7652],[98.5442,14.7648],[98.5442,14.7631],[98.547,14.7655],[98.5468,14.7673],[98.5482,14.7665],[98.5502,14.7681],[98.5485,14.7648],[98.5472,14.7652],[98.5458,14.7632],[98.5499,14.7637],[98.5514,14.7657],[98.5522,14.7642],[98.5532,14.7658],[98.5537,14.7633],[98.552,14.7626],[98.5508,14.764],[98.5514,14.7616],[98.55,14.7631],[98.5471,14.7625],[98.5498,14.7606],[98.5469,14.759],[98.5453,14.7607],[98.5377,14.7555],[98.5451,14.7577],[98.5444,14.7553],[98.5462,14.7577],[98.5482,14.755],[98.548,14.7566],[98.5499,14.7557],[98.5501,14.7578],[98.5553,14.7606],[98.5507,14.7563],[98.5548,14.7578],[98.5533,14.7554],[98.5557,14.7568],[98.5552,14.7542],[98.557,14.7533],[98.5555,14.7524],[98.5541,14.7537],[98.5535,14.7524],[98.5519,14.755],[98.5485,14.7524],[98.5516,14.7526],[98.5534,14.7501],[98.5547,14.7509],[98.5549,14.7494],[98.5557,14.7508],[98.559,14.7507],[98.556,14.7472],[98.549,14.7477],[98.5555,14.7452],[98.5635,14.7481],[98.5611,14.7452],[98.5635,14.7468],[98.5653,14.7432],[98.5638,14.7408],[98.5594,14.7404],[98.5551,14.7376],[98.5517,14.7387],[98.5518,14.737],[98.546,14.7336],[98.5472,14.7294],[98.5491,14.7286],[98.5445,14.7259],[98.5426,14.7197],[98.5499,14.7227],[98.5556,14.7308],[98.5583,14.7312],[98.5589,14.7298],[98.5699,14.7324],[98.566,14.7303],[98.5682,14.7301],[98.5674,14.7286],[98.5701,14.73],[98.5694,14.7289],[98.5723,14.727],[98.5655,14.7235],[98.5706,14.7241],[98.5709,14.721],[98.5737,14.7199],[98.5706,14.7178],[98.5743,14.7185],[98.5759,14.7159],[98.5747,14.715],[98.5779,14.7144],[98.5727,14.7125],[98.5777,14.7126],[98.5783,14.7104],[98.577,14.7102],[98.5798,14.706],[98.5762,14.7057],[98.5798,14.7037],[98.5778,14.7004],[98.5684,14.6945],[98.5503,14.693],[98.5479,14.6886],[98.5447,14.6874],[98.5451,14.6857],[98.5501,14.684],[98.5491,14.6793],[98.5552,14.6759],[98.5391,14.6678],[98.5413,14.661],[98.5341,14.663],[98.5295,14.6672],[98.5243,14.6638],[98.5228,14.661],[98.5276,14.6613],[98.5322,14.6575],[98.5353,14.6589],[98.5392,14.6572],[98.5452,14.6577],[98.5451,14.6622],[98.5435,14.664],[98.545,14.6691],[98.5503,14.6706],[98.5514,14.6729],[98.5534,14.6729],[98.5536,14.6712],[98.557,14.6722],[98.5599,14.6758],[98.5513,14.682],[98.5488,14.6866],[98.5517,14.6891],[98.556,14.6848],[98.5605,14.6853],[98.571,14.6828],[98.5762,14.6835],[98.5832,14.6872],[98.5843,14.6847],[98.5816,14.6839],[98.5853,14.6849],[98.5856,14.6839],[98.5829,14.6803],[98.5856,14.6819],[98.5867,14.6807],[98.5836,14.6768],[98.586,14.6776],[98.5878,14.6754],[98.5865,14.675],[98.5878,14.6745],[98.588,14.6714],[98.585,14.6715],[98.5877,14.6702],[98.5872,14.6687],[98.5891,14.669],[98.5891,14.6639],[98.5915,14.6615],[98.5907,14.6584],[98.5925,14.6586],[98.5899,14.6547],[98.5912,14.6533],[98.6016,14.6551],[98.6038,14.6582],[98.603,14.6609],[98.598,14.6603],[98.5969,14.6748],[98.6029,14.6768],[98.6012,14.6833],[98.5973,14.6889],[98.5981,14.6955],[98.5924,14.7105],[98.592,14.7182],[98.5862,14.7265],[98.5871,14.7337],[98.5859,14.739],[98.5814,14.743],[98.5831,14.7472],[98.5816,14.7504],[98.5816,14.7585],[98.5792,14.7592],[98.5776,14.7677],[98.5803,14.7824],[98.5846,14.7865],[98.591,14.7997]],[[98.6098,15.0731],[98.6115,15.0735],[98.6109,15.0715],[98.6098,15.0731]]]}},{"type":"Feature","properties":{"id":3283059,"name":"\u0e2d\u0e38\u0e17\u0e22\u0e32\u0e19\u0e41\u0e2b\u0e48\u0e07\u0e0a\u0e32\u0e15\u0e34\u0e2b\u0e21\u0e39\u0e48\u0e40\u0e01\u0e32\u0e30\u0e40\u0e20\u0e15\u0e23\u0e32","name_en":"Mu Ko Phetra National Park","boundary":"national_park","protect_class":"2"},"geometry":{"type":"Polygon","coordinates":[[[99.8116,6.7708],[99.8073,6.7734],[99.8056,6.7767],[99.8018,6.8002],[99.7975,6.8125],[99.789,6.8268],[99.7797,6.8381],[99.7717,6.8428],[99.7685,6.8384],[99.7612,6.8415],[99.7616,6.8366],[99.7547,6.8398],[99.7514,6.8394],[99.7383,6.8476],[99.7229,6.8542],[99.7209,6.8562],[99.7206,6.8595],[99.7114,6.8597],[99.7092,6.8582],[99.7015,6.8599],[99.7031,6.8639],[99.7068,6.8643],[99.7083,6.8704],[99.7116,6.8709],[99.7145,6.8751],[99.714,6.8799],[99.711,6.8842],[99.711,6.8921],[99.7051,6.895],[99.7134,6.8951],[99.7163,6.9054],[99.72,6.91],[99.7136,6.9148],[99.7091,6.913],[99.7098,6.9159],[99.706,6.9152],[99.7038,6.92],[99.706,6.9214],[99.7105,6.9211],[99.7144,6.9277],[99.7109,6.9287],[99.7019,6.9264],[99.6999,6.9151],[99.697,6.9111],[99.6892,6.9093],[99.6865,6.9117],[99.6834,6.9192],[99.6809,6.9411],[99.6845,6.9487],[99.6841,6.9589],[99.6821,6.9645],[99.6838,6.9662],[99.6832,6.9707],[99.6773,6.9798],[99.6703,6.9994],[99.6709,7.0041],[99.675,7.0087],[99.6756,7.013],[99.6485,7.013],[99.647,6.9699],[99.6566,6.9695],[99.6569,6.781],[99.7385,6.7809],[99.7384,6.757],[99.8117,6.7567],[99.8116,6.7708]],[[99.6941,6.8741],[99.6846,6.8969],[99.6877,6.9021],[99.692,6.8994],[99.6935,6.8953],[99.7005,6.8902],[99.7033,6.8942],[99.7049,6.8929],[99.7046,6.8738],[99.7009,6.8704],[99.6992,6.8715],[99.7,6.8746],[99.6941,6.8741]]]}},{"type":"Feature","properties":{"id":3283122,"name":"\u0e2d\u0e38\u0e17\u0e22\u0e32\u0e19\u0e41\u0e2b\u0e48\u0e07\u0e0a\u0e32\u0e15\u0e34\u0e2b\u0e21\u0e39\u0e48\u0e40\u0e01\u0e32\u0e30\u0e25\u0e31\u0e19\u0e15\u0e32","name_en":"Mu Ko Lanta National Park","boundary":"national_park","protect_class":"2"},"geometry":{"type":"Polygon","coordinates":[[[98.8168,7.1591],[98.8346,7.1592],[98.8346,7.1414],[98.8168,7.1414],[98.8168,7.1591]],[[99.2128,7.4088],[99.2045,7.4267],[99.2051,7.4158],[99.207,7.4156],[99.2067,7.4139],[99.2107,7.4079],[99.2128,7.4088]]]}},{"type":"Feature","properties":{"id":3283184,"name":"\u0e2d\u0e38\u0e17\u0e22\u0e32\u0e19\u0e41\u0e2b\u0e48\u0e07\u0e0a\u0e32\u0e15\u0e34\u0e18\u0e32\u0e23\u0e42\u0e1a\u0e01\u0e02\u0e23\u0e13\u0e35","name_en":"Than Bok Khorani National Park","boundary":"national_park","protect_class":"2"},"geometry":{"type":"Polygon","coordinates":[[[98.7297,8.4072],[98.7283,8.4099],[98.7299,8.4229],[98.7321,8.423],[98.7316,8.425],[98.7335,8.4262],[98.7366,8.4237],[98.7359,8.4169],[98.737,8.4151],[98.7347,8.4151],[98.732,8.4074],[98.7304,8.4057],[98.7297,8.4072]],[[98.6378,8.3288],[98.6369,8.3322],[98.6385,8.3319],[98.6378,8.3288]]]}},{"type":"Feature","properties":{"id":3284822,"name":"\u0e2d\u0e38\u0e17\u0e22\u0e32\u0e19\u0e41\u0e2b\u0e48\u0e07\u0e0a\u0e32\u0e15\u0e34\u0e40\u0e02\u0e32\u0e25\u0e33\u0e1b\u0e35-\u0e2b\u0e32\u0e14\u0e17\u0e49\u0e32\u0e22\u0e40\u0e2b\u0e21\u0e37\u0e2d\u0e07","name_en":"Khao Lampi-Hat Thai Mueang National Park","boundary":"national_park","protect_class":"2"},"geometry":{"type":"Polygon","coordinates":[[[98.2109,8.5394],[98.2201,8.5052],[98.2372,8.4295],[98.2407,8.4199],[98.2483,8.4213],[98.2503,8.4193],[98.2514,8.4215],[98.2451,8.4288],[98.2494,8.4308],[98.2488,8.4377],[98.2465,8.4387],[98.239,8.4485],[98.2431,8.4588],[98.2314,8.4804],[98.2347,8.4915],[98.234,8.4983],[98.2319,8.5041],[98.2258,8.5108],[98.217,8.5278],[98.2184,8.5361],[98.2207,8.5394],[98.2109,8.5394]]]}},{"type":"Feature","properties":{"id":3288698,"name":"\u0e2d\u0e38\u0e17\u0e22\u0e32\u0e19\u0e41\u0e2b\u0e48\u0e07\u0e0a\u0e32\u0e15\u0e34\u0e2b\u0e21\u0e39\u0e48\u0e40\u0e01\u0e32\u0e30\u0e0a\u0e38\u0e21\u0e1e\u0e23","name_en":"Mu Ko Chumphon National Park","boundary":"national_park","protect_class":"2"},"geometry":{"type":"Polygon","coordinates":[[[99.1755,10.1715],[99.177,10.175],[99.1826,10.1758],[99.1862,10.1928],[99.1884,10.1991],[99.1916,10.2028],[99.1905,10.2098],[99.1945,10.2149],[99.2005,10.2183],[99.2037,10.2183],[99.2058,10.2108],[99.2092,10.2126],[99.2117,10.2113],[99.2116,10.2142],[99.2147,10.2176],[99.22,10.2165],[99.2229,10.2202],[99.225,10.2205],[99.2265,10.2264],[99.2373,10.2316],[99.2377,10.2358],[99.2298,10.2285],[99.2236,10.2256],[99.2184,10.2288],[99.218,10.2372],[99.2164,10.2359],[99.2143,10.238],[99.2126,10.2365],[99.2106,10.2375],[99.2034,10.2504],[99.1981,10.2489],[99.197,10.2501],[99.1984,10.2511],[99.1981,10.256],[99.2003,10.2573],[99.1998,10.2662],[99.2024,10.2723],[99.1971,10.2663],[99.1911,10.2631],[99.1848,10.2696],[99.1889,10.2727],[99.1889,10.2758],[99.1835,10.2756],[99.1794,10.2728],[99.1689,10.2744],[99.1618,10.27],[99.1579,10.2745],[99.1542,10.2702],[99.1502,10.2741],[99.1481,10.2703],[99.1461,10.2703],[99.1409,10.2739],[99.1412,10.2803],[99.1477,10.2866],[99.1448,10.2977],[99.1312,10.3002],[99.133,10.3208],[99.1245,10.3264],[99.1272,10.332],[99.1372,10.3285],[99.1486,10.3218],[99.1539,10.3303],[99.1453,10.3448],[99.14,10.3484],[99.1395,10.3696],[99.1413,10.3696],[99.1413,10.3798],[99.1445,10.3937],[99.1465,10.3954],[99.1468,10.3898],[99.1495,10.3894],[99.1667,10.3947],[99.186,10.4072],[99.189,10.405],[99.1941,10.3957],[99.1953,10.3918],[99.1928,10.3881],[99.1995,10.3825],[99.2107,10.3996],[99.2151,10.4028],[99.2163,10.3977],[99.2375,10.3967],[99.235,10.385],[99.2329,10.3835],[99.2253,10.3834],[99.2253,10.3746],[99.228,10.3747],[99.228,10.3761],[99.24,10.3741],[99.24,10.3719],[99.2364,10.368],[99.2371,10.3646],[99.2308,10.3555],[99.2315,10.3508],[99.2382,10.3442],[99.2385,10.3477],[99.2334,10.3521],[99.235,10.3553],[99.2405,10.355],[99.2407,10.3452],[99.2468,10.357],[99.2539,10.3629],[99.2618,10.3633],[99.2637,10.3614],[99.2632,10.3577],[99.27,10.3582],[99.2727,10.3556],[99.2711,10.3534],[99.271,10.3423],[99.1978,10.3424],[99.1981,10.2791],[99.2516,10.2787],[99.2519,10.2608],[99.2625,10.2607],[99.2625,10.2429],[99.2519,10.243],[99.2524,10.1888],[99.2244,10.1887],[99.2247,10.1437],[99.1888,10.1438],[99.1888,10.0604],[99.1803,10.0598],[99.1795,10.0435],[99.1754,10.0406],[99.1672,10.0456],[99.1615,10.0526],[99.1526,10.0684],[99.1516,10.0721],[99.1569,10.0771],[99.1567,10.0806],[99.149,10.0734],[99.1468,10.0754],[99.1457,10.0792],[99.1471,10.0861],[99.1452,10.0897],[99.1497,10.0923],[99.1477,10.1208],[99.1529,10.1387],[99.1552,10.1431],[99.1572,10.1432],[99.1614,10.1492],[99.1641,10.15],[99.1658,10.1482],[99.1688,10.1498],[99.1722,10.157],[99.1731,10.1663],[99.1755,10.1715]]]}},{"type":"Feature","properties":{"id":3288703,"name":"\u0e2d\u0e38\u0e17\u0e22\u0e32\u0e19\u0e41\u0e2b\u0e48\u0e07\u0e0a\u0e32\u0e15\u0e34\u0e41\u0e2b\u0e25\u0e21\u0e2a\u0e19","name_en":"Laem Son National Park","boundary":"national_park","protect_class":"2"},"geometry":{"type":"Polygon","coordinates":[[[98.4625,9.5561],[98.4718,9.5634],[98.4776,9.5651],[98.4864,9.5711],[98.4888,9.5739],[98.489,9.5768],[98.4874,9.5793],[98.4778,9.5849],[98.4727,9.5917],[98.4693,9.6007],[98.4663,9.6187],[98.4681,9.6193],[98.4713,9.612],[98.4844,9.6096],[98.4868,9.6136],[98.4847,9.6187],[98.4857,9.6216],[98.4898,9.6218],[98.4963,9.6182],[98.4994,9.6225],[98.5009,9.6288],[98.5002,9.6344],[98.5075,9.6427],[98.5104,9.654],[98.5137,9.6596],[98.5124,9.6627],[98.5126,9.671],[98.501,9.6767],[98.4971,9.6816],[98.4929,9.6816],[98.491,9.6854],[98.4773,9.6863],[98.4774,9.6462],[98.4502,9.6459],[98.4506,9.5732],[98.4322,9.5732],[98.4328,9.5268],[98.3141,9.5274],[98.3138,9.4183],[98.3787,9.4185],[98.378,9.3582],[98.3693,9.3582],[98.3694,9.3285],[98.3516,9.3285],[98.3507,9.2792],[98.361,9.2791],[98.3676,9.2809],[98.3741,9.2776],[98.3768,9.2736],[98.3804,9.2756],[98.3809,9.2779],[98.3769,9.2801],[98.3833,9.2963],[98.3828,9.3129],[98.3848,9.318],[98.3817,9.3222],[98.3847,9.3288],[98.388,9.3319],[98.394,9.3319],[98.3934,9.3373],[98.3969,9.3436],[98.3975,9.3517],[98.395,9.3542],[98.3958,9.3628],[98.4058,9.3612],[98.4098,9.3653],[98.4102,9.369],[98.4099,9.3712],[98.406,9.3714],[98.4063,9.3769],[98.4097,9.3778],[98.4127,9.3823],[98.4177,9.3856],[98.4213,9.3848],[98.4275,9.3873],[98.4229,9.3962],[98.4157,9.3965],[98.4126,9.3985],[98.4075,9.3977],[98.4154,9.4076],[98.4179,9.4075],[98.4196,9.4096],[98.4184,9.411],[98.4241,9.4265],[98.4268,9.4264],[98.4273,9.4295],[98.4254,9.4292],[98.4273,9.437],[98.43,9.4409],[98.4331,9.4605],[98.4364,9.4681],[98.4355,9.4723],[98.4401,9.4662],[98.4437,9.4715],[98.4427,9.4741],[98.4448,9.4817],[98.4433,9.4877],[98.4464,9.4966],[98.4424,9.501],[98.4418,9.5134],[98.4462,9.5204],[98.4517,9.5213],[98.4534,9.5255],[98.4505,9.5291],[98.4516,9.5351],[98.4502,9.5392],[98.4553,9.5503],[98.4606,9.5559],[98.4625,9.5561]]]}},{"type":"Feature","properties":{"id":3328653,"name":"\u0e2d\u0e38\u0e17\u0e22\u0e32\u0e19\u0e41\u0e2b\u0e48\u0e07\u0e0a\u0e32\u0e15\u0e34\u0e20\u0e39\u0e2b\u0e34\u0e19\u0e23\u0e48\u0e2d\u0e07\u0e01\u0e25\u0e49\u0e32","name_en":"Phu Hin Rong Kla National Park","boundary":"national_park","protect_class":"2"},"geometry":{"type":"Polygon","coordinates":[[[101.0388,16.8995],[101.0384,16.8983],[101.0299,16.8998],[101.0142,16.9081],[101.0027,16.911],[100.9968,16.9158],[100.9746,16.9163],[100.9749,16.9021],[100.9695,16.9016],[100.9668,16.899],[100.9551,16.9148],[100.9623,16.9203],[100.9636,16.925],[100.9625,16.9276],[100.9604,16.9264],[100.96,16.9301],[100.962,16.931],[100.9597,16.9325],[100.9626,16.9338],[100.9584,16.9339],[100.9563,16.939],[100.9547,16.9391],[100.9562,16.9418],[100.9541,16.9411],[100.9536,16.9434],[100.9563,16.9428],[100.9564,16.944],[100.9547,16.9445],[100.9547,16.9487],[100.9503,16.9508],[100.9526,16.9518],[100.9521,16.9548],[100.9506,16.9551],[100.9502,16.9597],[100.9483,16.9603],[100.9448,16.9674],[100.9446,16.9713],[100.9423,16.9698],[100.9408,16.9723],[100.9419,16.9733],[100.9402,16.9775],[100.9431,16.977],[100.943,16.9782],[100.9385,16.9853],[100.9369,16.9926],[100.9426,16.9949],[100.9405,16.996],[100.9407,16.9982],[100.9467,17.0022],[100.9448,17.0089],[100.9429,17.0094],[100.943,17.0133],[100.9461,17.0103],[100.9478,17.0106],[100.9462,17.0134],[100.9483,17.0151],[100.9445,17.0185],[100.9444,17.0205],[100.9472,17.0192],[100.9458,17.0214],[100.9469,17.0232],[100.9511,17.0237],[100.9501,17.0329],[100.9527,17.0337],[100.9488,17.0343],[100.9478,17.031],[100.9441,17.0384],[100.9472,17.0398],[100.9473,17.0412],[100.9456,17.0412],[100.9468,17.0474],[100.9495,17.0463],[100.951,17.0482],[100.9493,17.0487],[100.9505,17.0499],[100.9495,17.0514],[100.9512,17.0513],[100.9495,17.0534],[100.9513,17.0553],[100.9489,17.0557],[100.9507,17.058],[100.9486,17.0592],[100.9495,17.0606],[100.9526,17.0587],[100.9532,17.0597],[100.9496,17.0633],[100.9518,17.0648],[100.9591,17.0601],[100.9599,17.0621],[100.9658,17.0596],[100.9662,17.061],[100.9619,17.0633],[100.9638,17.0661],[100.9606,17.0718],[100.9618,17.0746],[100.9647,17.0756],[100.9667,17.0745],[100.9661,17.0773],[100.97,17.0811],[100.9669,17.0873],[100.964,17.0891],[100.9645,17.0911],[100.9665,17.0919],[100.9659,17.0931],[100.9676,17.0945],[100.9777,17.0939],[100.9815,17.0919],[100.9837,17.0825],[100.9891,17.083],[100.9928,17.0855],[100.9979,17.0812],[101.0047,17.0813],[101.0122,17.0856],[101.0189,17.0855],[101.0074,17.1072],[101.0104,17.1117],[101.0187,17.1116],[101.039,17.0904],[101.0403,17.0854],[101.0531,17.0788],[101.0595,17.0779],[101.0644,17.0812],[101.0701,17.0804],[101.0715,17.0828],[101.0785,17.0816],[101.0855,17.0857],[101.0891,17.086],[101.0897,17.0818],[101.0977,17.0708],[101.0959,17.0653],[101.1008,17.054],[101.1022,17.0396],[101.1073,17.0383],[101.1061,17.0274],[101.1018,17.0252],[101.0979,17.0273],[101.0941,17.0265],[101.0936,17.025],[101.095,17.0242],[101.098,17.0129],[101.0949,17.0056],[101.0991,17.0065],[101.099,17.0041],[101.1029,16.9999],[101.1025,16.9948],[101.1046,16.9942],[101.106,16.9912],[101.1051,16.9862],[101.1073,16.9849],[101.106,16.9844],[101.107,16.9819],[101.1052,16.982],[101.1048,16.9772],[101.099,16.9759],[101.0964,16.9716],[101.0883,16.9717],[101.0736,16.9659],[101.0718,16.9628],[101.0759,16.9579],[101.0782,16.9499],[101.0779,16.9404],[101.0783,16.9427],[101.0813,16.944],[101.0851,16.9428],[101.0872,16.9401],[101.0879,16.9413],[101.089,16.9404],[101.0901,16.9366],[101.0953,16.9355],[101.0976,16.9331],[101.1015,16.9367],[101.1028,16.9338],[101.1,16.9325],[101.0986,16.9287],[101.0994,16.9275],[101.1013,16.9291],[101.1009,16.9255],[101.1036,16.9227],[101.1066,16.9309],[101.1084,16.9304],[101.1094,16.9278],[101.1123,16.9308],[101.1156,16.9314],[101.1129,16.9272],[101.1117,16.9177],[101.108,16.9116],[101.108,16.9067],[101.1037,16.9028],[101.1041,16.8948],[101.1017,16.8919],[101.0965,16.891],[101.0947,16.8955],[101.0862,16.894],[101.0867,16.9042],[101.0806,16.902],[101.079,16.8996],[101.0741,16.9022],[101.0669,16.9025],[101.0622,16.9062],[101.0569,16.9076],[101.0482,16.9068],[101.0388,16.8995]],[[101.0231,16.9924],[101.0246,16.9973],[101.0291,16.9999],[101.0275,17.0031],[101.0316,17.0076],[101.0336,17.0069],[101.0342,17.0046],[101.0382,17.0055],[101.044,17.0042],[101.0505,17.013],[101.0541,17.013],[101.0594,17.0031],[101.059,16.9962],[101.0616,16.9891],[101.0594,16.9723],[101.0545,16.9691],[101.0516,16.9703],[101.0515,16.9715],[101.0568,16.9729],[101.0566,16.9766],[101.0554,16.9773],[101.0549,16.9755],[101.0531,16.9752],[101.0522,16.9829],[101.0464,16.9846],[101.0457,16.9902],[101.0412,16.9909],[101.0401,16.9907],[101.0393,16.9838],[101.0429,16.9762],[101.0325,16.9736],[101.0306,16.9812],[101.0231,16.9924]]]}},{"type":"Feature","properties":{"id":3775411,"name":"","name_en":"Mu Ko Ranong National Park","boundary":"national_park","protect_class":"2"},"geometry":{"type":"Polygon","coordinates":[[[98.4713,9.9592],[98.4813,9.9554],[98.4968,9.9527],[98.5,9.9492],[98.5032,9.9385],[98.5106,9.9356],[98.5195,9.926],[98.5268,9.9246],[98.53,9.9253],[98.5374,9.9311],[98.5407,9.9316],[98.544,9.9299],[98.544,9.8893],[98.5649,9.8892],[98.5694,9.9016],[98.5722,9.906],[98.5752,9.9065],[98.5887,9.8994],[98.5894,9.8927],[98.5971,9.887],[98.5937,9.8803],[98.5889,9.8756],[98.5887,9.8708],[98.5864,9.8661],[98.5814,9.8689],[98.5768,9.8683],[98.5754,9.865],[98.5754,9.8637],[98.5796,9.8629],[98.5783,9.8589],[98.5763,9.8586],[98.5795,9.8551],[98.5776,9.8514],[98.5833,9.8515],[98.5841,9.8503],[98.5796,9.8457],[98.5757,9.8464],[98.5748,9.8428],[98.5832,9.8468],[98.5801,9.8422],[98.5836,9.8349],[98.5825,9.8327],[98.584,9.831],[98.5842,9.822],[98.5869,9.821],[98.5876,9.8174],[98.5857,9.8149],[98.5837,9.8147],[98.5843,9.8119],[98.5797,9.8081],[98.5812,9.8047],[98.5732,9.7998],[98.5695,9.7905],[98.5708,9.7875],[98.5662,9.7842],[98.5661,9.7828],[98.5685,9.7827],[98.5653,9.7806],[98.5692,9.7803],[98.569,9.7772],[98.5759,9.7758],[98.5728,9.774],[98.5759,9.7703],[98.5781,9.7734],[98.5798,9.7732],[98.5779,9.768],[98.5808,9.7612],[98.5792,9.7528],[98.5817,9.7526],[98.583,9.7503],[98.5813,9.7454],[98.5748,9.7377],[98.5693,9.7346],[98.5683,9.7297],[98.5791,9.7282],[98.579,9.7263],[98.5834,9.7263],[98.5852,9.7221],[98.5796,9.7164],[98.5773,9.719],[98.5746,9.7191],[98.5725,9.7149],[98.5666,9.7159],[98.5676,9.7115],[98.5649,9.7011],[98.5607,9.701],[98.5564,9.7029],[98.5565,9.6968],[98.5591,9.6945],[98.5556,9.686],[98.5524,9.6848],[98.5516,9.6823],[98.5528,9.6809],[98.5501,9.6781],[98.5535,9.6757],[98.5567,9.6759],[98.5553,9.6705],[98.5569,9.6651],[98.5524,9.6645],[98.5539,9.6613],[98.5572,9.6611],[98.5553,9.6532],[98.5535,9.6523],[98.5498,9.6538],[98.5439,9.6484],[98.5388,9.6494],[98.5378,9.6477],[98.5411,9.6448],[98.5399,9.6385],[98.5269,9.6293],[98.5232,9.6331],[98.5162,9.6345],[98.5078,9.6285],[98.5058,9.6282],[98.5041,9.6301],[98.5051,9.636],[98.5153,9.6465],[98.5143,9.6643],[98.5188,9.6654],[98.5184,9.6679],[98.4993,9.6797],[98.4893,9.6886],[98.4801,9.6886],[98.48,9.7609],[98.4528,9.7608],[98.4528,9.7698],[98.4438,9.7698],[98.4438,9.7878],[98.4256,9.7878],[98.4255,9.887],[98.4984,9.887],[98.4984,9.9231],[98.4713,9.9231],[98.4713,9.9592]],[[98.5181,9.7449],[98.5183,9.749],[98.5208,9.7525],[98.5197,9.746],[98.5181,9.7449]]]}},{"type":"Feature","properties":{"id":3790589,"name":"\u0e2d\u0e38\u0e17\u0e22\u0e32\u0e19\u0e41\u0e2b\u0e48\u0e07\u0e0a\u0e32\u0e15\u0e34\u0e25\u0e33\u0e19\u0e49\u0e33\u0e01\u0e23\u0e30\u0e1a\u0e38\u0e23\u0e35","name_en":"Lam Nam Kra Buri National Park","boundary":"national_park","protect_class":"2"},"geometry":{"type":"Polygon","coordinates":[[[98.6928,10.185],[98.6905,10.1817],[98.6943,10.174],[98.6903,10.167],[98.6787,10.1363],[98.6796,10.1302],[98.6841,10.1341],[98.6864,10.1311],[98.6826,10.1287],[98.6847,10.126],[98.6788,10.1265],[98.6767,10.1209],[98.68,10.1212],[98.6811,10.1192],[98.6786,10.115],[98.6763,10.1152],[98.6741,10.1092],[98.6718,10.1076],[98.6712,10.1017],[98.6662,10.1007],[98.6664,10.0963],[98.6618,10.0928],[98.6667,10.0921],[98.6666,10.0887],[98.6629,10.0795],[98.658,10.0736],[98.6609,10.0733],[98.6598,10.07],[98.6604,10.0628],[98.6634,10.068],[98.6674,10.0681],[98.6682,10.0653],[98.6699,10.0652],[98.6727,10.0738],[98.6753,10.0755],[98.6755,10.0845],[98.682,10.1092],[98.6892,10.1172],[98.6964,10.1288],[98.6982,10.1385],[98.6999,10.1395],[98.7015,10.1264],[98.7011,10.1242],[98.6983,10.1228],[98.6978,10.1126],[98.6993,10.1116],[98.7002,10.1032],[98.6994,10.1014],[98.6958,10.101],[98.696,10.0983],[98.6918,10.0988],[98.69,10.0956],[98.6908,10.0912],[98.6923,10.0915],[98.6975,10.0859],[98.6933,10.0862],[98.6953,10.0839],[98.6941,10.0821],[98.6948,10.0771],[98.6933,10.0751],[98.6854,10.0723],[98.6924,10.069],[98.6925,10.0656],[98.689,10.0662],[98.6885,10.0649],[98.6906,10.0637],[98.6895,10.0607],[98.6931,10.058],[98.6907,10.0543],[98.6905,10.0511],[98.6953,10.0408],[98.6937,10.0385],[98.6991,10.0372],[98.697,10.0347],[98.7009,10.0324],[98.6993,10.0307],[98.701,10.0281],[98.6939,10.026],[98.6908,10.0233],[98.694,10.0224],[98.6941,10.0191],[98.6974,10.0183],[98.6991,10.0142],[98.701,10.0145],[98.7024,10.0126],[98.6986,10.0117],[98.696,10.0075],[98.7006,10.0082],[98.6999,10.0068],[98.7019,10.0062],[98.7016,10.0036],[98.6963,10.0021],[98.6987,9.9999],[98.6971,9.9983],[98.6988,9.9966],[98.6964,9.9923],[98.6992,9.9907],[98.6998,9.9876],[98.6969,9.9853],[98.6952,9.9807],[98.6905,9.9784],[98.6898,9.9808],[98.6882,9.9807],[98.6869,9.9781],[98.6849,9.9784],[98.682,9.9754],[98.6819,9.9724],[98.6789,9.9701],[98.6797,9.968],[98.6783,9.965],[98.6682,9.9623],[98.6661,9.965],[98.6645,9.9619],[98.6594,9.9612],[98.653,9.9632],[98.6584,9.9664],[98.6614,9.972],[98.6648,9.9727],[98.6666,9.9703],[98.6694,9.9779],[98.672,9.9791],[98.6713,9.9804],[98.6736,9.9836],[98.6828,9.9898],[98.6874,9.9911],[98.6832,9.993],[98.6808,9.9915],[98.6779,9.9926],[98.6771,9.9901],[98.6741,9.9904],[98.6704,9.9943],[98.6693,9.9891],[98.6669,9.9932],[98.6646,9.9841],[98.6559,9.979],[98.6583,9.9829],[98.6628,9.9853],[98.6628,9.9865],[98.6572,9.986],[98.6602,9.994],[98.657,9.995],[98.6611,10.0014],[98.6628,10.0083],[98.6655,10.0113],[98.6675,10.0083],[98.6683,10.0153],[98.6708,10.0182],[98.6686,10.0195],[98.6673,10.018],[98.6659,10.0203],[98.6621,10.02],[98.6626,10.0266],[98.6609,10.0283],[98.6626,10.0358],[98.6617,10.0422],[98.6643,10.0482],[98.6616,10.0504],[98.6661,10.0557],[98.6654,10.0601],[98.6616,10.0599],[98.6599,10.0559],[98.6583,10.0554],[98.6582,10.0507],[98.6503,10.0467],[98.6493,10.0411],[98.6512,10.0403],[98.6554,10.0418],[98.6578,10.0397],[98.6594,10.0406],[98.6585,10.0371],[98.652,10.0369],[98.6542,10.0349],[98.6533,10.0313],[98.6513,10.0319],[98.649,10.0256],[98.6458,10.0266],[98.6416,10.02],[98.6402,10.0235],[98.6389,10.023],[98.6361,10.0156],[98.6337,10.0143],[98.6335,10.0094],[98.627,10.0029],[98.6252,9.9975],[98.6224,9.9956],[98.6161,9.9958],[98.6171,10.0019],[98.6241,10.0144],[98.6222,10.0169],[98.6233,10.0205],[98.6396,10.0411],[98.6397,10.0369],[98.641,10.0369],[98.6432,10.0499],[98.6462,10.0526],[98.6448,10.0566],[98.6463,10.0634],[98.653,10.0697],[98.6532,10.0727],[98.6569,10.0776],[98.6562,10.0792],[98.6512,10.0766],[98.651,10.075],[98.6468,10.076],[98.6444,10.0732],[98.6342,10.0453],[98.6291,10.0382],[98.6234,10.034],[98.6126,10.0107],[98.6035,9.996],[98.6043,9.9944],[98.6029,9.9906],[98.5815,9.9903],[98.6016,10.0298],[98.6199,10.0569],[98.624,10.0695],[98.6453,10.1137],[98.6455,10.1185],[98.6413,10.1253],[98.641,10.1309],[98.6523,10.161],[98.6571,10.1666],[98.6714,10.1713],[98.7002,10.2132],[98.721,10.27],[98.7333,10.3112],[98.7426,10.3215],[98.7456,10.353],[98.7514,10.3763],[98.7547,10.377],[98.7556,10.367],[98.7578,10.3636],[98.7549,10.3612],[98.7551,10.3584],[98.7562,10.3548],[98.7581,10.3536],[98.7523,10.3492],[98.7513,10.3417],[98.7542,10.3396],[98.7571,10.3332],[98.7618,10.3307],[98.7603,10.3293],[98.7611,10.3253],[98.7577,10.3226],[98.7604,10.3223],[98.763,10.3243],[98.7642,10.3226],[98.7664,10.3237],[98.7655,10.3204],[98.7703,10.3191],[98.7664,10.3116],[98.7671,10.3053],[98.7697,10.3032],[98.7586,10.293],[98.7581,10.2998],[98.7562,10.3011],[98.7553,10.2909],[98.7581,10.2914],[98.7598,10.2885],[98.7533,10.2769],[98.7539,10.2721],[98.7522,10.2732],[98.751,10.2784],[98.7423,10.2768],[98.743,10.2731],[98.738,10.2684],[98.7343,10.26],[98.7369,10.255],[98.7458,10.256],[98.7451,10.2541],[98.7465,10.2537],[98.7421,10.2453],[98.743,10.2408],[98.7383,10.2375],[98.7404,10.2419],[98.7367,10.2472],[98.7352,10.2511],[98.7365,10.2522],[98.7336,10.2557],[98.7287,10.2533],[98.7238,10.2477],[98.7218,10.2383],[98.7222,10.2309],[98.7271,10.2294],[98.7261,10.223],[98.723,10.2216],[98.7236,10.2188],[98.7213,10.2196],[98.7207,10.2167],[98.7183,10.216],[98.7192,10.2126],[98.7163,10.2136],[98.7146,10.217],[98.7121,10.2157],[98.7096,10.2165],[98.7075,10.2083],[98.7108,10.2076],[98.7133,10.209],[98.7143,10.2121],[98.7166,10.2101],[98.7143,10.2054],[98.7154,10.2029],[98.7107,10.2004],[98.7075,10.2013],[98.7061,10.2045],[98.7024,10.1975],[98.7025,10.19],[98.6999,10.191],[98.696,10.1856],[98.6928,10.185]]]}},{"type":"Feature","properties":{"id":3790891,"name":"\u0e2d\u0e38\u0e17\u0e22\u0e32\u0e19\u0e41\u0e2b\u0e48\u0e07\u0e0a\u0e32\u0e15\u0e34\u0e19\u0e49\u0e33\u0e15\u0e01\u0e2b\u0e07\u0e32\u0e27","name_en":"Namtok Ngao National Park","boundary":"national_park","protect_class":"2"},"geometry":{"type":"Polygon","coordinates":[[[98.9008,10.048],[98.9008,10.0439],[98.9061,10.0327],[98.9023,10.0277],[98.8929,10.0272],[98.8886,10.0241],[98.8816,10.0222],[98.8806,10.0207],[98.8833,10.0178],[98.8825,10.0162],[98.8769,10.0164],[98.8755,10.0055],[98.8697,9.9986],[98.8666,9.9972],[98.8586,9.9996],[98.8506,10.005],[98.8462,10.0125],[98.8419,10.014],[98.8356,10.0226],[98.8304,10.0264],[98.8323,10.0288],[98.8346,10.0416],[98.8359,10.0428],[98.8387,10.0405],[98.8382,10.0448],[98.8405,10.0492],[98.8444,10.0517],[98.8487,10.0664],[98.8474,10.0708],[98.8507,10.0735],[98.8497,10.0765],[98.8518,10.0773],[98.8513,10.081],[98.8562,10.0841],[98.8585,10.0896],[98.8627,10.0932],[98.8631,10.0989],[98.8661,10.1046],[98.8661,10.1087],[98.8639,10.11],[98.8632,10.114],[98.8641,10.1194],[98.8599,10.118],[98.8586,10.1192],[98.8605,10.1252],[98.8594,10.1308],[98.8609,10.1328],[98.8643,10.1329],[98.8639,10.1365],[98.862,10.1379],[98.849,10.1382],[98.8472,10.1407],[98.8547,10.1407],[98.8617,10.1435],[98.8661,10.1467],[98.87,10.1543],[98.8734,10.156],[98.8835,10.1561],[98.889,10.1609],[98.8887,10.17],[98.8828,10.1762],[98.8786,10.1777],[98.8774,10.1824],[98.871,10.186],[98.8734,10.1928],[98.8755,10.1945],[98.875,10.2039],[98.8628,10.199],[98.8572,10.2015],[98.8515,10.2017],[98.8433,10.2083],[98.8389,10.2042],[98.8309,10.2009],[98.8269,10.2021],[98.8243,10.2115],[98.822,10.2138],[98.8143,10.2149],[98.8055,10.208],[98.7999,10.2077],[98.7965,10.2109],[98.7953,10.2157],[98.7832,10.2192],[98.7773,10.2116],[98.7643,10.207],[98.7602,10.2091],[98.7577,10.2148],[98.7519,10.2166],[98.7502,10.2196],[98.746,10.2185],[98.7441,10.2118],[98.7441,10.1944],[98.7448,10.1891],[98.7473,10.187],[98.7508,10.1905],[98.7525,10.1904],[98.7544,10.1875],[98.7611,10.189],[98.7622,10.1932],[98.7658,10.1914],[98.7676,10.1956],[98.7717,10.1972],[98.7775,10.1933],[98.7798,10.2012],[98.7881,10.2043],[98.7935,10.2023],[98.7985,10.1952],[98.7943,10.193],[98.7966,10.1879],[98.7938,10.1885],[98.7909,10.1857],[98.7907,10.1811],[98.7933,10.1811],[98.7938,10.1795],[98.7988,10.1803],[98.8031,10.1867],[98.8071,10.1884],[98.8078,10.1947],[98.8122,10.1952],[98.8132,10.1989],[98.8175,10.2004],[98.8198,10.1973],[98.8231,10.202],[98.8268,10.1986],[98.8245,10.1959],[98.824,10.191],[98.827,10.19],[98.8314,10.1943],[98.8302,10.1883],[98.8315,10.186],[98.8359,10.1879],[98.8365,10.1925],[98.8397,10.1937],[98.841,10.1928],[98.8398,10.1886],[98.8413,10.1855],[98.8479,10.1871],[98.8494,10.1842],[98.8543,10.1846],[98.855,10.1821],[98.8523,10.1799],[98.8482,10.1802],[98.8476,10.1755],[98.8433,10.1722],[98.8456,10.1666],[98.8432,10.1624],[98.8317,10.1589],[98.8314,10.1525],[98.8289,10.1566],[98.8249,10.1558],[98.8268,10.1521],[98.8244,10.1507],[98.8245,10.143],[98.8229,10.1428],[98.8227,10.1475],[98.8202,10.1493],[98.8208,10.1519],[98.8192,10.1533],[98.8129,10.1484],[98.8082,10.1503],[98.8061,10.147],[98.8011,10.1462],[98.7966,10.1345],[98.7976,10.1321],[98.8038,10.129],[98.8039,10.1238],[98.7944,10.1184],[98.7937,10.1151],[98.7984,10.1104],[98.7903,10.104],[98.7879,10.0987],[98.7906,10.0946],[98.8022,10.105],[98.8041,10.1024],[98.7978,10.0922],[98.799,10.0909],[98.8017,10.0917],[98.8068,10.0966],[98.8057,10.0908],[98.8131,10.0872],[98.8206,10.093],[98.8219,10.1029],[98.826,10.1058],[98.8303,10.1056],[98.8317,10.1018],[98.8368,10.1002],[98.838,10.0983],[98.8293,10.0934],[98.8299,10.0898],[98.8336,10.0893],[98.8342,10.087],[98.8274,10.081],[98.8227,10.0797],[98.8179,10.0835],[98.8068,10.0789],[98.8106,10.0644],[98.8074,10.0593],[98.8129,10.0532],[98.8131,10.0466],[98.8118,10.0448],[98.8053,10.0456],[98.8047,10.0524],[98.7998,10.0599],[98.8004,10.0687],[98.7974,10.0772],[98.7954,10.0785],[98.7815,10.076],[98.7818,10.0699],[98.7761,10.0642],[98.7746,10.0702],[98.7701,10.0719],[98.7683,10.0681],[98.7625,10.0698],[98.7604,10.0741],[98.762,10.0779],[98.7574,10.0802],[98.7488,10.0795],[98.7434,10.0742],[98.739,10.056],[98.7408,10.055],[98.7445,10.0572],[98.7436,10.0529],[98.7474,10.0481],[98.7567,10.0469],[98.7629,10.0491],[98.7638,10.0461],[98.7585,10.0424],[98.7526,10.0441],[98.7488,10.0425],[98.7372,10.0239],[98.7357,10.0177],[98.739,10.0113],[98.7327,9.9999],[98.7292,9.9992],[98.7301,9.996],[98.7268,9.9936],[98.7278,9.9867],[98.73,9.9843],[98.7399,9.9808],[98.7418,9.9745],[98.738,9.9747],[98.7362,9.9787],[98.7312,9.9814],[98.7297,9.9783],[98.7259,9.9798],[98.7242,9.9706],[98.7187,9.9763],[98.7148,9.9733],[98.7087,9.9779],[98.7023,9.9738],[98.7024,9.9716],[98.7057,9.9685],[98.7054,9.9625],[98.7072,9.9616],[98.714,9.9641],[98.7155,9.9623],[98.7172,9.9539],[98.7128,9.9496],[98.7189,9.942],[98.72,9.9349],[98.7174,9.9332],[98.7133,9.9403],[98.7089,9.9439],[98.7047,9.9442],[98.7028,9.9434],[98.703,9.9394],[98.6972,9.9348],[98.6961,9.9155],[98.6965,9.9129],[98.6987,9.9114],[98.697,9.908],[98.7028,9.9043],[98.7075,9.9034],[98.7074,9.9019],[98.6971,9.895],[98.6953,9.8904],[98.6947,9.88],[98.6917,9.8775],[98.6913,9.8732],[98.6868,9.8711],[98.6833,9.8651],[98.6849,9.86],[98.682,9.8584],[98.6816,9.8502],[98.6842,9.8467],[98.6837,9.8437],[98.6781,9.8381],[98.6769,9.8316],[98.674,9.8298],[98.6715,9.8349],[98.6707,9.8439],[98.6744,9.8492],[98.6742,9.8552],[98.6794,9.866],[98.678,9.8738],[98.6825,9.8774],[98.6848,9.8883],[98.6843,9.8987],[98.6821,9.9022],[98.6786,9.9007],[98.6764,9.9025],[98.6735,9.9174],[98.6723,9.9171],[98.6701,9.9009],[98.6687,9.8993],[98.6636,9.9019],[98.6602,9.9153],[98.6616,9.9171],[98.6635,9.9158],[98.6679,9.9162],[98.6671,9.9339],[98.6684,9.9376],[98.6723,9.9403],[98.6729,9.9469],[98.6763,9.9488],[98.6782,9.9536],[98.6732,9.9557],[98.667,9.9536],[98.6537,9.9529],[98.6486,9.955],[98.6452,9.9544],[98.6448,9.9492],[98.6427,9.9479],[98.6418,9.9423],[98.6434,9.9398],[98.6434,9.9315],[98.6411,9.9286],[98.6436,9.9249],[98.6488,9.9242],[98.6499,9.9218],[98.6487,9.9197],[98.6426,9.9174],[98.6423,9.912],[98.6435,9.9068],[98.6504,9.9028],[98.6524,9.8964],[98.6494,9.8886],[98.6475,9.8884],[98.6467,9.8915],[98.643,9.8944],[98.6407,9.8918],[98.6423,9.8901],[98.6414,9.8873],[98.6436,9.8841],[98.6438,9.8781],[98.6478,9.8746],[98.6486,9.8713],[98.6435,9.8686],[98.6392,9.8699],[98.6381,9.8671],[98.6307,9.8748],[98.6284,9.8707],[98.6296,9.861],[98.6284,9.8561],[98.624,9.8512],[98.6212,9.8453],[98.6225,9.8368],[98.6299,9.8341],[98.631,9.8304],[98.6253,9.8255],[98.6252,9.8287],[98.6191,9.8265],[98.6155,9.8283],[98.6109,9.8197],[98.6089,9.8128],[98.6114,9.8061],[98.6082,9.803],[98.6091,9.7996],[98.6065,9.8015],[98.6052,9.7988],[98.6117,9.7939],[98.6142,9.7963],[98.6141,9.7908],[98.6105,9.7928],[98.599,9.7919],[98.6002,9.7841],[98.6063,9.7815],[98.6087,9.7574],[98.607,9.7504],[98.6146,9.7566],[98.6249,9.7515],[98.625,9.7434],[98.637,9.745],[98.6401,9.7474],[98.6417,9.753],[98.6461,9.7553],[98.6469,9.7577],[98.6442,9.7584],[98.6392,9.7568],[98.6346,9.7522],[98.6333,9.7572],[98.6429,9.7619],[98.6412,9.7712],[98.6431,9.7724],[98.6455,9.7705],[98.649,9.7708],[98.6499,9.7796],[98.6544,9.7815],[98.6588,9.7894],[98.6629,9.7916],[98.6643,9.7916],[98.663,9.7878],[98.6679,9.7831],[98.6677,9.7786],[98.673,9.7816],[98.6736,9.7806],[98.6726,9.7772],[98.6742,9.7717],[98.6717,9.7707],[98.6736,9.7641],[98.6775,9.7621],[98.6795,9.7632],[98.6796,9.7658],[98.6757,9.7703],[98.6766,9.7711],[98.6869,9.7697],[98.6896,9.775],[98.6883,9.78],[98.696,9.7837],[98.6953,9.7872],[98.691,9.7872],[98.6925,9.7911],[98.6891,9.7911],[98.6883,9.7886],[98.684,9.7886],[98.6762,9.7828],[98.6742,9.7851],[98.6792,9.7919],[98.6843,9.7944],[98.6846,9.7971],[98.6887,9.7963],[98.6901,9.8003],[98.6821,9.8049],[98.6774,9.8098],[98.6757,9.8091],[98.6754,9.8105],[98.6814,9.8261],[98.6867,9.8319],[98.6886,9.8381],[98.6905,9.8368],[98.6885,9.8321],[98.689,9.8286],[98.6817,9.817],[98.6895,9.8079],[98.6888,9.8031],[98.6929,9.8034],[98.6925,9.8096],[98.699,9.8242],[98.7027,9.8258],[98.7034,9.8246],[98.7014,9.8193],[98.6957,9.8129],[98.6978,9.806],[98.6972,9.802],[98.6938,9.7974],[98.6959,9.7957],[98.6961,9.7924],[98.6984,9.7921],[98.7027,9.8008],[98.7047,9.8019],[98.7077,9.7955],[98.7125,9.7918],[98.7155,9.792],[98.7165,9.7945],[98.7189,9.7947],[98.724,9.8026],[98.7303,9.7992],[98.7298,9.7956],[98.7356,9.7943],[98.7407,9.7971],[98.7406,9.7996],[98.737,9.804],[98.7311,9.8044],[98.727,9.8077],[98.7269,9.8104],[98.7326,9.8122],[98.7376,9.8091],[98.7447,9.8126],[98.7532,9.8123],[98.7603,9.814],[98.764,9.8212],[98.7683,9.8233],[98.7689,9.8272],[98.778,9.8323],[98.7848,9.8481],[98.7915,9.8505],[98.7917,9.8523],[98.7974,9.8508],[98.7974,9.8526],[98.7922,9.8576],[98.7879,9.8571],[98.7856,9.86],[98.7827,9.8566],[98.7764,9.8593],[98.7552,9.85],[98.7595,9.8565],[98.7654,9.8579],[98.7743,9.8699],[98.771,9.879],[98.7722,9.8838],[98.7668,9.8857],[98.7647,9.8897],[98.7744,9.8852],[98.7773,9.8891],[98.7781,9.8858],[98.7807,9.8848],[98.7803,9.8767],[98.7952,9.8805],[98.796,9.8854],[98.7985,9.8881],[98.797,9.8956],[98.7996,9.8947],[98.8023,9.8898],[98.8046,9.896],[98.8021,9.9007],[98.806,9.8987],[98.8079,9.8997],[98.8094,9.908],[98.8131,9.904],[98.8134,9.8996],[98.8158,9.8973],[98.8146,9.8952],[98.8101,9.8973],[98.8035,9.8822],[98.8064,9.8749],[98.8084,9.8783],[98.8118,9.8797],[98.8145,9.8778],[98.8175,9.8785],[98.8178,9.8726],[98.811,9.8662],[98.8148,9.8656],[98.8195,9.868],[98.8231,9.8773],[98.8293,9.8815],[98.8307,9.885],[98.8422,9.8931],[98.844,9.8966],[98.8463,9.8965],[98.8534,9.9017],[98.8609,9.9091],[98.8585,9.9096],[98.8589,9.9108],[98.8649,9.9141],[98.8746,9.9258],[98.8729,9.928],[98.8664,9.9306],[98.8591,9.9374],[98.8621,9.9438],[98.8572,9.9546],[98.8488,9.9598],[98.8441,9.9606],[98.8467,9.965],[98.8435,9.9693],[98.8439,9.9705],[98.8473,9.9698],[98.8488,9.9773],[98.8504,9.9757],[98.8494,9.9686],[98.8505,9.9645],[98.8533,9.9648],[98.854,9.9615],[98.8632,9.9562],[98.8634,9.9453],[98.866,9.9356],[98.8787,9.9293],[98.8858,9.9359],[98.8832,9.9409],[98.8879,9.9419],[98.8902,9.9403],[98.8936,9.9442],[98.8887,9.9475],[98.8911,9.9518],[98.8897,9.9541],[98.8928,9.9555],[98.8937,9.9578],[98.8888,9.9625],[98.8832,9.9626],[98.8718,9.9669],[98.8728,9.969],[98.8788,9.9689],[98.8802,9.971],[98.8783,9.9805],[98.8764,9.9827],[98.8785,9.9829],[98.881,9.9803],[98.8832,9.9751],[98.8842,9.9658],[98.8906,9.9675],[98.8942,9.9651],[98.9018,9.955],[98.9062,9.9621],[98.9032,9.9704],[98.9078,9.9716],[98.9119,9.9698],[98.912,9.9654],[98.917,9.9633],[98.9231,9.9673],[98.9244,9.975],[98.9297,9.9806],[98.9305,9.9776],[98.9263,9.9703],[98.9283,9.9698],[98.9351,9.977],[98.941,9.998],[98.9577,9.9998],[98.9663,10.011],[98.9656,10.0141],[98.9677,10.0159],[98.979,10.0168],[98.9784,10.0224],[98.9704,10.0235],[98.9694,10.0275],[98.9622,10.028],[98.9755,10.0415],[98.9753,10.043],[98.971,10.0415],[98.9683,10.0432],[98.9695,10.0526],[98.9724,10.0512],[98.9737,10.0545],[98.9763,10.0533],[98.978,10.057],[98.9853,10.063],[98.9866,10.073],[98.9858,10.0748],[98.9806,10.0736],[98.9754,10.0698],[98.9737,10.0709],[98.9772,10.0789],[98.975,10.0789],[98.9685,10.0708],[98.9654,10.0694],[98.9605,10.0609],[98.9586,10.0631],[98.9544,10.0576],[98.951,10.0564],[98.9513,10.06],[98.9495,10.0606],[98.9487,10.0632],[98.9501,10.0646],[98.9567,10.0649],[98.9576,10.0665],[98.9537,10.0705],[98.9582,10.0728],[98.951,10.0745],[98.9434,10.0738],[98.9411,10.0768],[98.9457,10.082],[98.9445,10.0876],[98.9518,10.0947],[98.9511,10.0979],[98.946,10.1011],[98.9424,10.1009],[98.9331,10.0954],[98.9261,10.0956],[98.9225,10.098],[98.9155,10.0887],[98.9176,10.0772],[98.9111,10.0798],[98.9109,10.0707],[98.909,10.069],[98.905,10.0755],[98.9016,10.0764],[98.8907,10.0717],[98.8773,10.0706],[98.8728,10.0718],[98.8671,10.0679],[98.8598,10.0717],[98.8551,10.0701],[98.8519,10.0665],[98.8504,10.059],[98.8518,10.054],[98.8478,10.0506],[98.8485,10.0469],[98.8501,10.0457],[98.8539,10.0459],[98.8603,10.0498],[98.8639,10.0483],[98.8662,10.0509],[98.883,10.0592],[98.8957,10.0575],[98.8969,10.0561],[98.896,10.0545],[98.8892,10.0525],[98.8885,10.0509],[98.8922,10.0482],[98.8964,10.0501],[98.9008,10.048]],[[98.9543,10.0471],[98.9472,10.0419],[98.9468,10.0396],[98.9493,10.0346],[98.9521,10.0364],[98.9548,10.0329],[98.9566,10.0361],[98.9614,10.0366],[98.963,10.0412],[98.9543,10.0471]]]}},{"type":"Feature","properties":{"id":3801467,"name":"\u0e2d\u0e38\u0e17\u0e22\u0e32\u0e19\u0e41\u0e2b\u0e48\u0e07\u0e0a\u0e32\u0e15\u0e34\u0e40\u0e02\u0e37\u0e48\u0e2d\u0e19\u0e28\u0e23\u0e35\u0e19\u0e04\u0e23\u0e34\u0e19\u0e17\u0e23\u0e4c","name_en":"Khuean Srinagarindra National Park","boundary":"national_park","protect_class":"2"},"geometry":{"type":"Polygon","coordinates":[[[99.3243,14.9228],[99.325,14.9416],[99.3148,14.956],[99.3137,14.9629],[99.306,14.9709],[99.3045,14.9746],[99.2926,14.9812],[99.2833,14.9891],[99.2828,14.9976],[99.2753,14.9912],[99.269,14.9897],[99.2609,14.9916],[99.2563,14.9876],[99.2523,14.9922],[99.2529,14.9948],[99.2504,14.9961],[99.2496,14.9994],[99.2352,15.0092],[99.2332,15.0125],[99.2286,15.0103],[99.2229,15.0115],[99.22,15.0098],[99.2176,15.0128],[99.2137,15.012],[99.2081,15.0145],[99.2038,15.0143],[99.2008,15.0183],[99.198,15.0189],[99.1927,15.0239],[99.1931,15.0264],[99.1899,15.0277],[99.1842,15.0264],[99.1802,15.0189],[99.1777,15.0171],[99.1724,15.0169],[99.1692,15.014],[99.162,15.0153],[99.1575,15.0179],[99.1565,15.0224],[99.1489,15.0238],[99.1449,15.0271],[99.1424,15.0349],[99.1353,15.0375],[99.1355,15.0407],[99.1378,15.0434],[99.1469,15.0473],[99.1432,15.0518],[99.13,15.0493],[99.1246,15.051],[99.1226,15.054],[99.1186,15.0548],[99.1141,15.0445],[99.111,15.0473],[99.1022,15.0442],[99.1012,15.0424],[99.0929,15.0425],[99.087,15.0393],[99.0809,15.0402],[99.078,15.0386],[99.0734,15.0402],[99.0679,15.0475],[99.0566,15.0445],[99.0427,15.0457],[99.0376,15.0494],[99.0281,15.0496],[99.0246,15.0546],[99.0196,15.0549],[99.0187,15.058],[99.0137,15.062],[99.0086,15.0703],[98.9997,15.071],[99.0003,15.0594],[98.9934,15.0339],[98.9866,15.0266],[98.9775,15.0246],[98.9762,15.0225],[98.9772,15.018],[98.9691,14.9985],[98.9839,14.9918],[98.9851,14.9884],[98.9868,14.9835],[98.9873,14.9681],[98.991,14.9581],[98.9896,14.9509],[98.9904,14.9403],[98.9974,14.9311],[99.0027,14.9003],[99.0075,14.8909],[99.0052,14.8806],[99.0061,14.8754],[99.0111,14.8663],[99.0114,14.86],[99.0105,14.8498],[99.0066,14.8398],[99.01,14.83],[99.0094,14.8246],[99.0052,14.8095],[99.0105,14.794],[99.0083,14.7837],[99.0033,14.7742],[98.9938,14.768],[98.9761,14.7672],[98.9664,14.7739],[98.9624,14.7743],[98.9535,14.7692],[98.9538,14.7663],[98.9621,14.7594],[98.9619,14.7561],[98.9558,14.7501],[98.9463,14.7282],[98.9395,14.72],[98.9389,14.7097],[98.927,14.7097],[98.9222,14.7138],[98.9164,14.7159],[98.8989,14.7167],[98.8994,14.7231],[98.8936,14.73],[98.8821,14.7211],[98.8788,14.7157],[98.8786,14.7041],[98.8549,14.7151],[98.8475,14.7169],[98.843,14.7138],[98.8367,14.7167],[98.835,14.7196],[98.8361,14.7242],[98.8339,14.7272],[98.8339,14.7325],[98.8319,14.734],[98.8324,14.739],[98.8297,14.7432],[98.8284,14.7504],[98.8231,14.745],[98.8204,14.7447],[98.8202,14.7412],[98.816,14.74],[98.8138,14.7415],[98.8097,14.7307],[98.8085,14.7318],[98.7998,14.7307],[98.7951,14.7279],[98.7873,14.7279],[98.7812,14.7243],[98.7787,14.7251],[98.7753,14.7225],[98.7731,14.7226],[98.7725,14.7195],[98.7661,14.7125],[98.766,14.7062],[98.7616,14.7049],[98.7538,14.7066],[98.7513,14.7027],[98.7434,14.6971],[98.7408,14.6923],[98.7379,14.6913],[98.7359,14.6869],[98.7322,14.6855],[98.7319,14.6811],[98.7492,14.6671],[98.7586,14.6496],[98.7664,14.6451],[98.7802,14.6217],[98.7789,14.6166],[98.773,14.6155],[98.7718,14.6115],[98.766,14.6076],[98.7629,14.5986],[98.7592,14.5964],[98.7581,14.5933],[98.7641,14.5894],[98.7754,14.5717],[98.7947,14.5724],[98.7983,14.5741],[98.8042,14.5731],[98.8116,14.576],[98.8111,14.5808],[98.8199,14.5818],[98.834,14.5766],[98.8403,14.5766],[98.8355,14.5734],[98.8222,14.5755],[98.8163,14.5746],[98.8127,14.5601],[98.8156,14.5563],[98.8168,14.5447],[98.8146,14.5429],[98.8088,14.5438],[98.8082,14.5413],[98.8123,14.5345],[98.8207,14.5315],[98.828,14.5214],[98.8337,14.5182],[98.8413,14.5214],[98.8467,14.5183],[98.8488,14.5131],[98.8573,14.5079],[98.8626,14.5068],[98.8629,14.5007],[98.87,14.4951],[98.8714,14.4892],[98.898,14.4672],[98.9115,14.4491],[98.914,14.4402],[98.9206,14.4327],[98.9221,14.4281],[98.927,14.4264],[98.9372,14.4305],[98.94,14.4401],[98.944,14.4471],[98.9534,14.454],[98.957,14.4597],[98.9635,14.4638],[98.9802,14.4678],[98.987,14.4714],[98.9965,14.47],[99.0028,14.4714],[99.0142,14.4545],[99.0187,14.4518],[99.026,14.4507],[99.0353,14.4599],[99.0336,14.4652],[99.0341,14.4764],[99.0465,14.4867],[99.0606,14.4924],[99.0698,14.4984],[99.0911,14.503],[99.0961,14.5054],[99.1037,14.5141],[99.1067,14.5131],[99.1097,14.5085],[99.1204,14.5066],[99.1229,14.5106],[99.1179,14.5173],[99.125,14.5236],[99.1282,14.5244],[99.1523,14.5621],[99.1525,14.5688],[99.1575,14.5709],[99.1551,14.573],[99.1496,14.5713],[99.1472,14.5732],[99.1484,14.5762],[99.1527,14.5795],[99.1498,14.5847],[99.1514,14.587],[99.1539,14.5873],[99.1537,14.5902],[99.1512,14.5918],[99.1506,14.5946],[99.1541,14.5986],[99.1512,14.5994],[99.144,14.5948],[99.1417,14.5967],[99.1423,14.5996],[99.1498,14.6029],[99.1494,14.6086],[99.1543,14.6099],[99.1581,14.6138],[99.163,14.6097],[99.1652,14.6115],[99.1648,14.6145],[99.1664,14.6168],[99.1723,14.6139],[99.1747,14.6146],[99.1755,14.6167],[99.1729,14.6209],[99.1735,14.6251],[99.1758,14.6277],[99.1678,14.6313],[99.1668,14.6341],[99.1639,14.6345],[99.1619,14.6399],[99.1595,14.6379],[99.1595,14.6355],[99.1556,14.6375],[99.1554,14.6415],[99.1505,14.6392],[99.1447,14.6394],[99.1383,14.6421],[99.1283,14.642],[99.1258,14.6437],[99.1262,14.6466],[99.1283,14.6481],[99.1358,14.6511],[99.1408,14.6503],[99.1459,14.6523],[99.1498,14.6614],[99.1457,14.6686],[99.1504,14.6714],[99.1508,14.6754],[99.1534,14.6764],[99.1534,14.6794],[99.1569,14.6836],[99.1516,14.6815],[99.1486,14.6827],[99.1447,14.6762],[99.1269,14.6768],[99.1241,14.6779],[99.1243,14.6813],[99.1203,14.6856],[99.1215,14.688],[99.137,14.6859],[99.1393,14.6871],[99.1401,14.69],[99.1381,14.6953],[99.1322,14.6949],[99.1279,14.6915],[99.1194,14.6896],[99.111,14.6924],[99.1107,14.695],[99.12,14.7017],[99.1249,14.7035],[99.1298,14.7026],[99.1337,14.7055],[99.1339,14.7083],[99.1385,14.7116],[99.131,14.7209],[99.1326,14.7232],[99.136,14.7196],[99.1377,14.7217],[99.1334,14.7296],[99.1199,14.7421],[99.1138,14.7431],[99.1122,14.7473],[99.1144,14.749],[99.1148,14.7519],[99.112,14.7534],[99.1039,14.7672],[99.1039,14.7739],[99.1057,14.7757],[99.1041,14.778],[99.1066,14.7821],[99.1039,14.7873],[99.1046,14.7898],[99.116,14.7885],[99.1206,14.7912],[99.1255,14.7897],[99.1273,14.7979],[99.1251,14.8],[99.1227,14.7994],[99.1192,14.7928],[99.1162,14.7922],[99.1086,14.7958],[99.1086,14.7987],[99.105,14.8035],[99.106,14.8119],[99.1021,14.8212],[99.1033,14.8268],[99.0958,14.8298],[99.0887,14.8354],[99.0865,14.8428],[99.0846,14.8447],[99.0842,14.8591],[99.0875,14.8667],[99.0844,14.8751],[99.0849,14.881],[99.0899,14.885],[99.0925,14.8838],[99.0897,14.8866],[99.09,14.8898],[99.0929,14.8906],[99.0901,14.8915],[99.0917,14.8934],[99.0929,14.8927],[99.0935,14.8946],[99.0917,14.8962],[99.0917,14.8945],[99.0901,14.8946],[99.0904,14.8984],[99.0938,14.8981],[99.0974,14.8956],[99.0981,14.8933],[99.0995,14.8953],[99.1017,14.8938],[99.1011,14.8966],[99.1049,14.8972],[99.1026,14.8997],[99.1087,14.8982],[99.1082,14.9015],[99.1119,14.897],[99.1108,14.9015],[99.1145,14.902],[99.1095,14.9037],[99.1104,14.9054],[99.1139,14.9061],[99.1136,14.9076],[99.1174,14.9113],[99.1184,14.9162],[99.1218,14.9182],[99.1273,14.9187],[99.1306,14.9172],[99.1349,14.9117],[99.14,14.9082],[99.1417,14.9122],[99.1405,14.9065],[99.1439,14.904],[99.1421,14.8996],[99.1381,14.898],[99.1408,14.8972],[99.1429,14.893],[99.1408,14.8906],[99.1414,14.8882],[99.1381,14.8851],[99.1405,14.8803],[99.1396,14.878],[99.1458,14.8745],[99.1414,14.8743],[99.1417,14.872],[99.1386,14.8704],[99.1369,14.8657],[99.1338,14.8683],[99.134,14.8624],[99.1323,14.8605],[99.1343,14.8573],[99.1311,14.8568],[99.1357,14.8487],[99.1404,14.8484],[99.1387,14.8444],[99.1442,14.8414],[99.1432,14.8364],[99.1526,14.8235],[99.1528,14.8204],[99.1551,14.8181],[99.1541,14.8159],[99.1576,14.8172],[99.161,14.8139],[99.1788,14.8163],[99.1776,14.8137],[99.1804,14.8125],[99.1808,14.806],[99.1845,14.7982],[99.1895,14.7947],[99.1908,14.79],[99.1899,14.7853],[99.1924,14.7836],[99.1947,14.7854],[99.1987,14.7851],[99.2068,14.7802],[99.2123,14.7795],[99.2142,14.7769],[99.2231,14.776],[99.2265,14.7785],[99.2284,14.7783],[99.2289,14.7736],[99.2262,14.772],[99.2343,14.7669],[99.237,14.7692],[99.2405,14.7672],[99.2401,14.7656],[99.2448,14.7675],[99.2489,14.7671],[99.2472,14.7646],[99.2536,14.7611],[99.2546,14.7567],[99.258,14.7542],[99.268,14.7546],[99.2765,14.7632],[99.2722,14.764],[99.2694,14.7757],[99.2704,14.7828],[99.2735,14.7852],[99.2702,14.789],[99.2634,14.7913],[99.2567,14.8019],[99.2507,14.8076],[99.2507,14.8144],[99.2448,14.8199],[99.2541,14.8205],[99.258,14.8192],[99.2616,14.8147],[99.2744,14.8129],[99.2866,14.8031],[99.2994,14.8097],[99.3005,14.815],[99.2961,14.8256],[99.297,14.8352],[99.2918,14.8407],[99.2915,14.8501],[99.2873,14.8558],[99.2872,14.8647],[99.2918,14.8652],[99.295,14.8694],[99.3006,14.8716],[99.3057,14.8822],[99.3134,14.8836],[99.3176,14.8937],[99.3222,14.8956],[99.3245,14.8994],[99.3243,14.9228]]]}},{"type":"Feature","properties":{"id":3801566,"name":"\u0e2d\u0e38\u0e17\u0e22\u0e32\u0e19\u0e41\u0e2b\u0e48\u0e07\u0e0a\u0e32\u0e15\u0e34\u0e25\u0e33\u0e04\u0e25\u0e2d\u0e07\u0e07\u0e39","name_en":"Lam Khlong Ngu National Park","boundary":"national_park","protect_class":"2"},"geometry":{"type":"Polygon","coordinates":[[[98.8284,14.7504],[98.8266,14.7611],[98.8305,14.7625],[98.8302,14.7668],[98.8269,14.7728],[98.8245,14.7733],[98.8242,14.7648],[98.8231,14.7639],[98.8187,14.7663],[98.816,14.7653],[98.814,14.7538],[98.8119,14.7525],[98.8111,14.7371],[98.8077,14.7346],[98.8028,14.7446],[98.7941,14.7418],[98.7931,14.7528],[98.7874,14.7646],[98.7844,14.762],[98.7831,14.7577],[98.7775,14.7563],[98.7757,14.7483],[98.7775,14.7433],[98.773,14.7373],[98.7692,14.735],[98.7651,14.7383],[98.764,14.7414],[98.7568,14.7343],[98.751,14.7352],[98.7491,14.7337],[98.7501,14.7323],[98.747,14.7246],[98.7438,14.7239],[98.7458,14.7193],[98.7538,14.7128],[98.7561,14.7179],[98.7599,14.7138],[98.746,14.7035],[98.7383,14.6922],[98.7354,14.6904],[98.7315,14.6933],[98.7318,14.6878],[98.7291,14.6847],[98.7233,14.6924],[98.7139,14.6976],[98.7047,14.7068],[98.7078,14.708],[98.7083,14.7122],[98.7109,14.7147],[98.7078,14.7187],[98.7087,14.7199],[98.7255,14.7237],[98.7253,14.7279],[98.7231,14.7251],[98.7185,14.723],[98.7066,14.7213],[98.7039,14.7236],[98.7005,14.7356],[98.6988,14.7362],[98.6969,14.7412],[98.697,14.7476],[98.6947,14.7548],[98.6987,14.7602],[98.6949,14.7595],[98.6887,14.7688],[98.6837,14.769],[98.6743,14.7583],[98.6717,14.7607],[98.6693,14.767],[98.6647,14.7697],[98.669,14.7747],[98.6715,14.7745],[98.6742,14.7787],[98.6693,14.7814],[98.6814,14.7854],[98.6839,14.7837],[98.6838,14.7817],[98.6881,14.7809],[98.6923,14.7735],[98.6949,14.772],[98.7016,14.7705],[98.7055,14.7736],[98.7097,14.7739],[98.7119,14.7714],[98.7171,14.771],[98.7197,14.7744],[98.6997,14.7768],[98.696,14.7843],[98.6909,14.7816],[98.6857,14.7831],[98.6858,14.7857],[98.6842,14.7869],[98.6901,14.792],[98.6921,14.7976],[98.6895,14.8007],[98.6875,14.8007],[98.6838,14.8059],[98.6829,14.8194],[98.6766,14.8222],[98.6822,14.8087],[98.6793,14.7995],[98.6818,14.7964],[98.6806,14.7931],[98.6772,14.7912],[98.674,14.7934],[98.6733,14.796],[98.6755,14.8083],[98.6784,14.8095],[98.6785,14.812],[98.6708,14.8167],[98.6751,14.8219],[98.6759,14.8255],[98.6793,14.8282],[98.679,14.8351],[98.6839,14.8379],[98.6788,14.8412],[98.6816,14.8452],[98.6796,14.8485],[98.6826,14.8484],[98.6828,14.8531],[98.6808,14.857],[98.6847,14.8644],[98.6879,14.8647],[98.6857,14.8674],[98.6892,14.8802],[98.6865,14.8866],[98.6814,14.89],[98.6841,14.8949],[98.6818,14.8985],[98.6844,14.9003],[98.6807,14.9044],[98.6867,14.9065],[98.6798,14.912],[98.6745,14.9236],[98.676,14.9276],[98.6744,14.9308],[98.6752,14.9331],[98.6772,14.9356],[98.6793,14.9357],[98.6834,14.9318],[98.69,14.9297],[98.696,14.9367],[98.7033,14.9378],[98.7054,14.9371],[98.712,14.928],[98.7209,14.9251],[98.7256,14.9264],[98.7282,14.9307],[98.7324,14.9323],[98.7399,14.9273],[98.7467,14.9264],[98.7501,14.9303],[98.7534,14.9423],[98.753,14.9489],[98.7558,14.9572],[98.7551,14.9596],[98.7724,14.9434],[98.7936,14.9419],[98.8019,14.9364],[98.81,14.9435],[98.8172,14.9564],[98.8192,14.9685],[98.8266,14.9753],[98.8296,14.9807],[98.8307,14.9838],[98.8301,14.9972],[98.8354,15.0049],[98.8428,15.0002],[98.8503,14.9991],[98.8526,15.0012],[98.8575,14.9986],[98.8578,14.9957],[98.8645,14.9913],[98.8745,14.9941],[98.8832,15.0005],[98.8861,15.0056],[98.8882,15.0059],[98.9044,15.0045],[98.9061,15.0019],[98.9058,14.9969],[98.9104,14.9963],[98.9181,15.0027],[98.9418,15.0043],[98.9441,15.0009],[98.9515,15.003],[98.9561,14.9999],[98.96,14.9944],[98.9636,14.9949],[98.9643,14.9984],[98.9691,14.9985],[98.9839,14.9918],[98.9868,14.9835],[98.9873,14.9681],[98.991,14.9581],[98.9896,14.9509],[98.9904,14.9403],[98.9974,14.9311],[99.0027,14.9003],[99.0075,14.8909],[99.0052,14.8806],[99.0061,14.8754],[99.0111,14.8663],[99.0105,14.8498],[99.0066,14.8398],[99.01,14.83],[99.0094,14.8246],[99.0052,14.8095],[99.0105,14.794],[99.0083,14.7837],[99.0033,14.7742],[98.9938,14.768],[98.9761,14.7672],[98.9664,14.7739],[98.9624,14.7743],[98.9535,14.7692],[98.9538,14.7663],[98.9621,14.7594],[98.9619,14.7561],[98.9558,14.7501],[98.9463,14.7282],[98.9395,14.72],[98.9389,14.7097],[98.927,14.7097],[98.9222,14.7138],[98.9164,14.7159],[98.8989,14.7167],[98.8994,14.7231],[98.8936,14.73],[98.8821,14.7211],[98.8788,14.7157],[98.8786,14.7041],[98.8549,14.7151],[98.8475,14.7169],[98.843,14.7138],[98.8367,14.7167],[98.835,14.7196],[98.8361,14.7242],[98.8339,14.7272],[98.8339,14.7325],[98.8319,14.734],[98.8324,14.739],[98.8297,14.7432],[98.8284,14.7504]],[[98.8651,14.7404],[98.8603,14.7533],[98.8628,14.7545],[98.8608,14.7566],[98.8568,14.7569],[98.8516,14.7671],[98.8521,14.7758],[98.854,14.7759],[98.8569,14.7619],[98.8603,14.7583],[98.8677,14.7652],[98.8696,14.765],[98.8691,14.762],[98.8781,14.7596],[98.8786,14.7562],[98.8858,14.7533],[98.891,14.744],[98.8929,14.7433],[98.8927,14.7399],[98.8964,14.7351],[98.8939,14.7323],[98.8897,14.7307],[98.8876,14.7326],[98.8797,14.7293],[98.887,14.728],[98.8857,14.7246],[98.8833,14.7248],[98.8821,14.7233],[98.8814,14.7261],[98.8753,14.7265],[98.8748,14.7227],[98.8726,14.7228],[98.8701,14.726],[98.8655,14.7273],[98.8633,14.7263],[98.8632,14.7276],[98.8671,14.7315],[98.8659,14.7332],[98.8731,14.7375],[98.8735,14.7399],[98.8701,14.7418],[98.8651,14.7404]]]}},{"type":"Feature","properties":{"id":3801619,"name":"\u0e2d\u0e38\u0e17\u0e22\u0e32\u0e19\u0e41\u0e2b\u0e48\u0e07\u0e0a\u0e32\u0e15\u0e34\u0e40\u0e09\u0e25\u0e34\u0e21\u0e23\u0e31\u0e15\u0e19\u0e42\u0e01\u0e2a\u0e34\u0e19\u0e17\u0e23\u0e4c","name_en":"Chaloem Rattanakosin National Park","boundary":"national_park","protect_class":"2"},"geometry":{"type":"Polygon","coordinates":[[[99.2977,14.6119],[99.3109,14.6324],[99.3098,14.6423],[99.3123,14.6491],[99.3112,14.6571],[99.3155,14.6628],[99.313,14.6657],[99.316,14.6677],[99.3149,14.6716],[99.3124,14.6719],[99.3068,14.68],[99.29,14.6889],[99.2858,14.705],[99.2883,14.7078],[99.2891,14.7129],[99.2852,14.7178],[99.2851,14.7334],[99.2791,14.7381],[99.2744,14.7371],[99.2725,14.7336],[99.2671,14.7312],[99.2611,14.7303],[99.2627,14.7274],[99.254,14.7212],[99.2481,14.7148],[99.2469,14.7103],[99.2526,14.6992],[99.2552,14.698],[99.2553,14.6951],[99.2504,14.686],[99.245,14.6823],[99.2449,14.6808],[99.2367,14.6804],[99.2444,14.6627],[99.2482,14.6586],[99.2532,14.6436],[99.2577,14.6393],[99.2607,14.6283],[99.2711,14.6184],[99.2797,14.6141],[99.2892,14.6185],[99.2977,14.6119]]]}},{"type":"Feature","properties":{"id":3801620,"name":"\u0e40\u0e02\u0e15\u0e23\u0e31\u0e01\u0e29\u0e32\u0e1e\u0e31\u0e19\u0e18\u0e38\u0e4c\u0e2a\u0e31\u0e15\u0e27\u0e4c\u0e1b\u0e48\u0e32\u0e2a\u0e25\u0e31\u0e01\u0e1e\u0e23\u0e30","name_en":"Salak Phra Wildlife Sanctuary","boundary":"protected_area","protect_class":"1a"},"geometry":{"type":"Polygon","coordinates":[[[99.2977,14.6119],[99.3021,14.6069],[99.3076,14.6063],[99.3453,14.639],[99.3656,14.6471],[99.3507,14.6576],[99.3448,14.6587],[99.3228,14.6549],[99.3173,14.6548],[99.3162,14.6561],[99.3176,14.6608],[99.3327,14.6654],[99.3414,14.663],[99.3508,14.663],[99.3557,14.6596],[99.366,14.6595],[99.377,14.6533],[99.3822,14.6478],[99.3849,14.6401],[99.3953,14.6419],[99.4078,14.6254],[99.4037,14.6141],[99.408,14.6043],[99.4072,14.6028],[99.401,14.6018],[99.3967,14.5989],[99.3885,14.5867],[99.3895,14.5781],[99.3886,14.5734],[99.386,14.5709],[99.3851,14.5541],[99.3798,14.5445],[99.3726,14.5387],[99.3716,14.5338],[99.3745,14.5292],[99.3786,14.5272],[99.3821,14.523],[99.3841,14.5149],[99.3904,14.5127],[99.3968,14.5131],[99.4049,14.5094],[99.4102,14.5089],[99.4076,14.5082],[99.405,14.5006],[99.4027,14.5017],[99.4016,14.4982],[99.3903,14.4947],[99.39,14.493],[99.3833,14.489],[99.3832,14.4867],[99.3624,14.4797],[99.3528,14.4695],[99.3511,14.4632],[99.3427,14.4522],[99.3359,14.428],[99.3391,14.4068],[99.3385,14.4014],[99.3304,14.3895],[99.3297,14.3846],[99.3315,14.3758],[99.3269,14.368],[99.3303,14.3547],[99.3301,14.3479],[99.3288,14.3435],[99.3245,14.3408],[99.3171,14.3395],[99.3094,14.3324],[99.3095,14.3294],[99.3158,14.3279],[99.3214,14.3228],[99.3272,14.3103],[99.3327,14.3072],[99.3404,14.2963],[99.3485,14.2757],[99.347,14.2711],[99.3381,14.2666],[99.3367,14.2633],[99.3395,14.2556],[99.3379,14.2496],[99.3408,14.2427],[99.3361,14.221],[99.3406,14.2068],[99.344,14.2016],[99.3447,14.1958],[99.3526,14.1858],[99.3629,14.1825],[99.3712,14.1705],[99.371,14.1674],[99.366,14.1632],[99.365,14.1599],[99.3625,14.1573],[99.3578,14.1559],[99.3428,14.1648],[99.3407,14.1646],[99.3386,14.1557],[99.3306,14.1428],[99.3243,14.1435],[99.3112,14.1539],[99.2991,14.1586],[99.2886,14.1675],[99.266,14.1807],[99.2631,14.1859],[99.2567,14.1932],[99.2518,14.1959],[99.2474,14.2024],[99.2323,14.21],[99.2307,14.2141],[99.2389,14.2186],[99.2408,14.2312],[99.2381,14.2404],[99.2329,14.248],[99.2328,14.2633],[99.2369,14.2722],[99.2338,14.2818],[99.2309,14.2862],[99.2207,14.2936],[99.2232,14.298],[99.2219,14.3021],[99.2129,14.3168],[99.2094,14.3266],[99.1927,14.3397],[99.1853,14.3484],[99.1767,14.3531],[99.1717,14.3597],[99.1591,14.3641],[99.1569,14.3662],[99.1432,14.3912],[99.1391,14.4109],[99.1349,14.4205],[99.1371,14.4235],[99.1317,14.4265],[99.1297,14.4322],[99.132,14.4477],[99.175,14.4487],[99.1752,14.4693],[99.1723,14.4717],[99.1732,14.4788],[99.1701,14.4818],[99.169,14.4865],[99.1733,14.4955],[99.1687,14.5079],[99.1742,14.5146],[99.1719,14.5207],[99.1713,14.5371],[99.1641,14.5428],[99.1613,14.5515],[99.16,14.5518],[99.156,14.5599],[99.1608,14.5686],[99.1624,14.5727],[99.1613,14.5748],[99.1679,14.5891],[99.166,14.5929],[99.1688,14.5942],[99.1673,14.5973],[99.1702,14.5984],[99.1676,14.61],[99.1685,14.612],[99.1747,14.6146],[99.1774,14.6182],[99.1849,14.6331],[99.1871,14.6329],[99.1938,14.6396],[99.2018,14.6434],[99.2061,14.6472],[99.215,14.6581],[99.2172,14.6655],[99.2251,14.676],[99.2261,14.681],[99.2292,14.6839],[99.2363,14.6826],[99.2444,14.6627],[99.2482,14.6586],[99.2532,14.6436],[99.2577,14.6393],[99.2595,14.6304],[99.2681,14.6212],[99.2797,14.6141],[99.2892,14.6185],[99.2977,14.6119]]]}},{"type":"Feature","properties":{"id":4485849,"name":"\u0e2d\u0e38\u0e17\u0e22\u0e32\u0e19\u0e41\u0e2b\u0e48\u0e07\u0e0a\u0e32\u0e15\u0e34\u0e17\u0e2d\u0e07\u0e1c\u0e32\u0e20\u0e39\u0e21\u0e34","name_en":"Thong Pha Phum National Park","boundary":"national_park","protect_class":"2"},"geometry":{"type":"Polygon","coordinates":[[[98.5219,14.662],[98.5229,14.6652],[98.5287,14.668],[98.5292,14.6735],[98.5268,14.681],[98.5177,14.6839],[98.524,14.6888],[98.5236,14.691],[98.5188,14.691],[98.514,14.6932],[98.5116,14.6904],[98.5017,14.6937],[98.504,14.6947],[98.5113,14.6932],[98.5141,14.6944],[98.5171,14.697],[98.5185,14.7043],[98.5163,14.7063],[98.5124,14.7067],[98.5071,14.7128],[98.5033,14.7141],[98.5058,14.7154],[98.5052,14.718],[98.497,14.7184],[98.5006,14.7226],[98.4969,14.7263],[98.4904,14.7292],[98.4898,14.7324],[98.4868,14.7343],[98.4842,14.7386],[98.4862,14.7404],[98.4898,14.7361],[98.4936,14.7349],[98.495,14.7363],[98.488,14.7491],[98.4877,14.7526],[98.4806,14.7552],[98.4759,14.759],[98.4709,14.7578],[98.4712,14.7519],[98.4696,14.7516],[98.4637,14.76],[98.4585,14.7564],[98.4598,14.7533],[98.4543,14.7531],[98.4443,14.7563],[98.4419,14.7528],[98.4396,14.7567],[98.4367,14.7509],[98.4366,14.7496],[98.438,14.75],[98.4373,14.7455],[98.4355,14.7468],[98.4338,14.7457],[98.4356,14.7435],[98.4255,14.7425],[98.4176,14.7439],[98.4145,14.7501],[98.403,14.7478],[98.3925,14.7516],[98.3916,14.7531],[98.3949,14.7552],[98.3903,14.7612],[98.3949,14.7608],[98.3924,14.7631],[98.3919,14.769],[98.3889,14.77],[98.3887,14.7741],[98.3861,14.7721],[98.3826,14.7735],[98.3826,14.7783],[98.3805,14.7777],[98.3804,14.7818],[98.3838,14.7814],[98.3851,14.785],[98.3811,14.7896],[98.3808,14.7935],[98.3777,14.7937],[98.3793,14.7957],[98.3766,14.7978],[98.3834,14.7998],[98.3833,14.7969],[98.385,14.799],[98.3741,14.8096],[98.3755,14.8111],[98.3771,14.8104],[98.3776,14.8156],[98.3727,14.8158],[98.3725,14.8186],[98.37,14.8191],[98.3706,14.821],[98.3656,14.822],[98.3634,14.8185],[98.3611,14.8185],[98.3618,14.8162],[98.3604,14.8152],[98.3601,14.8174],[98.358,14.8157],[98.3565,14.818],[98.3583,14.8222],[98.3565,14.8223],[98.3553,14.8256],[98.3514,14.8281],[98.3501,14.8258],[98.3481,14.8288],[98.344,14.8298],[98.338,14.829],[98.3351,14.8335],[98.3306,14.8337],[98.3265,14.8374],[98.3238,14.8649],[98.3196,14.8738],[98.3196,14.8777],[98.3145,14.8824],[98.3143,14.8875],[98.3166,14.8901],[98.3214,14.8908],[98.3269,14.889],[98.3304,14.8952],[98.3333,14.8969],[98.3389,14.8942],[98.3404,14.8976],[98.3434,14.8979],[98.3399,14.9003],[98.3397,14.9028],[98.3479,14.9074],[98.3497,14.9143],[98.3519,14.9164],[98.3516,14.9179],[98.3483,14.9188],[98.3511,14.9238],[98.348,14.9272],[98.352,14.9312],[98.3465,14.9328],[98.3354,14.9489],[98.327,14.9512],[98.3254,14.9715],[98.3215,14.9839],[98.3233,14.9884],[98.3222,15.0046],[98.3168,15.0079],[98.3154,15.0117],[98.3024,15.0147],[98.3007,15.0157],[98.3005,15.0182],[98.3075,15.0248],[98.306,15.0317],[98.3084,15.0398],[98.3198,15.0524],[98.3212,15.0654],[98.3177,15.0791],[98.318,15.0863],[98.3264,15.0859],[98.3263,15.0919],[98.3299,15.0945],[98.3275,15.1128],[98.3254,15.1172],[98.3302,15.1227],[98.3375,15.1274],[98.3433,15.1295],[98.3442,15.1276],[98.3447,15.1304],[98.3472,15.1281],[98.3517,15.1276],[98.3555,15.1335],[98.3575,15.1319],[98.3598,15.1326],[98.3573,15.1283],[98.3602,15.1283],[98.3613,15.1264],[98.362,15.1328],[98.3638,15.1356],[98.3616,15.1357],[98.3568,15.1419],[98.3519,15.1436],[98.3498,15.1466],[98.3502,15.1517],[98.3477,15.1507],[98.3481,15.1528],[98.3437,15.1516],[98.3389,15.156],[98.3315,15.1581],[98.3252,15.1773],[98.3249,15.1857],[98.3232,15.1873],[98.3239,15.1895],[98.3174,15.1945],[98.3144,15.2046],[98.3093,15.2102],[98.312,15.2168],[98.3123,15.2242],[98.3172,15.2162],[98.3173,15.2096],[98.3223,15.1995],[98.3298,15.1907],[98.332,15.1924],[98.3364,15.1905],[98.3394,15.1959],[98.3386,15.2066],[98.3428,15.2051],[98.35,15.1938],[98.3567,15.189],[98.3702,15.1857],[98.3604,15.2125],[98.3649,15.2219],[98.3645,15.2306],[98.357,15.2358],[98.3561,15.2394],[98.3536,15.2409],[98.3488,15.2396],[98.3445,15.2425],[98.3386,15.243],[98.3293,15.2499],[98.3291,15.2552],[98.3173,15.2661],[98.319,15.2879],[98.3257,15.2849],[98.3303,15.285],[98.3323,15.2864],[98.3355,15.2954],[98.333,15.2992],[98.327,15.3033],[98.3234,15.3031],[98.319,15.3051],[98.306,15.3135],[98.3021,15.3111],[98.2977,15.3135],[98.2959,15.3123],[98.2956,15.3084],[98.3005,15.3034],[98.2942,15.2966],[98.2979,15.2935],[98.2991,15.2911],[98.298,15.2886],[98.3038,15.2809],[98.3011,15.2795],[98.3005,15.2749],[98.2809,15.271],[98.2802,15.266],[98.2815,15.2635],[98.274,15.2556],[98.273,15.2501],[98.2677,15.2481],[98.2657,15.2446],[98.2662,15.2418],[98.2599,15.2353],[98.2586,15.2237],[98.2528,15.2253],[98.244,15.2209],[98.2392,15.2216],[98.2351,15.2201],[98.2314,15.223],[98.2202,15.225],[98.2168,15.2335],[98.2125,15.2365],[98.2078,15.2345],[98.2038,15.237],[98.1986,15.2349],[98.1975,15.2328],[98.2,15.2245],[98.1982,15.2203],[98.202,15.2151],[98.1998,15.211],[98.2096,15.2005],[98.2084,15.1897],[98.2122,15.1858],[98.2134,15.182],[98.2083,15.171],[98.2018,15.1659],[98.1993,15.1559],[98.192,15.1529],[98.1904,15.1508],[98.1887,15.1418],[98.1934,15.1359],[98.1869,15.1239],[98.1834,15.1214],[98.1836,15.1138],[98.1817,15.1084],[98.1847,15.1039],[98.1837,15.0963],[98.1904,15.0924],[98.1935,15.087],[98.193,15.0768],[98.2035,15.078],[98.2098,15.0763],[98.216,15.0674],[98.2157,15.0646],[98.2215,15.0597],[98.2202,15.0551],[98.2247,15.0525],[98.2257,15.0496],[98.2301,15.0469],[98.2314,15.0444],[98.224,15.0262],[98.2185,15.0253],[98.2128,15.0204],[98.2083,14.9862],[98.2092,14.9798],[98.2125,14.9794],[98.217,14.9744],[98.2208,14.9759],[98.2262,14.9696],[98.2333,14.9666],[98.231,14.9553],[98.2282,14.9503],[98.2287,14.9469],[98.2323,14.942],[98.2432,14.9401],[98.2433,14.9225],[98.251,14.916],[98.2407,14.8998],[98.2328,14.8959],[98.2298,14.8899],[98.2333,14.8832],[98.2389,14.8804],[98.2442,14.8721],[98.257,14.8635],[98.2584,14.8611],[98.2594,14.8581],[98.2585,14.8434],[98.2546,14.8408],[98.2539,14.8369],[98.2495,14.8352],[98.2458,14.8312],[98.2509,14.826],[98.2511,14.8206],[98.2539,14.8138],[98.2615,14.8113],[98.2613,14.8095],[98.2705,14.7995],[98.2766,14.797],[98.2778,14.7888],[98.2829,14.7762],[98.2859,14.7742],[98.2902,14.7745],[98.2944,14.7699],[98.2943,14.7631],[98.2972,14.7496],[98.301,14.7475],[98.3024,14.7421],[98.3067,14.7375],[98.3052,14.7321],[98.3151,14.7269],[98.3155,14.7227],[98.3224,14.7163],[98.324,14.7094],[98.3304,14.7061],[98.3342,14.7115],[98.3371,14.7105],[98.3406,14.7061],[98.34,14.7035],[98.3438,14.7021],[98.3451,14.6997],[98.352,14.7005],[98.3566,14.6987],[98.3641,14.7028],[98.3754,14.6986],[98.3809,14.6997],[98.3804,14.6968],[98.3824,14.6969],[98.3853,14.6923],[98.3787,14.6844],[98.379,14.6789],[98.3815,14.6791],[98.3921,14.6724],[98.3896,14.6689],[98.3883,14.6586],[98.3906,14.6469],[98.3988,14.6401],[98.4046,14.6382],[98.4075,14.6335],[98.4157,14.6311],[98.4207,14.623],[98.424,14.6229],[98.4251,14.6194],[98.4288,14.6188],[98.4333,14.6142],[98.4372,14.6131],[98.4361,14.6083],[98.4391,14.6054],[98.4441,14.5927],[98.4459,14.5928],[98.4517,14.5825],[98.4561,14.5823],[98.4584,14.5793],[98.4585,14.5606],[98.4559,14.5566],[98.4596,14.5484],[98.4589,14.5457],[98.4605,14.5436],[98.4616,14.5309],[98.4657,14.5318],[98.4697,14.5365],[98.4772,14.5369],[98.4799,14.5347],[98.4849,14.5346],[98.489,14.5404],[98.4919,14.5406],[98.4965,14.5243],[98.4954,14.5205],[98.4983,14.5151],[98.4975,14.5115],[98.5033,14.511],[98.5053,14.5082],[98.5043,14.4959],[98.5104,14.4891],[98.5088,14.4857],[98.5094,14.4827],[98.5121,14.4803],[98.5114,14.4776],[98.5139,14.4741],[98.5172,14.4738],[98.5173,14.4703],[98.5204,14.47],[98.5242,14.4553],[98.5324,14.448],[98.533,14.4432],[98.5349,14.4424],[98.5418,14.4578],[98.5468,14.4649],[98.5486,14.4709],[98.5479,14.4747],[98.5578,14.4839],[98.5612,14.4937],[98.566,14.4967],[98.5663,14.4984],[98.5699,14.4985],[98.5716,14.5009],[98.5745,14.5007],[98.5753,14.499],[98.578,14.4995],[98.579,14.496],[98.5866,14.4958],[98.5865,14.4978],[98.5906,14.4986],[98.5905,14.5014],[98.5882,14.5035],[98.5906,14.5047],[98.5944,14.5031],[98.5953,14.5065],[98.6003,14.5079],[98.6011,14.5133],[98.6035,14.5138],[98.6015,14.5165],[98.609,14.517],[98.6105,14.5204],[98.6135,14.5202],[98.6141,14.5229],[98.6201,14.5227],[98.6231,14.529],[98.6224,14.5251],[98.6253,14.5251],[98.6241,14.5236],[98.6267,14.5226],[98.6314,14.5343],[98.6261,14.5411],[98.6198,14.5443],[98.6144,14.5427],[98.6054,14.5469],[98.6001,14.5466],[98.5875,14.5549],[98.5891,14.5566],[98.5858,14.556],[98.5817,14.5623],[98.5808,14.5589],[98.5745,14.5569],[98.5726,14.5511],[98.5692,14.5525],[98.5706,14.557],[98.5682,14.5597],[98.5663,14.558],[98.5633,14.5625],[98.5649,14.5697],[98.5679,14.5748],[98.5768,14.5837],[98.5736,14.5963],[98.574,14.6077],[98.5706,14.6162],[98.5582,14.6317],[98.5541,14.6326],[98.553,14.6314],[98.5528,14.6246],[98.5516,14.6244],[98.5448,14.6357],[98.5463,14.6392],[98.541,14.6464],[98.5327,14.6528],[98.5323,14.6555],[98.5271,14.6573],[98.5268,14.6531],[98.5235,14.6517],[98.5259,14.6438],[98.5236,14.6384],[98.5234,14.6311],[98.5324,14.6092],[98.5383,14.6045],[98.5391,14.6006],[98.5279,14.6103],[98.523,14.6207],[98.5211,14.6333],[98.5185,14.6382],[98.5198,14.6406],[98.5234,14.6412],[98.5233,14.6454],[98.5196,14.6488],[98.5208,14.6523],[98.5196,14.6583],[98.5219,14.662]],[[98.4285,14.64],[98.43,14.638],[98.4275,14.6389],[98.4285,14.64]]]}},{"type":"Feature","properties":{"id":4486039,"name":"\u0e2d\u0e38\u0e17\u0e22\u0e32\u0e19\u0e41\u0e2b\u0e48\u0e07\u0e0a\u0e32\u0e15\u0e34\u0e44\u0e17\u0e23\u0e42\u0e22\u0e04","name_en":"Sai Yok National Park","boundary":"national_park","protect_class":"2"},"geometry":{"type":"Polygon","coordinates":[[[98.636,14.5187],[98.6386,14.5264],[98.6504,14.5308],[98.6497,14.5336],[98.6456,14.536],[98.6467,14.5379],[98.6587,14.5436],[98.6693,14.5353],[98.6765,14.5339],[98.6839,14.5296],[98.6847,14.5256],[98.6872,14.5236],[98.6932,14.5234],[98.7127,14.5181],[98.7148,14.5166],[98.7142,14.51],[98.7197,14.5042],[98.7305,14.5075],[98.7315,14.5119],[98.7396,14.5208],[98.7531,14.5224],[98.7597,14.5217],[98.7653,14.5184],[98.7688,14.5183],[98.7695,14.5154],[98.7752,14.5151],[98.7754,14.5133],[98.7808,14.5106],[98.7806,14.5087],[98.7853,14.5046],[98.7874,14.5059],[98.7922,14.5054],[98.7947,14.5033],[98.7949,14.5005],[98.8039,14.4917],[98.8073,14.4855],[98.8251,14.4771],[98.8349,14.4684],[98.8392,14.466],[98.8436,14.4684],[98.8507,14.4691],[98.8648,14.4435],[98.8683,14.4393],[98.8821,14.4291],[98.8833,14.4247],[98.8943,14.4139],[98.8791,14.4156],[98.8744,14.4138],[98.8718,14.4149],[98.8657,14.4129],[98.8565,14.4126],[98.842,14.4237],[98.8417,14.4137],[98.84,14.4108],[98.8432,14.4021],[98.8453,14.402],[98.8517,14.3951],[98.8539,14.3968],[98.8529,14.3943],[98.8545,14.3938],[98.8543,14.3915],[98.8572,14.3915],[98.8582,14.3904],[98.857,14.3881],[98.8602,14.386],[98.8619,14.3815],[98.864,14.3818],[98.8639,14.3762],[98.867,14.3706],[98.8678,14.3758],[98.8734,14.3727],[98.8731,14.3703],[98.8765,14.368],[98.8753,14.3639],[98.879,14.3618],[98.8818,14.3613],[98.8811,14.3653],[98.8839,14.3662],[98.8856,14.3638],[98.884,14.3601],[98.8874,14.3594],[98.8856,14.357],[98.889,14.3514],[98.8963,14.3497],[98.8953,14.3558],[98.9022,14.3548],[98.9095,14.3563],[98.9118,14.3593],[98.9198,14.3615],[98.9214,14.3526],[98.9247,14.3507],[98.9286,14.3526],[98.9293,14.35],[98.9205,14.3448],[98.9182,14.3392],[98.9153,14.3393],[98.9202,14.3327],[98.9215,14.3258],[98.9204,14.3247],[98.9138,14.3282],[98.9123,14.3314],[98.9089,14.3331],[98.9072,14.3352],[98.9068,14.3414],[98.9044,14.3355],[98.9082,14.3324],[98.9081,14.3311],[98.9049,14.3318],[98.9069,14.33],[98.9077,14.3249],[98.914,14.3177],[98.9193,14.3151],[98.9205,14.31],[98.9215,14.3102],[98.9206,14.3125],[98.925,14.3124],[98.92,14.3217],[98.9242,14.3227],[98.9257,14.3294],[98.921,14.333],[98.9197,14.3362],[98.9234,14.3364],[98.9275,14.3301],[98.9294,14.3306],[98.9314,14.3361],[98.9341,14.3356],[98.9279,14.3224],[98.9292,14.3181],[98.9311,14.318],[98.9385,14.3264],[98.9378,14.3293],[98.9409,14.3356],[98.9447,14.3362],[98.9566,14.33],[98.9614,14.3234],[98.9623,14.3208],[98.9609,14.3173],[98.962,14.3168],[98.9664,14.3178],[98.9688,14.3217],[98.9688,14.3254],[98.9661,14.3267],[98.9677,14.33],[98.9643,14.3324],[98.9644,14.3347],[98.9616,14.3385],[98.9634,14.3403],[98.9672,14.3404],[98.9723,14.3344],[98.9707,14.3257],[98.9721,14.3225],[98.9747,14.3205],[98.9762,14.3152],[98.9832,14.3062],[98.9878,14.3026],[98.9883,14.2973],[98.9915,14.293],[98.9979,14.288],[99.0022,14.2811],[99.0055,14.2788],[99.0124,14.2788],[99.0203,14.2633],[99.026,14.2618],[99.0316,14.2567],[99.0358,14.2494],[99.0398,14.2457],[99.0428,14.2465],[99.0458,14.2429],[99.055,14.2432],[99.0573,14.2394],[99.0538,14.2366],[99.0507,14.2367],[99.035,14.241],[99.0285,14.2468],[99.0282,14.2547],[99.0219,14.2583],[99.0156,14.2646],[99.014,14.2718],[99.0083,14.2719],[99.0062,14.2764],[99.0033,14.2765],[99.0056,14.2713],[99.0033,14.2697],[99.0063,14.2658],[99.0152,14.2601],[99.0148,14.2567],[98.9986,14.2649],[98.9967,14.2678],[98.9924,14.2665],[98.98,14.2747],[98.9753,14.2743],[98.9727,14.2783],[98.9659,14.2788],[98.9541,14.288],[98.9469,14.2899],[98.9406,14.2894],[98.9418,14.2872],[98.9408,14.2833],[98.9292,14.2779],[98.9313,14.2744],[98.9309,14.2709],[98.9274,14.2636],[98.9294,14.2583],[98.9287,14.2557],[98.9307,14.254],[98.9301,14.2476],[98.9245,14.2469],[98.9215,14.2483],[98.9198,14.2439],[98.9167,14.2423],[98.917,14.2394],[98.9067,14.2365],[98.9052,14.2335],[98.9015,14.2335],[98.8992,14.2318],[98.8912,14.235],[98.8908,14.2392],[98.8928,14.2414],[98.8915,14.2476],[98.8875,14.2494],[98.8861,14.2521],[98.8872,14.2582],[98.883,14.2628],[98.8818,14.2676],[98.8745,14.2664],[98.8722,14.2704],[98.8643,14.2742],[98.8607,14.2725],[98.858,14.2684],[98.8542,14.2682],[98.854,14.2718],[98.8389,14.2792],[98.8038,14.2785],[98.7997,14.2765],[98.7993,14.2719],[98.795,14.2711],[98.7906,14.2674],[98.7875,14.2675],[98.7874,14.264],[98.7958,14.2537],[98.7969,14.2502],[98.7854,14.2485],[98.7908,14.2433],[98.7911,14.2408],[98.7882,14.2362],[98.7838,14.2345],[98.7788,14.2242],[98.7728,14.2224],[98.7703,14.2091],[98.7673,14.2086],[98.7654,14.2127],[98.7619,14.2134],[98.7609,14.2156],[98.7566,14.2138],[98.7484,14.2256],[98.7443,14.2278],[98.7428,14.2333],[98.7402,14.2315],[98.7376,14.2349],[98.7351,14.2353],[98.7345,14.2382],[98.7315,14.2411],[98.7266,14.2383],[98.7246,14.2392],[98.7231,14.2415],[98.7165,14.2444],[98.7113,14.2517],[98.7053,14.253],[98.7,14.2599],[98.6998,14.2738],[98.6921,14.2744],[98.6863,14.2715],[98.6812,14.2733],[98.6762,14.2819],[98.6684,14.2877],[98.663,14.2912],[98.6575,14.2911],[98.6561,14.2941],[98.6458,14.3015],[98.6422,14.3009],[98.6361,14.307],[98.6305,14.316],[98.6249,14.3121],[98.6186,14.3141],[98.6146,14.3125],[98.6016,14.3217],[98.5971,14.3276],[98.5958,14.3323],[98.597,14.3366],[98.5931,14.344],[98.5942,14.3604],[98.5974,14.3682],[98.5955,14.3693],[98.5939,14.3762],[98.5919,14.3752],[98.5899,14.3699],[98.5767,14.3687],[98.5767,14.375],[98.5734,14.3804],[98.5701,14.3804],[98.5689,14.383],[98.565,14.3849],[98.5629,14.3966],[98.5567,14.403],[98.5568,14.4087],[98.5586,14.4123],[98.5574,14.4201],[98.5547,14.4219],[98.548,14.4224],[98.5472,14.4308],[98.5495,14.4339],[98.5467,14.4368],[98.5458,14.4407],[98.5422,14.4444],[98.5349,14.4424],[98.5418,14.4578],[98.5468,14.4649],[98.5486,14.4709],[98.5479,14.4747],[98.5578,14.4839],[98.5612,14.4937],[98.566,14.4967],[98.5663,14.4984],[98.5745,14.5007],[98.5753,14.499],[98.578,14.4995],[98.579,14.496],[98.5866,14.4958],[98.5865,14.4978],[98.5906,14.4986],[98.5905,14.5014],[98.5882,14.5035],[98.5906,14.5047],[98.5944,14.5031],[98.5953,14.5065],[98.6003,14.5079],[98.6011,14.5133],[98.6035,14.5138],[98.6015,14.5165],[98.609,14.517],[98.6105,14.5204],[98.6135,14.5202],[98.6141,14.5229],[98.6201,14.5227],[98.6231,14.529],[98.6224,14.5251],[98.6253,14.5251],[98.6241,14.5236],[98.626,14.5226],[98.627,14.5258],[98.6327,14.5269],[98.6325,14.524],[98.6355,14.5216],[98.6325,14.5191],[98.636,14.5187]]]}},{"type":"Feature","properties":{"id":4537981,"name":"\u0e2d\u0e38\u0e17\u0e22\u0e32\u0e19\u0e41\u0e2b\u0e48\u0e07\u0e0a\u0e32\u0e15\u0e34\u0e17\u0e31\u0e1a\u0e25\u0e32\u0e19","name_en":"Thap Lan National Park","boundary":"national_park","protect_class":"2"},"geometry":{"type":"Polygon","coordinates":[[[102.4345,14.1546],[102.4387,14.1622],[102.4383,14.1671],[102.44,14.1723],[102.4532,14.1937],[102.4688,14.1919],[102.4738,14.199],[102.4769,14.2],[102.4863,14.1893],[102.4988,14.1861],[102.5041,14.1887],[102.5122,14.2012],[102.5383,14.2022],[102.5423,14.2058],[102.5487,14.2166],[102.5578,14.2176],[102.5779,14.2267],[102.589,14.2363],[102.6002,14.2423],[102.6133,14.2561],[102.6265,14.2662],[102.6466,14.2785],[102.6585,14.2822],[102.6863,14.2992],[102.6773,14.3022],[102.6726,14.3098],[102.6659,14.3167],[102.6428,14.3266],[102.6333,14.3266],[102.6208,14.3198],[102.6027,14.3225],[102.5982,14.3282],[102.5894,14.3324],[102.5873,14.3351],[102.5881,14.3494],[102.5823,14.3593],[102.5741,14.363],[102.5691,14.3625],[102.566,14.3691],[102.5555,14.373],[102.5424,14.3734],[102.5239,14.3692],[102.4754,14.3646],[102.4679,14.3628],[102.4581,14.3518],[102.4467,14.3518],[102.4448,14.3541],[102.4451,14.3593],[102.4416,14.3622],[102.4264,14.3614],[102.4246,14.3572],[102.4258,14.3527],[102.4243,14.3492],[102.4243,14.3423],[102.4218,14.3426],[102.4165,14.331],[102.416,14.3238],[102.4104,14.3203],[102.3993,14.3199],[102.3852,14.3263],[102.3805,14.3326],[102.3711,14.3294],[102.3632,14.3187],[102.3588,14.3184],[102.3534,14.3209],[102.346,14.3162],[102.3412,14.3199],[102.3385,14.3192],[102.3325,14.3118],[102.3285,14.3119],[102.3265,14.3207],[102.3237,14.3245],[102.3144,14.3308],[102.3101,14.3413],[102.3049,14.3456],[102.3019,14.3512],[102.2885,14.3518],[102.2864,14.3584],[102.2829,14.3598],[102.2804,14.3591],[102.2743,14.3524],[102.2712,14.352],[102.2697,14.347],[102.2705,14.338],[102.2666,14.3361],[102.2631,14.3315],[102.2507,14.3295],[102.2461,14.3325],[102.2405,14.3318],[102.2368,14.3224],[102.2323,14.3201],[102.2305,14.3251],[102.2333,14.3299],[102.2331,14.3362],[102.2413,14.3421],[102.2318,14.3442],[102.2274,14.342],[102.2235,14.3421],[102.2217,14.3463],[102.2192,14.3441],[102.2156,14.3461],[102.2152,14.3407],[102.2134,14.3408],[102.2096,14.3473],[102.2082,14.3471],[102.2098,14.3391],[102.2092,14.3369],[102.2077,14.3372],[102.204,14.3453],[102.2061,14.3573],[102.2014,14.3619],[102.2032,14.3664],[102.2013,14.3689],[102.1963,14.3646],[102.1959,14.362],[102.1869,14.3663],[102.184,14.3638],[102.178,14.3673],[102.1747,14.3675],[102.1719,14.3611],[102.1692,14.3607],[102.1657,14.3632],[102.1653,14.3717],[102.1623,14.373],[102.1608,14.3702],[102.1621,14.366],[102.1604,14.3635],[102.1543,14.368],[102.1501,14.3659],[102.1478,14.3671],[102.1482,14.3717],[102.1411,14.3676],[102.142,14.3715],[102.1483,14.378],[102.1499,14.3845],[102.1477,14.3855],[102.1423,14.3836],[102.1433,14.39],[102.1404,14.3911],[102.1347,14.3869],[102.1315,14.3878],[102.1302,14.3962],[102.1282,14.3959],[102.1268,14.388],[102.1247,14.3888],[102.1242,14.3926],[102.1221,14.3927],[102.1198,14.3895],[102.1194,14.3851],[102.1221,14.3778],[102.1205,14.3751],[102.1076,14.3821],[102.1016,14.3805],[102.0901,14.382],[102.0842,14.3806],[102.0796,14.382],[102.0756,14.391],[102.0608,14.3929],[102.059,14.3897],[102.0613,14.3819],[102.0597,14.381],[102.0563,14.3916],[102.0461,14.3973],[102.0441,14.4025],[102.0456,14.4081],[102.0447,14.4141],[102.0588,14.4345],[102.0666,14.4429],[102.0874,14.4567],[102.096,14.4564],[102.1,14.4537],[102.1089,14.4529],[102.1165,14.4549],[102.1246,14.4676],[102.1279,14.4705],[102.1311,14.4692],[102.1337,14.4766],[102.1441,14.4853],[102.1493,14.4919],[102.1551,14.5047],[102.158,14.5258],[102.1549,14.5277],[102.1559,14.5337],[102.1523,14.5388],[102.1535,14.5471],[102.1508,14.5561],[102.1469,14.5586],[102.1255,14.5609],[102.1215,14.5627],[102.1208,14.5683],[102.1388,14.5789],[102.135,14.5926],[102.1319,14.5965],[102.1125,14.5983],[102.0938,14.5934],[102.0732,14.5939],[102.0643,14.6005],[102.0582,14.6099],[102.0527,14.6117],[102.0477,14.6081],[102.047,14.6061],[102.0493,14.6009],[102.0477,14.5983],[102.0385,14.5994],[102.0345,14.5957],[102.0327,14.5892],[102.0234,14.59],[102.0166,14.5864],[102.0108,14.5771],[102.0111,14.5717],[102.0093,14.567],[102.0095,14.5594],[102.0116,14.5581],[102.0156,14.5409],[102.0128,14.5237],[102.0137,14.5174],[102.0082,14.5091],[102.0056,14.4914],[101.9999,14.4869],[101.9987,14.4836],[101.9991,14.4763],[102.0064,14.4644],[102.0048,14.4601],[102.0013,14.4592],[101.9966,14.4543],[101.9885,14.4559],[101.9793,14.464],[101.9778,14.4687],[101.9715,14.4706],[101.9696,14.4781],[101.9651,14.4789],[101.9625,14.4815],[101.956,14.481],[101.9543,14.4774],[101.9555,14.4708],[101.9539,14.4613],[101.9524,14.4612],[101.949,14.4659],[101.9365,14.4646],[101.9361,14.4683],[101.9428,14.47],[101.9471,14.4765],[101.9484,14.4804],[101.9463,14.4855],[101.9492,14.4918],[101.945,14.4931],[101.9341,14.4877],[101.9291,14.4868],[101.9115,14.4718],[101.9061,14.4558],[101.8912,14.4377],[101.8815,14.4378],[101.8774,14.4346],[101.8735,14.4271],[101.874,14.422],[101.8851,14.4129],[101.9009,14.4032],[101.9153,14.4039],[101.9172,14.4021],[101.9145,14.3906],[101.9095,14.3821],[101.9028,14.3832],[101.898,14.3887],[101.8833,14.3966],[101.8788,14.3979],[101.8715,14.3967],[101.8702,14.3937],[101.8724,14.3817],[101.8716,14.3759],[101.8685,14.3721],[101.8342,14.3598],[101.8269,14.3508],[101.8269,14.3473],[101.8385,14.3268],[101.8446,14.3188],[101.8478,14.3168],[101.8593,14.3172],[101.8643,14.314],[101.8659,14.3089],[101.8728,14.3033],[101.8887,14.2944],[101.9029,14.2607],[101.8958,14.2423],[101.8962,14.2341],[101.9083,14.2159],[101.9078,14.2042],[101.8998,14.1932],[101.8965,14.1814],[101.8995,14.1726],[101.8984,14.1616],[101.9043,14.1508],[101.9082,14.1522],[101.9103,14.1513],[101.9108,14.1473],[101.9137,14.1473],[101.9235,14.1555],[101.928,14.1631],[101.9297,14.1623],[101.9277,14.1541],[101.9313,14.1504],[101.9313,14.1451],[101.9249,14.1337],[101.9257,14.1301],[101.9284,14.1301],[101.9313,14.1336],[101.9327,14.1332],[101.9334,14.1283],[101.9399,14.127],[101.9412,14.1317],[101.9435,14.1299],[101.943,14.1206],[101.9453,14.1138],[101.9482,14.116],[101.9517,14.131],[101.9535,14.1313],[101.9569,14.1285],[101.9593,14.1293],[101.9599,14.1332],[101.9648,14.1382],[101.9676,14.1368],[101.9656,14.1299],[101.9685,14.1297],[101.9697,14.1277],[101.9636,14.1261],[101.9615,14.1226],[101.9642,14.1199],[101.9737,14.1209],[101.9743,14.1251],[101.9782,14.1257],[101.9785,14.1209],[101.9806,14.1193],[101.9821,14.1246],[101.9861,14.1255],[101.9852,14.1171],[101.9903,14.1139],[101.9981,14.1153],[102.0013,14.1131],[102.0033,14.1144],[102.0046,14.1196],[102.0063,14.1202],[102.0061,14.1124],[102.0075,14.11],[102.0145,14.1097],[102.0165,14.1128],[102.0188,14.1126],[102.0247,14.1077],[102.0302,14.1073],[102.0522,14.1183],[102.0587,14.1196],[102.065,14.1165],[102.0779,14.1144],[102.0781,14.112],[102.075,14.1079],[102.0742,14.0989],[102.0645,14.0887],[102.0628,14.085],[102.0634,14.0828],[102.0658,14.0827],[102.0735,14.0878],[102.0878,14.0914],[102.0894,14.0956],[102.0911,14.0955],[102.0918,14.0978],[102.0984,14.104],[102.0999,14.1108],[102.0976,14.1162],[102.0976,14.1257],[102.1037,14.1397],[102.1062,14.1518],[102.122,14.1472],[102.1326,14.1381],[102.151,14.1371],[102.1665,14.1417],[102.1716,14.1583],[102.1714,14.1609],[102.1663,14.1656],[102.1668,14.1724],[102.174,14.1831],[102.1739,14.187],[102.1765,14.1914],[102.1817,14.1956],[102.1909,14.1958],[102.1951,14.1927],[102.1969,14.1846],[102.2013,14.1787],[102.2063,14.1741],[102.2116,14.1722],[102.2135,14.1653],[102.2107,14.1544],[102.2147,14.1463],[102.2183,14.1445],[102.239,14.1443],[102.2489,14.1406],[102.2564,14.1444],[102.2688,14.1467],[102.2721,14.1414],[102.2719,14.1291],[102.2903,14.1342],[102.2993,14.1276],[102.3016,14.1231],[102.308,14.1204],[102.3152,14.122],[102.3251,14.1278],[102.3279,14.1276],[102.3302,14.1217],[102.3323,14.1206],[102.3395,14.1262],[102.3483,14.1255],[102.351,14.1267],[102.353,14.1304],[102.3571,14.132],[102.3608,14.1513],[102.358,14.164],[102.3588,14.1653],[102.3622,14.1661],[102.3642,14.1649],[102.3758,14.1506],[102.3825,14.1462],[102.3909,14.1447],[102.4002,14.146],[102.4067,14.1545],[102.4101,14.1561],[102.4182,14.1545],[102.4238,14.158],[102.4281,14.1523],[102.4345,14.1546]]]}},{"type":"Feature","properties":{"id":5625486,"name":"\u0e2d\u0e38\u0e17\u0e22\u0e32\u0e19\u0e41\u0e2b\u0e48\u0e07\u0e0a\u0e32\u0e15\u0e34\u0e14\u0e2d\u0e22\u0e2d\u0e34\u0e19\u0e17\u0e19\u0e19\u0e17\u0e4c","name_en":"Doi Inthanon National Park","boundary":"national_park","protect_class":"2"},"geometry":{"type":"Polygon","coordinates":[[[98.6558,18.575],[98.6523,18.5685],[98.652,18.5605],[98.6456,18.5506],[98.6417,18.5483],[98.629,18.5554],[98.6225,18.5711],[98.6139,18.5852],[98.6105,18.5876],[98.6036,18.5879],[98.6013,18.5848],[98.5957,18.5824],[98.5776,18.581],[98.5623,18.5829],[98.5604,18.585],[98.5634,18.5903],[98.5719,18.593],[98.5749,18.598],[98.573,18.6126],[98.5674,18.6217],[98.5641,18.624],[98.5612,18.623],[98.5563,18.6253],[98.5545,18.6181],[98.5498,18.6172],[98.5423,18.6242],[98.5318,18.6236],[98.5251,18.6254],[98.5066,18.6077],[98.5018,18.6068],[98.5017,18.6161],[98.4972,18.6413],[98.4991,18.6481],[98.5012,18.6506],[98.5063,18.652],[98.5074,18.6547],[98.5067,18.6589],[98.4948,18.6644],[98.4907,18.6646],[98.4822,18.6612],[98.4722,18.6514],[98.4727,18.6483],[98.4712,18.6464],[98.4623,18.6446],[98.453,18.6376],[98.4452,18.6385],[98.4352,18.6359],[98.4311,18.6381],[98.4289,18.6368],[98.4266,18.6379],[98.4194,18.6367],[98.4131,18.6418],[98.4109,18.6409],[98.4105,18.6425],[98.4043,18.6446],[98.3994,18.6418],[98.3996,18.6401],[98.4025,18.6395],[98.4091,18.6333],[98.4124,18.6279],[98.4195,18.6237],[98.4276,18.6221],[98.4325,18.6158],[98.4346,18.5938],[98.44,18.5725],[98.438,18.5531],[98.4401,18.5512],[98.4515,18.5485],[98.451,18.5461],[98.4458,18.5459],[98.4435,18.544],[98.4337,18.5307],[98.4342,18.5234],[98.4421,18.5134],[98.4391,18.5036],[98.4561,18.4996],[98.461,18.4963],[98.4629,18.4914],[98.4634,18.4716],[98.4788,18.466],[98.4986,18.4446],[98.5105,18.4396],[98.5173,18.4338],[98.5288,18.414],[98.5406,18.4026],[98.5501,18.4077],[98.5572,18.4084],[98.5639,18.4055],[98.5736,18.4109],[98.5903,18.408],[98.596,18.405],[98.5976,18.4025],[98.603,18.4008],[98.6104,18.4035],[98.6226,18.4032],[98.628,18.4057],[98.6322,18.4036],[98.6357,18.4058],[98.6559,18.43],[98.6561,18.435],[98.6375,18.4505],[98.6349,18.4575],[98.6303,18.4624],[98.6365,18.4691],[98.64,18.4669],[98.646,18.4729],[98.6439,18.4737],[98.6466,18.4762],[98.6463,18.4791],[98.6446,18.4789],[98.6439,18.4809],[98.6544,18.4858],[98.6571,18.4891],[98.6684,18.4937],[98.6717,18.4975],[98.6792,18.4941],[98.6868,18.4948],[98.6929,18.507],[98.6919,18.5084],[98.6868,18.5076],[98.6843,18.5088],[98.6859,18.5138],[98.6852,18.5169],[98.6874,18.5204],[98.6853,18.5229],[98.6838,18.5222],[98.683,18.5239],[98.6811,18.5239],[98.6825,18.525],[98.6808,18.5277],[98.6825,18.5282],[98.6824,18.5302],[98.6813,18.5302],[98.6807,18.5352],[98.6785,18.5356],[98.6821,18.5366],[98.6793,18.5433],[98.675,18.5445],[98.6804,18.5443],[98.681,18.5408],[98.6818,18.5429],[98.6843,18.5434],[98.6856,18.5583],[98.6845,18.5639],[98.6766,18.5688],[98.6723,18.5772],[98.6616,18.5789],[98.6558,18.575]],[[98.5886,18.5113],[98.5874,18.5129],[98.5885,18.5137],[98.5923,18.511],[98.5881,18.5101],[98.5886,18.5113]]]}},{"type":"Feature","properties":{"id":5625532,"name":"\u0e2d\u0e38\u0e17\u0e22\u0e32\u0e19\u0e41\u0e2b\u0e48\u0e07\u0e0a\u0e32\u0e15\u0e34\u0e40\u0e02\u0e32\u0e04\u0e34\u0e0a\u0e0c\u0e01\u0e39\u0e0f","name_en":"Khao Khitchakut National Park","boundary":"national_park","protect_class":"2"},"geometry":{"type":"Polygon","coordinates":[[[102.1687,12.8843],[102.1665,12.8803],[102.1627,12.8807],[102.156,12.8758],[102.1491,12.876],[102.1344,12.8807],[102.1234,12.882],[102.1165,12.8863],[102.1141,12.8836],[102.1132,12.879],[102.1146,12.8778],[102.115,12.8726],[102.1191,12.8663],[102.1231,12.8643],[102.1259,12.8578],[102.1247,12.8551],[102.1251,12.847],[102.1228,12.8416],[102.1236,12.838],[102.125,12.8367],[102.1286,12.837],[102.1373,12.818],[102.1399,12.8162],[102.1529,12.8145],[102.1571,12.8119],[102.1706,12.814],[102.1794,12.81],[102.1782,12.8027],[102.1853,12.7994],[102.1894,12.8028],[102.1931,12.8092],[102.1923,12.8168],[102.1954,12.8197],[102.1984,12.8196],[102.202,12.8218],[102.2005,12.8303],[102.1968,12.8332],[102.1965,12.8352],[102.1986,12.838],[102.1987,12.8432],[102.2027,12.8537],[102.1959,12.8665],[102.1939,12.868],[102.1893,12.8671],[102.1841,12.8741],[102.1833,12.8789],[102.1791,12.8827],[102.1687,12.8843]]]}},{"type":"Feature","properties":{"id":5625609,"name":"\u0e2d\u0e38\u0e17\u0e22\u0e32\u0e19\u0e41\u0e2b\u0e48\u0e07\u0e0a\u0e32\u0e15\u0e34\u0e2b\u0e21\u0e39\u0e48\u0e40\u0e01\u0e32\u0e30\u0e0a\u0e49\u0e32\u0e07","name_en":"Mu Ko Chang National Park","boundary":"national_park","protect_class":"2"},"geometry":{"type":"Polygon","coordinates":[[[102.3632,11.7623],[102.4175,11.7623],[102.4166,11.8518],[102.526,11.9503],[102.5266,11.9781],[102.4618,11.9777],[102.4347,12.0582],[102.3069,12.1732],[102.2332,12.173],[102.2349,12.0392],[102.3625,11.8544],[102.3632,11.7623]],[[102.2691,12.1418],[102.2654,12.1348],[102.2658,12.1329],[102.2645,12.1327],[102.2692,12.1268],[102.2881,12.1184],[102.2893,12.1157],[102.2923,12.1175],[102.3002,12.1106],[102.3022,12.1111],[102.2955,12.1248],[102.2908,12.1304],[102.2878,12.1298],[102.2872,12.1342],[102.2778,12.1358],[102.2719,12.1431],[102.2691,12.1418]]]}},{"type":"Feature","properties":{"id":5911629,"name":"\u0e2d\u0e38\u0e17\u0e22\u0e32\u0e19\u0e41\u0e2b\u0e48\u0e07\u0e0a\u0e32\u0e15\u0e34\u0e41\u0e21\u0e48\u0e40\u0e21\u0e22","name_en":"Mae Moei National Park","boundary":"national_park","protect_class":"2"},"geometry":{"type":"Polygon","coordinates":[[[98.1797,17.2583],[98.1754,17.2583],[98.172,17.2629],[98.1678,17.2622],[98.1661,17.2635],[98.165,17.2659],[98.168,17.2726],[98.1635,17.2759],[98.1625,17.2792],[98.1567,17.2828],[98.1536,17.283],[98.1506,17.2877],[98.1474,17.2888],[98.1467,17.2921],[98.1371,17.2913],[98.1342,17.2933],[98.1376,17.2994],[98.1343,17.3066],[98.1286,17.3075],[98.1288,17.315],[98.1268,17.3185],[98.131,17.3188],[98.1256,17.3243],[98.1265,17.3255],[98.122,17.3309],[98.122,17.333],[98.1174,17.3367],[98.1156,17.3424],[98.1139,17.3425],[98.1108,17.3469],[98.1113,17.3486],[98.1087,17.3485],[98.1054,17.3534],[98.1086,17.3559],[98.1117,17.3614],[98.1151,17.3617],[98.1171,17.3598],[98.1189,17.3628],[98.1132,17.3656],[98.1166,17.3684],[98.1254,17.3593],[98.1264,17.3541],[98.1314,17.3519],[98.1329,17.3482],[98.1387,17.3424],[98.1425,17.3408],[98.1518,17.3303],[98.1513,17.3267],[98.1607,17.3126],[98.1659,17.31],[98.1673,17.3053],[98.1636,17.3042],[98.1602,17.3059],[98.1564,17.3047],[98.156,17.3027],[98.1616,17.3019],[98.1717,17.2934],[98.1772,17.2957],[98.1825,17.2939],[98.1833,17.2919],[98.1789,17.29],[98.1786,17.2882],[98.1803,17.2878],[98.1809,17.283],[98.1841,17.2816],[98.1879,17.2829],[98.1904,17.2763],[98.1943,17.2739],[98.192,17.2712],[98.1884,17.271],[98.1832,17.2667],[98.1797,17.2583]],[[98.0966,17.4079],[98.1001,17.406],[98.1,17.4044],[98.0966,17.4079]]]}},{"type":"Feature","properties":{"id":5911770,"name":"\u0e2d\u0e38\u0e17\u0e22\u0e32\u0e19\u0e41\u0e2b\u0e48\u0e07\u0e0a\u0e32\u0e15\u0e34\u0e40\u0e02\u0e32\u0e04\u0e49\u0e2d","name_en":"Khao Kho National Park","boundary":"national_park","protect_class":"2"},"geometry":{"type":"Polygon","coordinates":[[[100.8801,16.5039],[100.8884,16.5027],[100.8877,16.5134],[100.8893,16.515],[100.8905,16.5144],[100.8912,16.5178],[100.8933,16.5198],[100.8923,16.521],[100.8935,16.5267],[100.8905,16.5307],[100.8935,16.5304],[100.8928,16.5332],[100.8981,16.5302],[100.9019,16.5234],[100.9003,16.5208],[100.9025,16.5215],[100.9082,16.5142],[100.9059,16.5211],[100.9097,16.5229],[100.9103,16.5271],[100.9136,16.5244],[100.9153,16.5256],[100.9107,16.5366],[100.9115,16.5374],[100.9154,16.5349],[100.9215,16.5357],[100.9222,16.5315],[100.9238,16.5333],[100.9253,16.5326],[100.9246,16.5353],[100.9267,16.5361],[100.9308,16.5312],[100.9377,16.5378],[100.9373,16.5396],[100.9352,16.5391],[100.9335,16.5418],[100.9343,16.5492],[100.9392,16.5541],[100.9423,16.5539],[100.9463,16.5564],[100.9494,16.5586],[100.9491,16.5606],[100.9552,16.5612],[100.956,16.5625],[100.9674,16.563],[100.9689,16.5681],[100.9721,16.5637],[100.974,16.5637],[100.9712,16.5557],[100.9735,16.5529],[100.9746,16.5534],[100.975,16.5511],[100.977,16.5506],[100.9785,16.5525],[100.9787,16.5503],[100.985,16.5458],[100.9916,16.5299],[100.9948,16.5299],[100.9987,16.5425],[101.0025,16.5382],[101.0044,16.5383],[101.0133,16.5431],[101.023,16.5442],[101.0258,16.547],[101.0332,16.5486],[101.0398,16.5486],[101.04,16.5463],[101.0462,16.5432],[101.0468,16.5346],[101.0572,16.5373],[101.0576,16.5362],[101.0513,16.5279],[101.0514,16.5246],[101.044,16.5184],[101.0371,16.5215],[101.0311,16.5197],[101.0243,16.5204],[101.0229,16.5192],[101.0234,16.5155],[101.0194,16.5091],[101.0128,16.513],[101.0125,16.5163],[101.0095,16.5209],[101.0073,16.5225],[101.0054,16.5217],[101.0081,16.517],[101.0101,16.5164],[101.0125,16.4987],[101.0157,16.4953],[101.0151,16.4914],[101.0163,16.4892],[101.0149,16.4883],[101.0224,16.4824],[101.0198,16.4748],[101.0208,16.4733],[101.0195,16.4725],[101.0228,16.4702],[101.0212,16.4667],[101.0186,16.4658],[101.0195,16.4626],[101.0156,16.456],[101.0087,16.4513],[101.0069,16.451],[101.0054,16.453],[101.0022,16.4599],[100.994,16.4567],[100.9919,16.4545],[100.9914,16.4485],[100.9929,16.4408],[100.9721,16.4283],[100.9608,16.4241],[100.9523,16.4234],[100.9478,16.4209],[100.9443,16.4236],[100.9414,16.4234],[100.9374,16.4283],[100.9381,16.4328],[100.9353,16.434],[100.9352,16.4358],[100.929,16.4352],[100.9265,16.4395],[100.915,16.4431],[100.9099,16.441],[100.9032,16.4409],[100.8997,16.4363],[100.8997,16.4334],[100.8955,16.4293],[100.8846,16.4427],[100.8776,16.4403],[100.8753,16.4351],[100.8726,16.4335],[100.8663,16.4377],[100.8603,16.4364],[100.8568,16.4376],[100.853,16.4445],[100.8421,16.4499],[100.8442,16.4704],[100.8461,16.4709],[100.8502,16.4778],[100.854,16.4801],[100.8582,16.4891],[100.8645,16.4948],[100.8647,16.4973],[100.8661,16.4978],[100.8706,16.4938],[100.8807,16.4981],[100.8801,16.5039]]]}},{"type":"Feature","properties":{"id":5944547,"name":"\u0e2d\u0e38\u0e17\u0e22\u0e32\u0e19\u0e41\u0e2b\u0e48\u0e07\u0e0a\u0e32\u0e15\u0e34\u0e14\u0e2d\u0e22\u0e1c\u0e49\u0e32\u0e2b\u0e48\u0e21\u0e1b\u0e01","name_en":"Doi Pha Hom Pok National Park","boundary":"national_park","protect_class":"2"},"geometry":{"type":"Polygon","coordinates":[[[99.2594,20.1137],[99.254,20.1144],[99.2464,20.1128],[99.2421,20.1148],[99.2356,20.1231],[99.2315,20.1251],[99.2255,20.1199],[99.2212,20.1229],[99.2185,20.1284],[99.2153,20.1283],[99.2105,20.1325],[99.2064,20.1308],[99.1981,20.1309],[99.192,20.1283],[99.1875,20.1319],[99.1819,20.1289],[99.1758,20.1293],[99.1693,20.1331],[99.1634,20.1311],[99.1589,20.133],[99.1485,20.1284],[99.1417,20.1231],[99.1261,20.1194],[99.1257,20.1152],[99.1286,20.1073],[99.1193,20.1011],[99.1131,20.1004],[99.1116,20.1016],[99.1089,20.099],[99.1062,20.0998],[99.1005,20.0977],[99.0972,20.1046],[99.0932,20.1071],[99.0912,20.1035],[99.0908,20.0975],[99.0839,20.0972],[99.0829,20.1013],[99.0778,20.102],[99.0688,20.0914],[99.0672,20.0871],[99.0698,20.0829],[99.0681,20.0708],[99.0662,20.0675],[99.0568,20.0629],[99.0539,20.0505],[99.0483,20.046],[99.044,20.036],[99.0458,20.0257],[99.0435,20.0171],[99.0465,20.0127],[99.0463,20.0093],[99.0544,20.0034],[99.0509,19.9986],[99.0422,19.9959],[99.037,19.9902],[99.0363,19.9811],[99.034,19.9794],[99.032,19.9738],[99.0392,19.9656],[99.0399,19.956],[99.0453,19.9492],[99.0415,19.9424],[99.0411,19.9369],[99.0427,19.9322],[99.0493,19.9327],[99.0509,19.9343],[99.0573,19.9282],[99.066,19.9259],[99.0667,19.9226],[99.0601,19.9139],[99.0542,19.9117],[99.0534,19.899],[99.0557,19.8934],[99.0541,19.8658],[99.0454,19.8579],[99.0336,19.851],[99.0296,19.8418],[99.0307,19.8344],[99.0273,19.8272],[99.0248,19.8274],[99.022,19.8197],[99.0235,19.8183],[99.0226,19.8142],[99.0196,19.8123],[99.0163,19.806],[99.0171,19.7981],[99.0151,19.7942],[99.0115,19.7913],[99.0118,19.7864],[99.0213,19.7851],[99.0263,19.7777],[99.0202,19.7718],[99.0152,19.7639],[99.0158,19.7606],[99.0226,19.7535],[99.0298,19.7491],[99.0343,19.7362],[99.0574,19.7128],[99.0586,19.7138],[99.0603,19.7122],[99.0666,19.7124],[99.0818,19.7216],[99.0817,19.7231],[99.0775,19.7238],[99.0775,19.7268],[99.0863,19.7301],[99.0851,19.7405],[99.0863,19.7436],[99.0837,19.7577],[99.0887,19.7664],[99.078,19.7694],[99.0723,19.7763],[99.0752,19.782],[99.0893,19.7839],[99.0887,19.7877],[99.0911,19.7897],[99.0911,19.799],[99.0892,19.8038],[99.0971,19.8143],[99.095,19.8188],[99.0955,19.8257],[99.1016,19.8261],[99.0996,19.8218],[99.1012,19.8174],[99.1088,19.8257],[99.1126,19.8258],[99.1172,19.834],[99.1122,19.8372],[99.1117,19.8391],[99.116,19.839],[99.1209,19.8356],[99.1239,19.8379],[99.125,19.841],[99.1217,19.8452],[99.1169,19.8576],[99.1125,19.8571],[99.1104,19.8585],[99.1106,19.8675],[99.1165,19.8725],[99.1102,19.876],[99.108,19.8802],[99.1175,19.9003],[99.1249,19.8986],[99.1251,19.9014],[99.1172,19.903],[99.1172,19.91],[99.1044,19.9176],[99.0988,19.9268],[99.0989,19.9372],[99.0934,19.9404],[99.0814,19.932],[99.0779,19.9317],[99.0802,19.9398],[99.0751,19.9402],[99.0713,19.9475],[99.0756,19.9518],[99.0772,19.9575],[99.0813,19.9581],[99.0811,19.9675],[99.0789,19.9771],[99.0813,19.9834],[99.085,19.984],[99.0897,19.9953],[99.0979,20.0001],[99.1007,19.9928],[99.1009,19.9843],[99.1034,19.9904],[99.1061,19.9919],[99.1118,19.9881],[99.1128,19.9581],[99.1192,19.9458],[99.1241,19.941],[99.1285,19.9395],[99.1303,19.9408],[99.1307,19.9471],[99.1329,19.9505],[99.1288,19.9554],[99.1283,19.9598],[99.1331,19.9621],[99.138,19.9601],[99.142,19.9619],[99.1523,19.9607],[99.1568,19.9655],[99.156,19.9709],[99.1575,19.9732],[99.1611,19.9735],[99.1648,19.971],[99.1678,19.9607],[99.1697,19.9595],[99.172,19.9604],[99.1738,19.9631],[99.1752,19.9625],[99.1766,19.958],[99.1796,19.9564],[99.1822,19.9618],[99.1869,19.9627],[99.1894,19.9651],[99.1973,19.963],[99.1977,19.9697],[99.2008,19.9695],[99.2015,19.9658],[99.2195,19.9652],[99.2231,19.967],[99.2253,19.9796],[99.2177,19.9896],[99.2158,19.9949],[99.2176,20.0038],[99.2202,20.0078],[99.2162,20.0212],[99.2164,20.0298],[99.221,20.0312],[99.2363,20.0293],[99.2363,20.0398],[99.2392,20.0395],[99.24,20.0334],[99.2421,20.0306],[99.2536,20.0265],[99.2578,20.0278],[99.2707,20.0411],[99.2825,20.0438],[99.2887,20.0393],[99.2902,20.0451],[99.295,20.047],[99.301,20.044],[99.3012,20.0483],[99.304,20.0495],[99.3088,20.0492],[99.3165,20.0527],[99.3298,20.0538],[99.3333,20.0563],[99.3451,20.0579],[99.3541,20.064],[99.3582,20.0704],[99.3582,20.0722],[99.3521,20.0767],[99.3496,20.0734],[99.3387,20.0708],[99.332,20.0737],[99.3258,20.0733],[99.3235,20.0685],[99.3142,20.0692],[99.3053,20.0785],[99.2954,20.0807],[99.2884,20.0859],[99.2884,20.0835],[99.2825,20.0853],[99.2844,20.0925],[99.275,20.0974],[99.2681,20.104],[99.262,20.1037],[99.2622,20.1078],[99.2594,20.1137]],[[99.0843,19.8025],[99.0808,19.8005],[99.0685,19.8065],[99.072,19.8162],[99.0749,19.8169],[99.0753,19.8203],[99.0728,19.8209],[99.0712,19.8248],[99.0667,19.8273],[99.0675,19.8286],[99.0754,19.825],[99.0806,19.8144],[99.0805,19.8078],[99.0838,19.8049],[99.0843,19.8025]]]}},{"type":"Feature","properties":{"id":5944548,"name":"\u0e2d\u0e38\u0e17\u0e22\u0e32\u0e19\u0e41\u0e2b\u0e48\u0e07\u0e0a\u0e32\u0e15\u0e34\u0e14\u0e2d\u0e22\u0e2a\u0e38\u0e40\u0e17\u0e1e-\u0e1b\u0e38\u0e22","name_en":"Doi Suthep-Pui National Park","boundary":"national_park","protect_class":"2"},"geometry":{"type":"Polygon","coordinates":[[[98.8858,18.9443],[98.885,18.9432],[98.8876,18.9392],[98.8904,18.9397],[98.891,18.9371],[98.8935,18.9374],[98.897,18.9348],[98.9076,18.9205],[98.9074,18.9192],[98.9006,18.9186],[98.9001,18.9166],[98.9028,18.917],[98.9043,18.9145],[98.9041,18.8966],[98.8942,18.8956],[98.89,18.9013],[98.887,18.9024],[98.8785,18.8994],[98.8577,18.8985],[98.8506,18.896],[98.8564,18.884],[98.9022,18.8886],[98.9104,18.8712],[98.9128,18.872],[98.9156,18.8668],[98.9182,18.8678],[98.933,18.8431],[98.9391,18.8427],[98.9459,18.8292],[98.9511,18.8306],[98.9496,18.8263],[98.9509,18.82],[98.9488,18.8127],[98.9464,18.8103],[98.9458,18.8036],[98.9433,18.8041],[98.9442,18.8015],[98.9427,18.7977],[98.9459,18.7986],[98.9456,18.7892],[98.9481,18.7866],[98.9503,18.7803],[98.9452,18.7782],[98.944,18.7738],[98.9397,18.7737],[98.9353,18.768],[98.9337,18.7631],[98.9396,18.7602],[98.9349,18.7595],[98.9348,18.7574],[98.9371,18.7562],[98.9372,18.75],[98.9352,18.7487],[98.9303,18.7501],[98.9258,18.7536],[98.9223,18.7468],[98.9247,18.7442],[98.9236,18.738],[98.9156,18.7304],[98.9099,18.7281],[98.9046,18.7358],[98.8966,18.7416],[98.8883,18.7606],[98.8841,18.757],[98.8831,18.7525],[98.8777,18.7549],[98.8775,18.7561],[98.8798,18.7563],[98.8799,18.7589],[98.8754,18.7613],[98.8777,18.7679],[98.8758,18.7682],[98.8751,18.7652],[98.8732,18.7645],[98.8646,18.7726],[98.8638,18.7778],[98.8619,18.7791],[98.8547,18.7791],[98.8549,18.7844],[98.8513,18.7855],[98.849,18.7892],[98.8457,18.7905],[98.8448,18.7946],[98.8414,18.7944],[98.8397,18.7968],[98.839,18.807],[98.8347,18.8062],[98.8328,18.8142],[98.8335,18.8199],[98.8266,18.8281],[98.8226,18.8385],[98.8199,18.8596],[98.8176,18.8646],[98.8277,18.8654],[98.8307,18.8685],[98.83,18.872],[98.8257,18.8761],[98.8256,18.8797],[98.8239,18.8805],[98.8201,18.8789],[98.8176,18.8837],[98.8117,18.8826],[98.8101,18.8918],[98.8187,18.8917],[98.8219,18.8879],[98.819,18.8858],[98.8201,18.8828],[98.8245,18.885],[98.8284,18.8841],[98.8311,18.8786],[98.836,18.8772],[98.838,18.8738],[98.8418,18.8733],[98.8445,18.8702],[98.8478,18.8713],[98.8451,18.8847],[98.842,18.8863],[98.8413,18.8914],[98.8438,18.898],[98.8472,18.8998],[98.8462,18.9044],[98.8365,18.905],[98.8336,18.9036],[98.8316,18.9054],[98.8276,18.9051],[98.8263,18.9104],[98.8213,18.914],[98.8232,18.917],[98.8297,18.9204],[98.8318,18.9245],[98.8352,18.9206],[98.8379,18.9262],[98.8423,18.93],[98.8421,18.932],[98.8341,18.9318],[98.82,18.9378],[98.8106,18.9346],[98.8078,18.9381],[98.8073,18.9404],[98.8165,18.9561],[98.8207,18.957],[98.824,18.9542],[98.8265,18.9544],[98.829,18.9577],[98.8245,18.9575],[98.8236,18.96],[98.8222,18.9581],[98.8198,18.9599],[98.8118,18.9689],[98.8111,18.9714],[98.8234,18.973],[98.8264,18.9748],[98.8322,18.9735],[98.8458,18.9637],[98.8522,18.9627],[98.8531,18.9597],[98.8579,18.9601],[98.8583,18.9572],[98.8655,18.9549],[98.8713,18.9485],[98.8811,18.9454],[98.8847,18.9463],[98.8858,18.9443]],[[98.8959,18.8065],[98.8899,18.8074],[98.8844,18.8115],[98.89,18.8126],[98.892,18.8098],[98.8948,18.8097],[98.8959,18.8065]]]}},{"type":"Feature","properties":{"id":5944549,"name":"\u0e2d\u0e38\u0e17\u0e22\u0e32\u0e19\u0e41\u0e2b\u0e48\u0e07\u0e0a\u0e32\u0e15\u0e34\u0e2b\u0e49\u0e27\u0e22\u0e19\u0e49\u0e33\u0e14\u0e31\u0e07","name_en":"Huai Nam Dang National Park","boundary":"national_park","protect_class":"2"},"geometry":{"type":"Polygon","coordinates":[[[98.5916,19.2678],[98.5897,19.2623],[98.5906,19.2588],[98.5874,19.2543],[98.5924,19.246],[98.5923,19.2428],[98.5956,19.2395],[98.5945,19.2388],[98.5861,19.2385],[98.5845,19.241],[98.5813,19.2416],[98.5777,19.2473],[98.5655,19.2502],[98.5644,19.253],[98.5593,19.2542],[98.5578,19.25],[98.5556,19.2483],[98.5249,19.2414],[98.512,19.2354],[98.501,19.2335],[98.5006,19.2313],[98.4959,19.2291],[98.4938,19.2318],[98.4899,19.2323],[98.4879,19.2359],[98.4842,19.2367],[98.4837,19.2401],[98.4814,19.2396],[98.4813,19.2412],[98.4774,19.2426],[98.4752,19.2452],[98.4713,19.2437],[98.4718,19.2463],[98.4702,19.2483],[98.4677,19.2465],[98.4646,19.2481],[98.4616,19.2452],[98.4615,19.2477],[98.4549,19.2456],[98.4563,19.2483],[98.4532,19.2493],[98.4515,19.2549],[98.4467,19.2564],[98.4497,19.2585],[98.4476,19.2641],[98.4482,19.2677],[98.4442,19.2689],[98.4427,19.2682],[98.443,19.2659],[98.4399,19.2658],[98.441,19.2694],[98.439,19.2724],[98.4404,19.2737],[98.442,19.2718],[98.4445,19.2724],[98.4422,19.2754],[98.444,19.2783],[98.4411,19.2833],[98.4514,19.2854],[98.4529,19.2828],[98.4561,19.2814],[98.4635,19.2833],[98.4665,19.2793],[98.4692,19.2809],[98.4736,19.2801],[98.4815,19.2839],[98.482,19.2883],[98.4783,19.2937],[98.4792,19.2998],[98.4696,19.305],[98.4783,19.3058],[98.48,19.3079],[98.4796,19.3115],[98.4759,19.313],[98.4746,19.3148],[98.4756,19.3176],[98.4719,19.3215],[98.473,19.3232],[98.4682,19.3263],[98.4678,19.3281],[98.4699,19.3298],[98.4596,19.3296],[98.4524,19.3418],[98.4535,19.3446],[98.4621,19.3473],[98.4629,19.3501],[98.4578,19.3584],[98.4618,19.361],[98.4619,19.3627],[98.4554,19.3607],[98.4539,19.3646],[98.4564,19.3651],[98.4551,19.3662],[98.4565,19.3683],[98.4539,19.3697],[98.4555,19.372],[98.4596,19.3711],[98.4578,19.3731],[98.4587,19.3745],[98.4629,19.373],[98.4605,19.3754],[98.4628,19.3755],[98.4614,19.3767],[98.4635,19.3771],[98.4629,19.3787],[98.4668,19.3791],[98.4649,19.3825],[98.4676,19.3839],[98.4671,19.3873],[98.4703,19.3907],[98.4715,19.395],[98.4646,19.3938],[98.462,19.3954],[98.461,19.4017],[98.4559,19.4074],[98.4455,19.409],[98.4436,19.4118],[98.4398,19.4095],[98.4384,19.4122],[98.4369,19.4122],[98.4363,19.4082],[98.4333,19.4105],[98.4299,19.41],[98.4281,19.4178],[98.4258,19.4168],[98.4177,19.4187],[98.4152,19.4201],[98.4122,19.4261],[98.408,19.4269],[98.4057,19.4317],[98.3959,19.435],[98.3983,19.4368],[98.3961,19.4397],[98.3981,19.4405],[98.3989,19.444],[98.3965,19.4433],[98.3959,19.4459],[98.389,19.4458],[98.3889,19.448],[98.3864,19.4497],[98.3867,19.4517],[98.3836,19.4533],[98.3836,19.4558],[98.3807,19.4551],[98.3818,19.4574],[98.3805,19.4621],[98.3835,19.4641],[98.3815,19.4659],[98.3851,19.471],[98.3813,19.4787],[98.3792,19.4796],[98.3798,19.4828],[98.3782,19.4858],[98.3832,19.4875],[98.3858,19.4866],[98.3871,19.4907],[98.3853,19.4917],[98.3878,19.4943],[98.3837,19.4972],[98.3782,19.4952],[98.3758,19.5025],[98.3774,19.5034],[98.3762,19.5042],[98.3797,19.5055],[98.3798,19.5083],[98.382,19.5103],[98.3838,19.51],[98.3829,19.5119],[98.3848,19.512],[98.3859,19.5154],[98.3882,19.5161],[98.3885,19.5172],[98.3856,19.5171],[98.3867,19.5189],[98.3841,19.523],[98.3825,19.5219],[98.3842,19.5264],[98.3892,19.5294],[98.3885,19.5318],[98.3865,19.5316],[98.3914,19.5354],[98.3876,19.5389],[98.3864,19.5375],[98.3856,19.541],[98.3886,19.5406],[98.3892,19.5426],[98.3856,19.5466],[98.3853,19.5551],[98.3819,19.5563],[98.3809,19.5595],[98.3829,19.56],[98.3821,19.5627],[98.3795,19.5635],[98.3836,19.5716],[98.3798,19.5736],[98.3795,19.5779],[98.3732,19.578],[98.381,19.5926],[98.3798,19.5988],[98.3753,19.6066],[98.3767,19.6147],[98.3707,19.6343],[98.3735,19.6378],[98.3708,19.6485],[98.3636,19.6502],[98.356,19.6557],[98.3414,19.6618],[98.3334,19.6724],[98.3371,19.6778],[98.3215,19.681],[98.3085,19.6882],[98.3146,19.6931],[98.3173,19.6935],[98.3211,19.6976],[98.3273,19.6985],[98.3323,19.6961],[98.3321,19.6942],[98.3374,19.694],[98.3393,19.6971],[98.3451,19.6984],[98.3484,19.697],[98.3491,19.6944],[98.3565,19.6961],[98.3585,19.694],[98.3652,19.6935],[98.3695,19.6891],[98.3723,19.6907],[98.3769,19.6978],[98.381,19.6985],[98.384,19.7009],[98.3879,19.7002],[98.3906,19.7039],[98.3931,19.7043],[98.397,19.7016],[98.4033,19.7006],[98.4067,19.6948],[98.4142,19.693],[98.4197,19.696],[98.4227,19.6956],[98.4253,19.6927],[98.4288,19.6962],[98.434,19.6967],[98.4376,19.696],[98.44,19.6932],[98.4423,19.6946],[98.4454,19.6933],[98.4532,19.6968],[98.4604,19.6978],[98.4623,19.6932],[98.466,19.6923],[98.4677,19.6949],[98.4738,19.6951],[98.4759,19.6986],[98.4856,19.7046],[98.4969,19.7057],[98.5016,19.7091],[98.5062,19.7101],[98.5082,19.7138],[98.5071,19.7164],[98.5097,19.7176],[98.5185,19.7155],[98.5197,19.7122],[98.5226,19.7109],[98.5264,19.7062],[98.5288,19.7057],[98.5328,19.6991],[98.5328,19.6964],[98.5382,19.6937],[98.5381,19.6893],[98.5487,19.6868],[98.5568,19.6812],[98.5591,19.6755],[98.566,19.6721],[98.5673,19.6736],[98.5668,19.6812],[98.5706,19.6892],[98.5702,19.6967],[98.5727,19.6988],[98.5721,19.7045],[98.5801,19.7074],[98.59,19.7158],[98.6081,19.7091],[98.6126,19.7103],[98.6161,19.7173],[98.6208,19.714],[98.6262,19.715],[98.6289,19.7097],[98.6233,19.7041],[98.6252,19.6967],[98.6179,19.6965],[98.6206,19.6883],[98.6124,19.6855],[98.6134,19.6818],[98.6207,19.677],[98.621,19.6752],[98.6187,19.6739],[98.6193,19.6718],[98.6182,19.6687],[98.6164,19.6686],[98.6162,19.6656],[98.612,19.6679],[98.6102,19.667],[98.6122,19.6615],[98.6089,19.655],[98.6109,19.6494],[98.6118,19.6384],[98.6099,19.6349],[98.6134,19.627],[98.6116,19.6239],[98.6127,19.617],[98.6116,19.6039],[98.6071,19.5978],[98.602,19.5986],[98.6,19.6106],[98.5945,19.6182],[98.5917,19.6258],[98.5854,19.6316],[98.5866,19.6353],[98.5927,19.6419],[98.5859,19.6436],[98.5855,19.641],[98.5814,19.6367],[98.5805,19.628],[98.577,19.6231],[98.5793,19.6191],[98.573,19.6151],[98.5705,19.6039],[98.573,19.6043],[98.58,19.6007],[98.5919,19.6038],[98.5954,19.5916],[98.592,19.5895],[98.5731,19.594],[98.5693,19.5938],[98.5686,19.5923],[98.5785,19.59],[98.5866,19.5854],[98.5896,19.5795],[98.6083,19.5766],[98.6083,19.5709],[98.6056,19.5658],[98.6121,19.561],[98.613,19.5561],[98.6225,19.547],[98.63,19.5426],[98.6336,19.5378],[98.6346,19.5334],[98.6406,19.5338],[98.6466,19.5306],[98.647,19.5279],[98.6409,19.5227],[98.6378,19.5221],[98.6357,19.519],[98.6277,19.518],[98.6252,19.5148],[98.6191,19.512],[98.6164,19.5134],[98.6146,19.5124],[98.6121,19.5016],[98.6056,19.4979],[98.604,19.4943],[98.608,19.49],[98.6061,19.4861],[98.6084,19.4807],[98.6071,19.4766],[98.603,19.4722],[98.6039,19.4638],[98.6024,19.4578],[98.5988,19.4525],[98.5946,19.4513],[98.5878,19.4408],[98.5896,19.4356],[98.588,19.4276],[98.5898,19.4245],[98.5887,19.4197],[98.5897,19.4155],[98.5922,19.4135],[98.6083,19.4114],[98.6096,19.4041],[98.6212,19.3947],[98.6305,19.396],[98.637,19.3997],[98.6425,19.4001],[98.6488,19.3998],[98.6537,19.3962],[98.6547,19.3945],[98.6529,19.3936],[98.6466,19.3936],[98.6408,19.3901],[98.6387,19.385],[98.6389,19.3746],[98.6427,19.368],[98.6577,19.3631],[98.663,19.3635],[98.6639,19.3651],[98.6659,19.3613],[98.6705,19.358],[98.6733,19.3579],[98.6762,19.36],[98.6799,19.3587],[98.6819,19.36],[98.6862,19.3589],[98.6876,19.3604],[98.7001,19.3599],[98.7018,19.3541],[98.7066,19.3495],[98.7015,19.3434],[98.7019,19.3412],[98.6971,19.3404],[98.6989,19.338],[98.695,19.3355],[98.6944,19.3292],[98.7032,19.3237],[98.7026,19.3182],[98.7045,19.31],[98.7021,19.3108],[98.7003,19.3073],[98.7011,19.3045],[98.7051,19.3076],[98.7027,19.3011],[98.7048,19.2985],[98.7091,19.3036],[98.7077,19.305],[98.7101,19.3053],[98.7112,19.3082],[98.7136,19.309],[98.7136,19.3118],[98.7182,19.3092],[98.7197,19.3115],[98.7203,19.3106],[98.7228,19.3123],[98.7257,19.3172],[98.7265,19.3151],[98.729,19.3169],[98.7288,19.315],[98.7301,19.3152],[98.7332,19.3188],[98.7381,19.3198],[98.7386,19.322],[98.7401,19.3214],[98.7411,19.3239],[98.7454,19.3257],[98.7479,19.3257],[98.7507,19.3211],[98.7566,19.3229],[98.7578,19.3209],[98.7635,19.3207],[98.7661,19.3187],[98.7659,19.3171],[98.77,19.3167],[98.768,19.3101],[98.7688,19.3081],[98.7621,19.3029],[98.7653,19.2845],[98.7644,19.28],[98.7661,19.2778],[98.7648,19.2727],[98.7676,19.2686],[98.7662,19.2675],[98.7667,19.2631],[98.7767,19.2505],[98.7781,19.2447],[98.776,19.2418],[98.7784,19.2384],[98.7773,19.2364],[98.7732,19.2393],[98.7705,19.2457],[98.7604,19.2408],[98.7587,19.2368],[98.7462,19.2349],[98.7425,19.233],[98.7405,19.2336],[98.7398,19.2394],[98.7343,19.2435],[98.7299,19.235],[98.7245,19.237],[98.7197,19.2436],[98.7142,19.2449],[98.7107,19.2508],[98.7093,19.2503],[98.7059,19.2526],[98.7049,19.2492],[98.7077,19.2476],[98.7055,19.241],[98.7045,19.242],[98.7029,19.2402],[98.7014,19.2413],[98.7013,19.2399],[98.6991,19.2399],[98.7011,19.2368],[98.6979,19.2371],[98.697,19.234],[98.6941,19.2337],[98.6925,19.2309],[98.6886,19.2306],[98.6811,19.2207],[98.6779,19.2215],[98.677,19.219],[98.6749,19.2185],[98.6735,19.2202],[98.6742,19.226],[98.6723,19.2289],[98.6694,19.2314],[98.663,19.2319],[98.6617,19.2363],[98.6596,19.2369],[98.6588,19.2344],[98.6593,19.2398],[98.6556,19.2405],[98.6568,19.2428],[98.6524,19.2471],[98.6501,19.2471],[98.6505,19.2513],[98.6492,19.2507],[98.6489,19.2535],[98.6479,19.2529],[98.647,19.2546],[98.6464,19.2535],[98.643,19.256],[98.6442,19.2526],[98.642,19.2499],[98.6372,19.2516],[98.64,19.2551],[98.6383,19.2565],[98.6396,19.2595],[98.637,19.2624],[98.6342,19.2613],[98.6322,19.2669],[98.6223,19.2724],[98.6218,19.2757],[98.6149,19.2786],[98.611,19.2786],[98.6084,19.2743],[98.607,19.2773],[98.6039,19.2785],[98.5993,19.2764],[98.5983,19.2711],[98.5916,19.2678]],[[98.646,19.3167],[98.658,19.3166],[98.6629,19.3149],[98.6622,19.3177],[98.6659,19.3137],[98.6698,19.3122],[98.6767,19.3121],[98.6789,19.3098],[98.6815,19.31],[98.6807,19.3123],[98.6865,19.3091],[98.6867,19.307],[98.6725,19.3091],[98.6662,19.3078],[98.6651,19.3081],[98.6662,19.3109],[98.6638,19.3098],[98.6619,19.3123],[98.6565,19.3108],[98.6471,19.3139],[98.646,19.3167]]]}},{"type":"Feature","properties":{"id":5944550,"name":"\u0e2d\u0e38\u0e17\u0e22\u0e32\u0e19\u0e41\u0e2b\u0e48\u0e07\u0e0a\u0e32\u0e15\u0e34\u0e2a\u0e32\u0e25\u0e30\u0e27\u0e34\u0e19","name_en":"Salawin National Park","boundary":"national_park","protect_class":"2"},"geometry":{"type":"Polygon","coordinates":[[[97.6769,18.1511],[97.6817,18.1524],[97.6818,18.155],[97.6834,18.1542],[97.6882,18.1566],[97.6895,18.1554],[97.6923,18.1566],[97.6914,18.1589],[97.6933,18.1607],[97.6892,18.1682],[97.6891,18.1737],[97.6937,18.1768],[97.696,18.1754],[97.6994,18.1761],[97.7035,18.1732],[97.7271,18.1686],[97.7306,18.1707],[97.7415,18.1721],[97.755,18.1795],[97.7608,18.1782],[97.7724,18.1794],[97.7785,18.1755],[97.7826,18.1775],[97.7916,18.1765],[97.7932,18.1779],[97.804,18.1739],[97.8078,18.1748],[97.8043,18.1746],[97.7933,18.1787],[97.791,18.1772],[97.7824,18.1781],[97.7785,18.1768],[97.7739,18.1807],[97.7597,18.1827],[97.746,18.1786],[97.7453,18.1839],[97.7397,18.1837],[97.7385,18.1936],[97.7298,18.1908],[97.7278,18.1833],[97.7297,18.1801],[97.741,18.1776],[97.7413,18.1752],[97.7246,18.1705],[97.716,18.1735],[97.702,18.1758],[97.7001,18.178],[97.7003,18.1848],[97.6979,18.1855],[97.6935,18.1775],[97.6865,18.1748],[97.6846,18.1713],[97.687,18.1593],[97.681,18.1552],[97.6774,18.1554],[97.6759,18.162],[97.6715,18.167],[97.6657,18.1715],[97.6585,18.1725],[97.6511,18.1785],[97.6421,18.1936],[97.6277,18.2069],[97.6141,18.2241],[97.609,18.239],[97.609,18.2448],[97.611,18.2501],[97.6339,18.2719],[97.6395,18.2812],[97.6398,18.2894],[97.6417,18.2882],[97.648,18.29],[97.6486,18.2875],[97.6517,18.2859],[97.6526,18.2899],[97.6561,18.2869],[97.6562,18.2904],[97.6588,18.2894],[97.659,18.2872],[97.6595,18.2909],[97.6628,18.2921],[97.6579,18.2984],[97.6602,18.2973],[97.6645,18.307],[97.6708,18.3068],[97.6719,18.3112],[97.6754,18.3117],[97.6765,18.31],[97.6781,18.3124],[97.6859,18.3139],[97.687,18.3153],[97.6895,18.3141],[97.6867,18.3196],[97.6881,18.3205],[97.6873,18.3233],[97.6891,18.3236],[97.6872,18.3266],[97.6898,18.3273],[97.6864,18.3311],[97.69,18.3344],[97.6893,18.337],[97.6947,18.337],[97.6983,18.3395],[97.6988,18.3432],[97.7007,18.3446],[97.7031,18.3434],[97.7089,18.3446],[97.7091,18.3434],[97.7177,18.3417],[97.7182,18.3394],[97.721,18.3401],[97.7222,18.3371],[97.7316,18.3388],[97.7358,18.3344],[97.7403,18.3346],[97.7319,18.3391],[97.7244,18.3381],[97.7196,18.3406],[97.7165,18.3443],[97.6925,18.3471],[97.6924,18.3514],[97.6899,18.3535],[97.6938,18.3541],[97.6888,18.36],[97.6814,18.3582],[97.6756,18.3685],[97.6826,18.3684],[97.6871,18.3633],[97.7003,18.3635],[97.7084,18.3615],[97.7106,18.3577],[97.7085,18.3527],[97.7093,18.3518],[97.718,18.3575],[97.7303,18.3531],[97.7363,18.3547],[97.7523,18.3498],[97.7543,18.3475],[97.7603,18.3467],[97.7634,18.3505],[97.7739,18.354],[97.7928,18.355],[97.8006,18.3514],[97.8059,18.3392],[97.8052,18.3317],[97.8017,18.3291],[97.8006,18.3254],[97.7921,18.3197],[97.7892,18.3159],[97.8021,18.2938],[97.8002,18.2916],[97.8014,18.2899],[97.8024,18.2914],[97.808,18.29],[97.808,18.2876],[97.8128,18.2823],[97.8137,18.2733],[97.8172,18.2655],[97.8162,18.2553],[97.8284,18.2436],[97.8315,18.2333],[97.8287,18.2206],[97.8246,18.2198],[97.8211,18.2155],[97.821,18.2108],[97.8188,18.2101],[97.8172,18.2057],[97.8214,18.1987],[97.8242,18.2004],[97.8264,18.1991],[97.8353,18.1998],[97.8424,18.1961],[97.8426,18.1997],[97.8443,18.2012],[97.858,18.2077],[97.8737,18.2041],[97.8741,18.2013],[97.8769,18.1987],[97.8769,18.1958],[97.8736,18.1965],[97.874,18.191],[97.8796,18.1798],[97.882,18.1782],[97.887,18.1648],[97.8955,18.1577],[97.8953,18.1543],[97.892,18.1536],[97.8915,18.146],[97.888,18.1468],[97.8884,18.1441],[97.8839,18.145],[97.8861,18.1421],[97.8835,18.139],[97.8855,18.1369],[97.8835,18.1352],[97.8892,18.1286],[97.8872,18.1257],[97.8891,18.122],[97.8854,18.1213],[97.8872,18.1175],[97.8853,18.1153],[97.889,18.1089],[97.8882,18.096],[97.8911,18.0721],[97.8862,18.0641],[97.8888,18.0595],[97.8914,18.0599],[97.8972,18.0551],[97.8889,18.0486],[97.8834,18.0491],[97.878,18.0545],[97.875,18.0534],[97.8804,18.0495],[97.8822,18.0446],[97.8794,18.0419],[97.891,18.0384],[97.892,18.0362],[97.888,18.0331],[97.8853,18.0336],[97.8776,18.0306],[97.8737,18.026],[97.8725,18.0268],[97.8716,18.0248],[97.87,18.0251],[97.8703,18.0224],[97.868,18.0232],[97.8675,18.0208],[97.8655,18.0201],[97.864,18.0232],[97.8619,18.0203],[97.8599,18.0202],[97.8599,18.0222],[97.8574,18.0203],[97.856,18.0245],[97.8534,18.0208],[97.8472,18.0209],[97.848,18.0167],[97.8457,18.0168],[97.8444,18.0135],[97.8396,18.0147],[97.8403,18.011],[97.8383,18.0115],[97.8391,18.0104],[97.8235,18.0006],[97.82,17.9956],[97.8167,17.9939],[97.8113,17.9937],[97.8055,17.9914],[97.804,17.993],[97.7958,17.9888],[97.7945,17.9902],[97.7892,17.9896],[97.7855,17.993],[97.7859,17.9957],[97.7841,17.9951],[97.7776,18.0009],[97.7673,18.0041],[97.7626,18.0034],[97.7597,17.9993],[97.7573,17.9989],[97.7565,17.9948],[97.7521,17.993],[97.7469,17.9881],[97.7363,17.9865],[97.7281,18.0025],[97.7208,18.0129],[97.721,18.0162],[97.7236,18.0198],[97.7235,18.0242],[97.7155,18.034],[97.7085,18.0481],[97.7081,18.0566],[97.6978,18.0669],[97.6933,18.0667],[97.6881,18.0598],[97.6857,18.0598],[97.682,18.0637],[97.6801,18.0747],[97.6829,18.0779],[97.688,18.079],[97.6888,18.0707],[97.6928,18.0703],[97.6955,18.0763],[97.6978,18.0778],[97.6994,18.0759],[97.7019,18.0767],[97.7036,18.0809],[97.7081,18.0832],[97.709,18.0857],[97.7127,18.0868],[97.7178,18.0826],[97.722,18.0832],[97.7161,18.0853],[97.7144,18.0884],[97.7171,18.0936],[97.7292,18.1016],[97.73,18.1047],[97.7376,18.1096],[97.7379,18.112],[97.7335,18.1099],[97.732,18.1072],[97.7275,18.1065],[97.7272,18.1024],[97.7152,18.0954],[97.7107,18.0887],[97.7033,18.0849],[97.6979,18.0795],[97.6928,18.0801],[97.6897,18.0925],[97.6777,18.1148],[97.6769,18.1511]],[[97.6973,18.1569],[97.6993,18.1582],[97.7004,18.1547],[97.6984,18.1539],[97.6973,18.1569]]]}},{"type":"Feature","properties":{"id":5944551,"name":"\u0e2d\u0e38\u0e17\u0e22\u0e32\u0e19\u0e41\u0e2b\u0e48\u0e07\u0e0a\u0e32\u0e15\u0e34\u0e16\u0e49\u0e33\u0e1b\u0e25\u0e32-\u0e19\u0e49\u0e33\u0e15\u0e01\u0e1c\u0e32\u0e40\u0e2a\u0e37\u0e48\u0e2d","name_en":"Tham Pla-Namtok Pha Suea National Park","boundary":"national_park","protect_class":"2"},"geometry":{"type":"Polygon","coordinates":[[[97.8248,19.4276],[97.8272,19.4306],[97.8283,19.442],[97.8332,19.4477],[97.8363,19.449],[97.8384,19.4544],[97.8411,19.4574],[97.8441,19.458],[97.8445,19.4613],[97.8501,19.4667],[97.8576,19.4691],[97.8578,19.4722],[97.8603,19.4738],[97.8596,19.4795],[97.8627,19.4834],[97.8709,19.4845],[97.8743,19.4883],[97.8729,19.4958],[97.8794,19.4965],[97.8882,19.5006],[97.8805,19.5068],[97.8801,19.509],[97.88,19.5142],[97.8826,19.5178],[97.8857,19.5181],[97.887,19.522],[97.8807,19.5222],[97.8768,19.5275],[97.8701,19.5281],[97.8659,19.526],[97.8616,19.5297],[97.8552,19.5314],[97.855,19.5478],[97.8585,19.5578],[97.8632,19.5635],[97.8624,19.5674],[97.8592,19.5712],[97.8617,19.5758],[97.8683,19.5786],[97.8744,19.5783],[97.8797,19.5809],[97.8892,19.5763],[97.895,19.576],[97.9024,19.5776],[97.9112,19.5839],[97.9202,19.5844],[97.9261,19.5889],[97.928,19.5881],[97.9313,19.5901],[97.932,19.5749],[97.9273,19.5737],[97.9223,19.5696],[97.9203,19.5623],[97.9148,19.5539],[97.9206,19.5489],[97.9196,19.5376],[97.9122,19.5377],[97.9048,19.5429],[97.9023,19.5382],[97.9076,19.5335],[97.9059,19.5318],[97.8968,19.5345],[97.892,19.5334],[97.8848,19.539],[97.8789,19.54],[97.8796,19.5364],[97.8913,19.5297],[97.9016,19.5288],[97.9048,19.5204],[97.9024,19.5169],[97.9038,19.5025],[97.9108,19.5046],[97.9114,19.5007],[97.909,19.4999],[97.9103,19.4962],[97.9158,19.496],[97.9381,19.4819],[97.9508,19.5],[97.9482,19.5133],[97.9434,19.5182],[97.938,19.519],[97.9373,19.5251],[97.9354,19.5282],[97.9384,19.5324],[97.9437,19.5352],[97.9506,19.5442],[97.9566,19.5468],[97.9619,19.5514],[97.9557,19.5635],[97.9548,19.5847],[97.9508,19.5936],[97.9557,19.5943],[97.9607,19.5927],[97.9611,19.5989],[97.9703,19.5998],[97.975,19.602],[97.9757,19.6052],[97.9737,19.6125],[97.9763,19.617],[97.9727,19.622],[97.9753,19.6295],[97.9726,19.6344],[97.981,19.6346],[97.9834,19.6404],[97.9868,19.6377],[97.9932,19.638],[97.9998,19.6359],[98.0008,19.633],[98.0038,19.6366],[98.0077,19.6354],[98.0081,19.6313],[98.013,19.6303],[98.0114,19.6278],[98.0025,19.625],[98.0041,19.6234],[98.001,19.6236],[98.0028,19.6227],[97.996,19.6201],[97.9987,19.6176],[97.9967,19.6156],[98.0002,19.615],[97.9996,19.6135],[98.0022,19.6122],[98.0057,19.6049],[98.0054,19.6012],[98.0035,19.6011],[98.0033,19.6044],[98.0021,19.6035],[98.0017,19.5986],[98.002,19.5898],[98.0047,19.5822],[98.0027,19.5759],[98.0047,19.5688],[98.0007,19.5647],[97.9956,19.5686],[97.994,19.572],[97.9894,19.569],[97.9873,19.5588],[98.0035,19.5523],[97.999,19.5413],[97.9967,19.5393],[97.9998,19.5379],[98.0006,19.5269],[97.9987,19.5205],[97.9938,19.5152],[97.9956,19.5032],[97.9984,19.4962],[97.9989,19.4854],[98.0013,19.4841],[97.9991,19.472],[97.9932,19.4693],[97.9896,19.4583],[97.9918,19.453],[97.9968,19.4475],[97.9964,19.4306],[97.9939,19.4275],[97.9771,19.427],[97.9865,19.4457],[97.9836,19.4585],[97.9879,19.4688],[97.9836,19.4765],[97.987,19.4937],[97.9826,19.5015],[97.978,19.504],[97.9772,19.5136],[97.9713,19.5147],[97.9688,19.5081],[97.961,19.5013],[97.9583,19.4961],[97.9576,19.4834],[97.9636,19.4782],[97.961,19.4721],[97.9627,19.4685],[97.9608,19.4539],[97.9565,19.4482],[97.9584,19.4365],[97.9505,19.428],[97.942,19.4279],[97.9351,19.4315],[97.9286,19.4318],[97.9196,19.4275],[97.9177,19.4288],[97.9114,19.4273],[97.9055,19.4305],[97.8952,19.4235],[97.9015,19.4148],[97.9082,19.4215],[97.9163,19.423],[97.9187,19.4266],[97.9284,19.4311],[97.9347,19.4309],[97.9415,19.4273],[97.9497,19.4263],[97.9503,19.4211],[97.948,19.4187],[97.938,19.4164],[97.9436,19.4088],[97.9405,19.4084],[97.9411,19.4054],[97.9439,19.4035],[97.9426,19.4022],[97.945,19.3939],[97.9442,19.3895],[97.9471,19.3802],[97.9415,19.3825],[97.9429,19.377],[97.9498,19.3749],[97.954,19.3665],[97.9517,19.3638],[97.9533,19.3623],[97.9526,19.3582],[97.95,19.3561],[97.9399,19.3616],[97.941,19.358],[97.945,19.3548],[97.9473,19.3565],[97.9496,19.3546],[97.9532,19.3455],[97.9534,19.3424],[97.949,19.3448],[97.9502,19.3415],[97.9473,19.3348],[97.9459,19.336],[97.9454,19.3331],[97.9412,19.3328],[97.9378,19.3385],[97.9315,19.3333],[97.9286,19.3331],[97.9271,19.3348],[97.9246,19.3341],[97.9232,19.3354],[97.9241,19.3394],[97.9221,19.3408],[97.9191,19.3506],[97.9158,19.351],[97.909,19.3595],[97.9066,19.3591],[97.9045,19.362],[97.8978,19.363],[97.8965,19.3716],[97.8903,19.37],[97.887,19.3753],[97.8892,19.3797],[97.8882,19.3806],[97.8861,19.379],[97.8794,19.3828],[97.883,19.3885],[97.8816,19.3893],[97.877,19.3858],[97.8732,19.3904],[97.8698,19.3871],[97.8659,19.3906],[97.8605,19.3911],[97.8593,19.3933],[97.8572,19.3931],[97.8497,19.406],[97.8513,19.4225],[97.8586,19.425],[97.8623,19.4376],[97.8576,19.4423],[97.8463,19.4312],[97.8492,19.4124],[97.8481,19.4057],[97.8505,19.4001],[97.8545,19.3959],[97.8546,19.3917],[97.8601,19.3893],[97.8611,19.3865],[97.8581,19.3838],[97.8659,19.3817],[97.8647,19.3765],[97.8603,19.3733],[97.8641,19.3712],[97.866,19.3729],[97.8719,19.3708],[97.8745,19.3682],[97.8818,19.3682],[97.8864,19.3637],[97.8925,19.3636],[97.8926,19.3584],[97.8978,19.361],[97.9078,19.3563],[97.91,19.3526],[97.9124,19.3517],[97.9121,19.3495],[97.9172,19.3484],[97.917,19.3446],[97.9217,19.3382],[97.9204,19.3338],[97.9226,19.3315],[97.9259,19.3326],[97.9284,19.3301],[97.9344,19.3309],[97.9362,19.3279],[97.9393,19.3273],[97.9407,19.3244],[97.9398,19.3223],[97.9339,19.3229],[97.93,19.3165],[97.9315,19.3083],[97.9349,19.3036],[97.9374,19.305],[97.9397,19.3028],[97.9271,19.2861],[97.919,19.2866],[97.9175,19.2884],[97.9124,19.2868],[97.9092,19.2882],[97.9038,19.2873],[97.9013,19.2893],[97.8954,19.2904],[97.8912,19.2945],[97.8756,19.2982],[97.8682,19.304],[97.8566,19.3073],[97.8388,19.3002],[97.8334,19.3],[97.8288,19.3031],[97.8287,19.3103],[97.8237,19.3154],[97.8255,19.3242],[97.8223,19.3262],[97.8221,19.3289],[97.816,19.3301],[97.8147,19.3328],[97.8115,19.3338],[97.8105,19.3377],[97.8127,19.3384],[97.8135,19.3406],[97.7988,19.3527],[97.7988,19.3568],[97.8016,19.3635],[97.8001,19.3718],[97.8063,19.3764],[97.8033,19.3782],[97.8036,19.3877],[97.7999,19.3883],[97.7918,19.3951],[97.7869,19.3952],[97.7854,19.3984],[97.7877,19.4035],[97.8033,19.4048],[97.8061,19.4105],[97.8129,19.4125],[97.8153,19.4156],[97.8152,19.4181],[97.8222,19.4233],[97.8248,19.4276]],[[98.0509,19.6889],[98.0451,19.6826],[98.0428,19.6823],[98.0408,19.6844],[98.0403,19.6887],[98.047,19.6937],[98.0469,19.6998],[98.0553,19.7014],[98.0577,19.6968],[98.0616,19.697],[98.0605,19.6892],[98.0509,19.6889]]]}},{"type":"Feature","properties":{"id":5944643,"name":"\u0e2d\u0e38\u0e17\u0e22\u0e32\u0e19\u0e41\u0e2b\u0e48\u0e07\u0e0a\u0e32\u0e15\u0e34\u0e14\u0e2d\u0e22\u0e2b\u0e25\u0e27\u0e07","name_en":"Doi Luang National Park","boundary":"national_park","protect_class":"2"},"geometry":{"type":"Polygon","coordinates":[[[99.8297,19.0453],[99.8358,19.0494],[99.8381,19.0575],[99.8469,19.0637],[99.8266,19.0865],[99.8172,19.0849],[99.8155,19.0863],[99.8188,19.0898],[99.8194,19.0927],[99.8168,19.0938],[99.8166,19.0965],[99.8099,19.0935],[99.8066,19.0903],[99.8069,19.094],[99.8045,19.0968],[99.7976,19.0979],[99.7985,19.0998],[99.8024,19.0991],[99.8028,19.1009],[99.8061,19.0986],[99.8082,19.0993],[99.8091,19.0974],[99.8108,19.1009],[99.8143,19.1016],[99.8158,19.1004],[99.8156,19.1034],[99.8169,19.1018],[99.8195,19.1025],[99.8144,19.1067],[99.8155,19.108],[99.8144,19.11],[99.8185,19.1125],[99.8183,19.1154],[99.8168,19.1155],[99.8176,19.1167],[99.8152,19.1155],[99.8142,19.1223],[99.8116,19.1219],[99.8121,19.1243],[99.8097,19.1265],[99.8153,19.1268],[99.8164,19.134],[99.8202,19.1335],[99.8169,19.1383],[99.8222,19.1355],[99.8243,19.1378],[99.8224,19.1393],[99.8237,19.1404],[99.8159,19.1423],[99.8124,19.1405],[99.8102,19.142],[99.811,19.1431],[99.8096,19.1446],[99.799,19.1484],[99.7997,19.1468],[99.804,19.1454],[99.7988,19.1437],[99.7972,19.1456],[99.7954,19.1449],[99.7945,19.1484],[99.7926,19.1482],[99.7946,19.1514],[99.7888,19.1537],[99.7885,19.1558],[99.7979,19.158],[99.7988,19.1601],[99.7946,19.1668],[99.7927,19.167],[99.7936,19.1683],[99.79,19.1679],[99.7847,19.1712],[99.7802,19.1696],[99.7744,19.1783],[99.7682,19.1769],[99.7662,19.1748],[99.7619,19.1767],[99.7724,19.179],[99.773,19.1813],[99.7848,19.1763],[99.788,19.1765],[99.7894,19.1802],[99.785,19.1815],[99.7905,19.1858],[99.79,19.1886],[99.7852,19.1867],[99.782,19.1873],[99.78,19.189],[99.7804,19.1919],[99.7788,19.1925],[99.7752,19.1901],[99.7768,19.1943],[99.774,19.1929],[99.7752,19.1954],[99.7713,19.2014],[99.7758,19.1998],[99.7682,19.2084],[99.7619,19.2073],[99.7657,19.2098],[99.7668,19.2126],[99.7666,19.2174],[99.764,19.217],[99.7681,19.2188],[99.7659,19.2209],[99.7696,19.2201],[99.7694,19.2222],[99.7725,19.2238],[99.7682,19.228],[99.7679,19.2306],[99.7656,19.2311],[99.7615,19.2247],[99.7626,19.2226],[99.7612,19.2216],[99.7631,19.2191],[99.7545,19.2126],[99.7497,19.2117],[99.7482,19.2126],[99.7552,19.2145],[99.7551,19.2168],[99.7576,19.2178],[99.7574,19.2191],[99.755,19.22],[99.7435,19.2162],[99.7427,19.2188],[99.7513,19.22],[99.7516,19.2255],[99.7367,19.2317],[99.7329,19.2318],[99.7324,19.2347],[99.7296,19.2377],[99.7332,19.244],[99.7315,19.2455],[99.7335,19.2475],[99.7322,19.2492],[99.7329,19.2516],[99.7312,19.2528],[99.7343,19.2536],[99.7338,19.2571],[99.7372,19.2566],[99.738,19.2542],[99.7421,19.2513],[99.7449,19.2516],[99.7484,19.2496],[99.7497,19.251],[99.7551,19.2467],[99.7563,19.2472],[99.7557,19.245],[99.756,19.2461],[99.7599,19.2435],[99.7599,19.2415],[99.7619,19.2432],[99.7614,19.2419],[99.7631,19.2419],[99.7624,19.2409],[99.7672,19.2368],[99.7715,19.2377],[99.7706,19.2396],[99.766,19.2398],[99.7624,19.2447],[99.7534,19.2506],[99.7566,19.2504],[99.7635,19.2452],[99.7647,19.2472],[99.7703,19.2461],[99.7698,19.2443],[99.7734,19.2411],[99.7773,19.2442],[99.7729,19.2445],[99.774,19.2463],[99.7765,19.2453],[99.768,19.2536],[99.7652,19.2549],[99.7616,19.2538],[99.7641,19.2561],[99.7636,19.2577],[99.7667,19.2565],[99.7639,19.2594],[99.7664,19.2587],[99.7661,19.2618],[99.7562,19.2666],[99.7517,19.2736],[99.7428,19.2742],[99.7409,19.2781],[99.7486,19.2776],[99.7552,19.2743],[99.7693,19.2607],[99.7675,19.2653],[99.7733,19.2599],[99.7758,19.2604],[99.7671,19.27],[99.7709,19.2676],[99.7732,19.2727],[99.7756,19.27],[99.7798,19.27],[99.7791,19.2739],[99.7766,19.275],[99.7799,19.2751],[99.7785,19.2766],[99.7799,19.278],[99.773,19.2776],[99.772,19.2791],[99.7732,19.2806],[99.7693,19.2818],[99.7705,19.2843],[99.762,19.2862],[99.7559,19.2912],[99.752,19.292],[99.7521,19.2934],[99.7453,19.2937],[99.7476,19.2995],[99.7436,19.3013],[99.7442,19.3053],[99.7269,19.3123],[99.7483,19.3077],[99.7678,19.2946],[99.77,19.2943],[99.7712,19.297],[99.771,19.2993],[99.7653,19.303],[99.7624,19.313],[99.7592,19.3147],[99.7515,19.314],[99.7524,19.3157],[99.7455,19.3177],[99.7412,19.3227],[99.7459,19.3185],[99.7506,19.3175],[99.7518,19.3201],[99.7537,19.3204],[99.7538,19.3227],[99.7511,19.3231],[99.7534,19.3248],[99.7501,19.3259],[99.7519,19.3303],[99.7459,19.3332],[99.7536,19.3318],[99.7543,19.3342],[99.7528,19.3357],[99.7563,19.3385],[99.7532,19.3403],[99.7545,19.3413],[99.757,19.3404],[99.7569,19.3424],[99.754,19.3438],[99.7552,19.3462],[99.7527,19.3474],[99.7511,19.3457],[99.753,19.352],[99.7521,19.353],[99.7501,19.352],[99.7508,19.3542],[99.7491,19.3555],[99.7517,19.3553],[99.7523,19.3578],[99.7455,19.3603],[99.7496,19.3613],[99.7487,19.3642],[99.7513,19.3621],[99.749,19.3675],[99.7502,19.3687],[99.7484,19.3703],[99.7498,19.3719],[99.7472,19.3724],[99.7484,19.3761],[99.741,19.3748],[99.737,19.3761],[99.7385,19.3778],[99.744,19.3764],[99.7455,19.3784],[99.7416,19.381],[99.7403,19.3795],[99.7382,19.3803],[99.7385,19.3827],[99.736,19.3844],[99.7347,19.39],[99.7376,19.3878],[99.739,19.389],[99.7393,19.3861],[99.7452,19.3919],[99.7416,19.3933],[99.7376,19.4012],[99.7396,19.4024],[99.7314,19.4076],[99.7344,19.4096],[99.7344,19.4113],[99.7392,19.4107],[99.7377,19.4136],[99.7384,19.4157],[99.7365,19.4161],[99.7368,19.4181],[99.7347,19.4176],[99.7341,19.4209],[99.7312,19.4206],[99.7313,19.423],[99.7285,19.4207],[99.7285,19.4232],[99.7265,19.4232],[99.7264,19.4248],[99.7329,19.4258],[99.7307,19.436],[99.7278,19.4384],[99.7325,19.4417],[99.7254,19.4428],[99.7278,19.446],[99.7265,19.4477],[99.7209,19.4471],[99.7199,19.4489],[99.7141,19.4454],[99.7089,19.4453],[99.7047,19.4409],[99.7042,19.4431],[99.7023,19.4426],[99.7034,19.4421],[99.7023,19.442],[99.7024,19.4389],[99.6981,19.4333],[99.7012,19.4477],[99.7057,19.4488],[99.7049,19.4567],[99.6997,19.4553],[99.6963,19.4603],[99.6994,19.4684],[99.6957,19.4793],[99.6983,19.4937],[99.7013,19.5002],[99.7065,19.5019],[99.7081,19.5111],[99.6989,19.5238],[99.6956,19.5214],[99.6884,19.5303],[99.6975,19.5506],[99.6975,19.5562],[99.6938,19.5613],[99.6961,19.5658],[99.694,19.5696],[99.6839,19.5659],[99.6771,19.558],[99.6755,19.5507],[99.6703,19.5405],[99.6689,19.5249],[99.6656,19.5194],[99.6684,19.5129],[99.6669,19.5052],[99.6603,19.5016],[99.661,19.514],[99.6583,19.5162],[99.6588,19.5178],[99.6619,19.5187],[99.6644,19.53],[99.6604,19.5352],[99.6668,19.5432],[99.6665,19.5605],[99.6696,19.5625],[99.6686,19.5665],[99.6716,19.5705],[99.6685,19.5738],[99.6599,19.5625],[99.6599,19.5783],[99.6637,19.5821],[99.6697,19.578],[99.6779,19.577],[99.6783,19.5896],[99.6756,19.591],[99.6788,19.5919],[99.6786,19.5968],[99.6818,19.5957],[99.6865,19.5968],[99.6889,19.5939],[99.692,19.5973],[99.6862,19.5982],[99.681,19.6022],[99.6763,19.6008],[99.6768,19.6075],[99.6788,19.6094],[99.6769,19.6095],[99.6772,19.6156],[99.6746,19.6194],[99.6749,19.6255],[99.6729,19.6275],[99.6744,19.6281],[99.674,19.63],[99.669,19.6287],[99.6683,19.6254],[99.6682,19.6289],[99.6665,19.6287],[99.6672,19.63],[99.6656,19.6312],[99.6678,19.6319],[99.6674,19.6341],[99.6641,19.6347],[99.6632,19.6313],[99.6608,19.6322],[99.6566,19.6282],[99.6592,19.6335],[99.654,19.6319],[99.6528,19.6358],[99.6555,19.6372],[99.6592,19.6427],[99.6614,19.6414],[99.6622,19.643],[99.6625,19.6416],[99.6665,19.6426],[99.6653,19.6441],[99.6716,19.6488],[99.6687,19.6544],[99.6729,19.6545],[99.6744,19.657],[99.6689,19.6595],[99.6746,19.6592],[99.6732,19.6634],[99.6693,19.6673],[99.6648,19.6672],[99.6628,19.6607],[99.6623,19.6625],[99.6567,19.6615],[99.6549,19.6633],[99.6505,19.6589],[99.6492,19.6547],[99.6497,19.6624],[99.6465,19.6631],[99.6572,19.6654],[99.6525,19.6703],[99.6602,19.6652],[99.6614,19.6654],[99.6626,19.6694],[99.6624,19.6759],[99.6572,19.671],[99.6566,19.6732],[99.65,19.6733],[99.6519,19.6768],[99.6471,19.6751],[99.6483,19.6826],[99.6528,19.6803],[99.6556,19.684],[99.648,19.6882],[99.6521,19.689],[99.6523,19.6911],[99.6467,19.6901],[99.6476,19.6929],[99.65,19.6927],[99.6489,19.694],[99.6508,19.6957],[99.6469,19.6978],[99.6423,19.6964],[99.6393,19.6989],[99.6356,19.7082],[99.631,19.7128],[99.6265,19.7115],[99.6231,19.7135],[99.6159,19.7112],[99.6132,19.714],[99.6086,19.7107],[99.6046,19.7131],[99.6007,19.71],[99.6001,19.7113],[99.5965,19.7113],[99.5925,19.708],[99.5917,19.7046],[99.5859,19.7048],[99.5857,19.7024],[99.5875,19.7005],[99.5853,19.6964],[99.5826,19.6974],[99.5825,19.6955],[99.58,19.6947],[99.5763,19.6903],[99.5721,19.6926],[99.5749,19.6853],[99.567,19.6873],[99.5721,19.6818],[99.569,19.6824],[99.5699,19.6791],[99.5659,19.6766],[99.5621,19.6706],[99.5594,19.6702],[99.558,19.6677],[99.559,19.6647],[99.5575,19.6539],[99.55,19.6502],[99.551,19.6465],[99.541,19.6431],[99.532,19.6453],[99.5303,19.6273],[99.5353,19.6254],[99.5415,19.6197],[99.548,19.6178],[99.5504,19.6119],[99.5553,19.611],[99.5596,19.6153],[99.5653,19.6096],[99.5633,19.6086],[99.5605,19.6103],[99.5554,19.6074],[99.5526,19.6094],[99.5495,19.6069],[99.5446,19.61],[99.5406,19.6181],[99.5334,19.619],[99.5345,19.6133],[99.5381,19.6125],[99.5515,19.5987],[99.5485,19.5988],[99.5372,19.6098],[99.5352,19.6093],[99.5374,19.596],[99.5329,19.6005],[99.5318,19.6075],[99.5271,19.6131],[99.514,19.6119],[99.5115,19.6093],[99.5107,19.6052],[99.5202,19.5955],[99.5199,19.5942],[99.5167,19.5945],[99.5151,19.5892],[99.5191,19.5831],[99.5135,19.5772],[99.5158,19.5709],[99.5208,19.5694],[99.521,19.5681],[99.5176,19.5666],[99.5147,19.5671],[99.5125,19.5637],[99.5126,19.5607],[99.5169,19.5559],[99.516,19.5543],[99.5066,19.5577],[99.5046,19.5568],[99.5021,19.5505],[99.5063,19.5444],[99.5028,19.5443],[99.5012,19.5375],[99.4953,19.535],[99.4951,19.5308],[99.4895,19.5242],[99.4896,19.5219],[99.4959,19.5202],[99.492,19.5128],[99.4872,19.5149],[99.485,19.5106],[99.4861,19.5068],[99.4825,19.5039],[99.4754,19.5028],[99.4763,19.4981],[99.485,19.4973],[99.4938,19.4905],[99.4949,19.4821],[99.4899,19.4773],[99.4933,19.4729],[99.488,19.4673],[99.4908,19.4595],[99.4947,19.4579],[99.4969,19.454],[99.498,19.4474],[99.5015,19.4407],[99.5011,19.431],[99.5073,19.4303],[99.5167,19.438],[99.5187,19.4362],[99.5163,19.4316],[99.5137,19.4312],[99.5086,19.4254],[99.5169,19.4237],[99.5163,19.4201],[99.5094,19.4201],[99.5083,19.4128],[99.5181,19.4049],[99.5198,19.4],[99.5309,19.396],[99.528,19.3911],[99.5322,19.3878],[99.5356,19.3912],[99.5379,19.3893],[99.534,19.3834],[99.5353,19.3795],[99.5421,19.3824],[99.5422,19.3795],[99.539,19.3761],[99.5384,19.3677],[99.5415,19.3634],[99.5366,19.361],[99.5401,19.3505],[99.5366,19.3461],[99.5412,19.3417],[99.5331,19.3387],[99.5345,19.3253],[99.5428,19.3287],[99.5416,19.3213],[99.5487,19.3225],[99.5505,19.3212],[99.5466,19.3143],[99.5491,19.308],[99.5372,19.2987],[99.5456,19.2957],[99.5546,19.2979],[99.5526,19.2938],[99.5394,19.292],[99.5397,19.2884],[99.5427,19.2853],[99.54,19.2825],[99.5383,19.2763],[99.5392,19.2715],[99.5374,19.2687],[99.5376,19.2657],[99.5456,19.2627],[99.5463,19.2567],[99.5547,19.2505],[99.5526,19.2358],[99.5574,19.2193],[99.5726,19.2095],[99.5716,19.2045],[99.5831,19.2013],[99.5843,19.204],[99.59,19.2049],[99.5915,19.2109],[99.5981,19.2063],[99.5997,19.21],[99.5955,19.2134],[99.5951,19.2159],[99.5987,19.2156],[99.5958,19.222],[99.5971,19.2225],[99.6008,19.2183],[99.6044,19.2194],[99.6043,19.2163],[99.6065,19.2159],[99.605,19.2108],[99.608,19.2117],[99.6072,19.207],[99.6095,19.2048],[99.6119,19.2068],[99.6126,19.2104],[99.6155,19.2091],[99.6162,19.2156],[99.6119,19.2165],[99.6119,19.2198],[99.6201,19.2192],[99.6199,19.2216],[99.611,19.225],[99.6063,19.2228],[99.5978,19.2365],[99.6014,19.2373],[99.5998,19.2415],[99.6066,19.2398],[99.6041,19.2456],[99.6061,19.2461],[99.6215,19.2302],[99.6213,19.2379],[99.6111,19.2489],[99.6138,19.2532],[99.6262,19.2522],[99.6274,19.2596],[99.6288,19.2605],[99.6281,19.2653],[99.6317,19.2626],[99.6312,19.2669],[99.6274,19.2714],[99.6325,19.2722],[99.6293,19.2868],[99.6277,19.2871],[99.6255,19.2829],[99.6139,19.2826],[99.6103,19.2853],[99.611,19.2919],[99.6142,19.2942],[99.6116,19.303],[99.6135,19.3106],[99.6111,19.3131],[99.6064,19.3143],[99.6065,19.3162],[99.6017,19.3219],[99.6033,19.3228],[99.6067,19.321],[99.6058,19.3239],[99.6119,19.3227],[99.6118,19.3248],[99.6132,19.3236],[99.6151,19.3245],[99.6164,19.3306],[99.6202,19.3289],[99.6174,19.3222],[99.6189,19.3173],[99.6171,19.3094],[99.622,19.3033],[99.6215,19.3002],[99.6242,19.2917],[99.6264,19.2932],[99.636,19.292],[99.6382,19.294],[99.6402,19.3097],[99.6405,19.2915],[99.6449,19.2943],[99.6448,19.2895],[99.6392,19.2816],[99.6417,19.2756],[99.6446,19.281],[99.6492,19.2833],[99.6504,19.2809],[99.644,19.2736],[99.6482,19.2683],[99.6513,19.272],[99.6543,19.2709],[99.6488,19.2663],[99.6482,19.2646],[99.6508,19.2632],[99.6507,19.2617],[99.6455,19.2574],[99.6508,19.2526],[99.6512,19.2503],[99.6551,19.2487],[99.6532,19.2463],[99.654,19.2376],[99.6591,19.2292],[99.6576,19.2242],[99.6599,19.216],[99.6715,19.2163],[99.6746,19.2142],[99.6812,19.2137],[99.6816,19.2099],[99.6746,19.1947],[99.6711,19.1939],[99.6654,19.1811],[99.666,19.1781],[99.6627,19.1692],[99.6671,19.171],[99.6716,19.1796],[99.6726,19.1794],[99.6697,19.1684],[99.6733,19.1677],[99.6739,19.164],[99.6817,19.1603],[99.6857,19.1559],[99.6835,19.1446],[99.6791,19.1396],[99.6775,19.1316],[99.6831,19.1332],[99.6871,19.131],[99.6974,19.1308],[99.7029,19.1232],[99.703,19.1191],[99.6985,19.1135],[99.6959,19.1073],[99.6963,19.1025],[99.706,19.0866],[99.7125,19.0866],[99.7191,19.0748],[99.7268,19.0753],[99.7327,19.0676],[99.7364,19.0677],[99.7549,19.0597],[99.7616,19.0471],[99.77,19.0461],[99.7716,19.0497],[99.7749,19.0487],[99.7802,19.0539],[99.7856,19.0562],[99.796,19.0532],[99.7996,19.0565],[99.8125,19.0584],[99.8158,19.0628],[99.82,19.0608],[99.8187,19.0548],[99.8215,19.0518],[99.8219,19.0478],[99.8284,19.0415],[99.8297,19.0453]]]}},{"type":"Feature","properties":{"id":5944644,"name":"\u0e2d\u0e38\u0e17\u0e22\u0e32\u0e19\u0e41\u0e2b\u0e48\u0e07\u0e0a\u0e32\u0e15\u0e34\u0e14\u0e2d\u0e22\u0e20\u0e39\u0e04\u0e32","name_en":"Doi Phu Kha National Park","boundary":"national_park","protect_class":"2"},"geometry":{"type":"Polygon","coordinates":[[[101.1722,18.6823],[101.1688,18.6836],[101.1679,18.6795],[101.1637,18.6802],[101.1655,18.6821],[101.1622,18.6832],[101.1599,18.6804],[101.1583,18.6808],[101.1538,18.6778],[101.154,18.6806],[101.1516,18.6799],[101.153,18.6852],[101.1508,18.6848],[101.1494,18.6867],[101.1472,18.6858],[101.1453,18.6883],[101.1487,18.6936],[101.1452,18.6943],[101.146,18.6959],[101.1424,18.7003],[101.1408,18.6979],[101.1376,18.7006],[101.1357,18.6988],[101.1342,18.7009],[101.1306,18.6992],[101.1322,18.6953],[101.1286,18.6952],[101.1301,18.6971],[101.1285,18.6986],[101.1223,18.6915],[101.121,18.6862],[101.0933,18.6697],[101.0877,18.6709],[101.0837,18.6652],[101.0764,18.661],[101.0712,18.662],[101.0657,18.6576],[101.0645,18.6505],[101.0541,18.6482],[101.0395,18.6496],[101.0374,18.6455],[101.0316,18.6471],[101.0337,18.6499],[101.031,18.6512],[101.027,18.65],[101.0303,18.658],[101.0274,18.6608],[101.0256,18.6685],[101.0283,18.6704],[101.0287,18.677],[101.0245,18.6804],[101.032,18.6946],[101.0398,18.7],[101.0443,18.7001],[101.0432,18.7052],[101.0474,18.7129],[101.0384,18.7183],[101.0362,18.7256],[101.0322,18.7318],[101.0317,18.7378],[101.0324,18.7426],[101.036,18.7473],[101.0336,18.7529],[101.0372,18.7633],[101.031,18.7745],[101.0418,18.7902],[101.0317,18.8025],[101.0376,18.8168],[101.042,18.8338],[101.0392,18.8413],[101.0413,18.8461],[101.0407,18.8535],[101.0374,18.855],[101.0394,18.8602],[101.0314,18.8627],[101.0306,18.866],[101.0349,18.8747],[101.0286,18.8886],[101.0315,18.8909],[101.0287,18.8952],[101.0334,18.9052],[101.0266,18.9138],[101.0088,18.9166],[100.9911,18.91],[100.9823,18.9154],[100.978,18.9155],[100.9723,18.9231],[100.9648,18.9193],[100.9673,18.9281],[100.9783,18.9404],[100.9923,18.9504],[101.0182,18.9505],[101.021,18.9631],[101.0356,18.9638],[101.0393,18.9597],[101.0458,18.9601],[101.0569,18.9468],[101.0539,18.9442],[101.0549,18.9402],[101.0474,18.936],[101.0649,18.9246],[101.075,18.9261],[101.0763,18.9306],[101.0833,18.9335],[101.086,18.9377],[101.085,18.9401],[101.0872,18.9413],[101.0848,18.945],[101.0789,18.9489],[101.0728,18.9488],[101.0682,18.9517],[101.066,18.9663],[101.0706,18.9767],[101.0768,18.9788],[101.0826,18.9873],[101.0835,18.9967],[101.0864,19.0],[101.0849,19.0022],[101.0952,19.0165],[101.0979,19.0249],[101.0941,19.0356],[101.0921,19.0365],[101.0857,19.0275],[101.0808,19.0273],[101.075,19.0308],[101.0642,19.0327],[101.0647,19.0188],[101.0552,19.0205],[101.0513,19.0191],[101.045,19.007],[101.0484,18.9977],[101.0482,18.992],[101.0543,18.9869],[101.0541,18.9839],[101.0393,18.9816],[101.0197,18.9875],[101.0114,18.9825],[101.002,18.9879],[100.9922,18.9876],[100.9866,18.9781],[100.9778,18.9822],[100.9754,18.9911],[100.9686,18.9928],[100.9671,18.9915],[100.9682,18.9875],[100.9646,18.9894],[100.965,18.9932],[100.9635,18.9945],[100.9656,18.9986],[100.959,19.0051],[100.954,19.0071],[100.9492,19.0132],[100.9496,19.0153],[100.9561,19.0177],[100.9541,19.0227],[100.9561,19.0268],[100.9558,19.0322],[100.945,19.0378],[100.9317,19.0381],[100.9313,19.0393],[100.9366,19.0429],[100.9397,19.0511],[100.9368,19.0654],[100.9489,19.0879],[100.9559,19.0911],[100.9608,19.1024],[100.9589,19.1053],[100.9619,19.1062],[100.9628,19.1099],[100.9598,19.1104],[100.9619,19.1163],[100.9605,19.1395],[100.9646,19.1462],[100.9653,19.1511],[100.9649,19.1715],[100.9732,19.1814],[100.9771,19.1803],[100.9843,19.1819],[100.9912,19.18],[101.0026,19.1705],[101.0041,19.157],[101.0097,19.1492],[101.0073,19.1354],[101.0003,19.1318],[101.0015,19.1265],[101.0091,19.1254],[101.01,19.1177],[101.0231,19.1171],[101.0313,19.1229],[101.0261,19.1345],[101.027,19.1395],[101.0247,19.1477],[101.0328,19.1517],[101.0361,19.1589],[101.0333,19.1671],[101.0393,19.1734],[101.0519,19.1797],[101.0585,19.195],[101.0587,19.199],[101.0565,19.2045],[101.0735,19.2168],[101.0728,19.2242],[101.0773,19.2301],[101.0811,19.232],[101.0877,19.2434],[101.097,19.2406],[101.1031,19.2356],[101.1018,19.2422],[101.1071,19.2476],[101.1063,19.2485],[101.0965,19.246],[101.0936,19.248],[101.0952,19.2522],[101.0952,19.2595],[101.0977,19.2627],[101.0983,19.2667],[101.0944,19.268],[101.0939,19.2699],[101.0965,19.2713],[101.0967,19.2744],[101.0942,19.2778],[101.0863,19.2781],[101.0746,19.2855],[101.0391,19.301],[101.0299,19.3249],[101.0203,19.3243],[101.0172,19.3211],[101.0113,19.3187],[101.009,19.323],[101.0109,19.3254],[101.0097,19.34],[101.001,19.3531],[100.9927,19.356],[100.9891,19.3536],[100.9845,19.3541],[100.9704,19.3489],[100.9662,19.3506],[100.9669,19.3543],[100.9763,19.3564],[100.9874,19.3813],[100.993,19.3835],[100.9969,19.3798],[101.001,19.3793],[101.0053,19.391],[100.9928,19.3937],[100.988,19.3925],[100.9849,19.3949],[100.9926,19.407],[100.9855,19.4122],[100.9815,19.4119],[100.9636,19.4198],[100.9567,19.4161],[100.9483,19.4157],[100.9532,19.426],[100.9663,19.4335],[100.9625,19.4493],[100.9704,19.4615],[100.9593,19.4679],[100.96,19.4711],[100.9462,19.4777],[100.9464,19.4811],[100.9516,19.4818],[100.9563,19.49],[100.9625,19.4914],[100.9679,19.4978],[100.9525,19.5214],[100.9707,19.5444],[100.9851,19.5494],[101.0007,19.5459],[101.006,19.5513],[101.0149,19.5522],[101.0215,19.5459],[101.0274,19.5503],[101.0362,19.5465],[101.0464,19.5464],[101.0499,19.5522],[101.0568,19.5521],[101.0682,19.5624],[101.0886,19.5644],[101.0962,19.5684],[101.1017,19.5671],[101.1036,19.5684],[101.1119,19.562],[101.123,19.5607],[101.127,19.5654],[101.13,19.5648],[101.1294,19.5611],[101.1355,19.5578],[101.1317,19.5569],[101.1325,19.5487],[101.1303,19.5487],[101.1292,19.5435],[101.1213,19.5415],[101.1246,19.5309],[101.1236,19.5214],[101.1275,19.5145],[101.1282,19.5069],[101.137,19.4993],[101.1364,19.4901],[101.133,19.4838],[101.1353,19.469],[101.1373,19.4661],[101.1349,19.461],[101.1369,19.4586],[101.1383,19.4596],[101.1429,19.4547],[101.142,19.4534],[101.1455,19.4536],[101.1461,19.4503],[101.1495,19.4492],[101.1506,19.4463],[101.1535,19.4445],[101.1532,19.4382],[101.1508,19.4371],[101.1524,19.4301],[101.1483,19.4267],[101.148,19.4236],[101.1516,19.411],[101.1502,19.4063],[101.1511,19.4026],[101.1491,19.4012],[101.1364,19.4175],[101.1315,19.4104],[101.1371,19.3996],[101.1471,19.3986],[101.1513,19.3867],[101.1473,19.3774],[101.1443,19.3753],[101.1446,19.3692],[101.1513,19.3683],[101.1529,19.3609],[101.1549,19.3588],[101.1538,19.3512],[101.151,19.3494],[101.1516,19.3477],[101.1553,19.3486],[101.1594,19.3373],[101.1624,19.3357],[101.1715,19.3211],[101.1732,19.2896],[101.1714,19.2841],[101.1734,19.2801],[101.1734,19.2738],[101.1768,19.2695],[101.179,19.2627],[101.1783,19.2531],[101.179,19.2476],[101.181,19.2459],[101.1797,19.2433],[101.1813,19.2423],[101.1803,19.2367],[101.1708,19.2243],[101.1721,19.216],[101.1699,19.2041],[101.1578,19.1996],[101.1593,19.1931],[101.1663,19.1877],[101.1718,19.1763],[101.1674,19.175],[101.1607,19.1684],[101.1496,19.1509],[101.1437,19.1319],[101.1404,19.1307],[101.1402,19.1282],[101.1437,19.1263],[101.1452,19.1091],[101.1434,19.0961],[101.1444,19.0901],[101.1396,19.0742],[101.1341,19.0662],[101.1525,19.0662],[101.1538,19.0627],[101.157,19.0622],[101.1596,19.0597],[101.1512,19.0297],[101.1628,19.0242],[101.1684,19.0261],[101.1843,19.0213],[101.1821,19.0118],[101.1769,19.0022],[101.1999,18.9851],[101.1976,18.9781],[101.1995,18.9714],[101.2115,18.9643],[101.2149,18.9572],[101.213,18.9548],[101.2151,18.9527],[101.2107,18.9457],[101.2127,18.9404],[101.2093,18.934],[101.2082,18.9258],[101.2192,18.9105],[101.2263,18.8904],[101.2262,18.8831],[101.2192,18.8763],[101.2134,18.8646],[101.2148,18.8591],[101.2123,18.8569],[101.2139,18.8552],[101.2121,18.8528],[101.2152,18.8522],[101.2155,18.85],[101.2134,18.8493],[101.2132,18.8437],[101.2184,18.8444],[101.2182,18.8416],[101.2281,18.8386],[101.2275,18.8209],[101.2313,18.8159],[101.2254,18.8014],[101.2215,18.7994],[101.2233,18.7913],[101.22,18.7867],[101.223,18.7834],[101.2239,18.7718],[101.2277,18.7715],[101.2334,18.775],[101.2407,18.7737],[101.2444,18.771],[101.2375,18.7591],[101.2385,18.7508],[101.2356,18.741],[101.2238,18.7332],[101.228,18.7258],[101.2333,18.7213],[101.2322,18.7165],[101.2347,18.7109],[101.2294,18.7079],[101.2198,18.707],[101.2185,18.7025],[101.2163,18.7009],[101.214,18.7041],[101.2112,18.7012],[101.2052,18.6998],[101.2035,18.7007],[101.2018,18.6994],[101.2023,18.6946],[101.1999,18.6906],[101.1971,18.6902],[101.1949,18.6879],[101.1928,18.6826],[101.1939,18.6794],[101.1919,18.6789],[101.1902,18.6811],[101.185,18.6807],[101.1828,18.6834],[101.1808,18.6807],[101.1779,18.6832],[101.1762,18.6816],[101.1722,18.6823]],[[101.179,18.7297],[101.1731,18.7354],[101.1726,18.7383],[101.1846,18.7427],[101.183,18.7472],[101.1857,18.7501],[101.181,18.7551],[101.1921,18.767],[101.208,18.7606],[101.2128,18.7458],[101.2042,18.7361],[101.1852,18.7332],[101.179,18.7297]]]}},{"type":"Feature","properties":{"id":5944645,"name":"\u0e2d\u0e38\u0e17\u0e22\u0e32\u0e19\u0e41\u0e2b\u0e48\u0e07\u0e0a\u0e32\u0e15\u0e34\u0e02\u0e38\u0e19\u0e41\u0e08","name_en":"Khun Chae National Park","boundary":"national_park","protect_class":"2"},"geometry":{"type":"Polygon","coordinates":[[[99.4018,19.0001],[99.3962,19.007],[99.3953,19.0184],[99.3938,19.0202],[99.3894,19.0206],[99.386,19.0387],[99.3813,19.0419],[99.3819,19.0516],[99.3851,19.0552],[99.3827,19.0593],[99.3838,19.0631],[99.3811,19.0654],[99.3655,19.0692],[99.364,19.0731],[99.3651,19.0789],[99.3603,19.0831],[99.351,19.0872],[99.3466,19.0857],[99.3443,19.0865],[99.344,19.089],[99.3507,19.0935],[99.3513,19.0967],[99.3561,19.0994],[99.3535,19.1011],[99.3557,19.104],[99.3489,19.1031],[99.3528,19.107],[99.3531,19.1099],[99.3557,19.1107],[99.3548,19.1126],[99.3477,19.1105],[99.347,19.0988],[99.3441,19.0981],[99.3432,19.0944],[99.3407,19.0956],[99.3379,19.1038],[99.33,19.113],[99.3296,19.1173],[99.3244,19.1204],[99.3261,19.1224],[99.3292,19.1207],[99.3378,19.1207],[99.3466,19.1284],[99.3609,19.1362],[99.3596,19.1387],[99.3486,19.1339],[99.3394,19.1351],[99.3405,19.1373],[99.3391,19.1419],[99.3358,19.1359],[99.3381,19.1314],[99.3446,19.133],[99.3465,19.1318],[99.3442,19.1298],[99.3378,19.1298],[99.3298,19.1333],[99.3285,19.1369],[99.3248,19.1321],[99.3247,19.1288],[99.3193,19.1312],[99.3192,19.133],[99.3241,19.1359],[99.323,19.1468],[99.3193,19.1555],[99.3194,19.1652],[99.3148,19.1717],[99.31,19.1728],[99.3063,19.1759],[99.3045,19.1829],[99.3067,19.1882],[99.3036,19.1936],[99.3067,19.1944],[99.3089,19.2051],[99.3145,19.2091],[99.311,19.2129],[99.312,19.2162],[99.31,19.2183],[99.3108,19.2241],[99.3175,19.2287],[99.3185,19.2316],[99.3297,19.227],[99.3353,19.2302],[99.3432,19.2237],[99.3607,19.2212],[99.3697,19.2239],[99.3665,19.2318],[99.3718,19.2344],[99.3899,19.2342],[99.3969,19.2303],[99.414,19.2314],[99.4252,19.2349],[99.4266,19.2377],[99.4317,19.2388],[99.4391,19.2495],[99.4449,19.2493],[99.4523,19.2576],[99.4672,19.2572],[99.4757,19.2509],[99.4723,19.2441],[99.4792,19.2441],[99.4815,19.2423],[99.473,19.236],[99.4706,19.229],[99.4711,19.2255],[99.4672,19.2252],[99.4674,19.2171],[99.4655,19.2134],[99.4588,19.213],[99.4546,19.2082],[99.463,19.2022],[99.4623,19.199],[99.4542,19.2025],[99.4428,19.1933],[99.4296,19.1889],[99.4173,19.194],[99.4149,19.1921],[99.421,19.1892],[99.4229,19.1845],[99.4215,19.1818],[99.4187,19.1822],[99.4077,19.1743],[99.4078,19.1719],[99.423,19.1749],[99.4282,19.1789],[99.4292,19.1852],[99.4381,19.1845],[99.4426,19.1858],[99.4478,19.1931],[99.452,19.1955],[99.4615,19.1957],[99.4615,19.1929],[99.4666,19.1892],[99.4712,19.1922],[99.4725,19.1907],[99.4705,19.1884],[99.4753,19.1793],[99.4704,19.1779],[99.4677,19.1733],[99.4751,19.1737],[99.4821,19.1765],[99.4803,19.1663],[99.483,19.1677],[99.4867,19.1641],[99.4868,19.1596],[99.4823,19.1567],[99.4831,19.154],[99.4809,19.1494],[99.4741,19.1551],[99.4744,19.1519],[99.4654,19.1528],[99.4621,19.1558],[99.4611,19.1528],[99.4527,19.1506],[99.454,19.1482],[99.465,19.1496],[99.4693,19.1469],[99.4695,19.1438],[99.4745,19.1446],[99.4798,19.1418],[99.4809,19.1389],[99.4865,19.1398],[99.4865,19.1372],[99.4847,19.1345],[99.4782,19.1319],[99.4745,19.1285],[99.469,19.1322],[99.4627,19.1313],[99.4608,19.1347],[99.4527,19.1327],[99.4472,19.1351],[99.4383,19.1345],[99.427,19.1386],[99.4252,19.141],[99.419,19.1389],[99.4121,19.1479],[99.4047,19.1513],[99.4014,19.1485],[99.4011,19.1446],[99.3978,19.1418],[99.3986,19.135],[99.3937,19.1255],[99.3958,19.1223],[99.4011,19.1186],[99.4117,19.1148],[99.4183,19.1207],[99.4249,19.1189],[99.4283,19.1141],[99.4431,19.1097],[99.4457,19.1045],[99.4486,19.1034],[99.4504,19.1001],[99.4501,19.0955],[99.4435,19.0893],[99.4391,19.0815],[99.4464,19.0741],[99.4488,19.069],[99.451,19.0604],[99.4482,19.055],[99.4511,19.0532],[99.4498,19.0432],[99.4431,19.0249],[99.4442,19.0181],[99.4379,19.0134],[99.4362,19.0079],[99.4274,19.0084],[99.4217,19.0028],[99.4076,19.0024],[99.4018,19.0001]],[[99.3197,19.2124],[99.3226,19.2169],[99.3248,19.2168],[99.3267,19.2215],[99.3301,19.2168],[99.3311,19.2191],[99.3347,19.217],[99.3364,19.2198],[99.347,19.2164],[99.3399,19.2155],[99.3377,19.2086],[99.3332,19.2117],[99.3197,19.2124]]]}},{"type":"Feature","properties":{"id":5944646,"name":"\u0e2d\u0e38\u0e17\u0e22\u0e32\u0e19\u0e41\u0e2b\u0e48\u0e07\u0e0a\u0e32\u0e15\u0e34\u0e25\u0e33\u0e19\u0e49\u0e33\u0e19\u0e48\u0e32\u0e19","name_en":"Lam Nam Nan National Park","boundary":"national_park","protect_class":"2"},"geometry":{"type":"Polygon","coordinates":[[[100.4143,18.0217],[100.4203,18.0144],[100.4263,18.0132],[100.4274,18.016],[100.4331,18.02],[100.4464,18.0255],[100.4477,18.0277],[100.447,18.03],[100.4517,18.0344],[100.4532,18.0392],[100.4564,18.0419],[100.4615,18.0426],[100.4642,18.0453],[100.4731,18.045],[100.4748,18.049],[100.4818,18.0556],[100.499,18.0504],[100.5033,18.0534],[100.5085,18.0478],[100.5145,18.0464],[100.5155,18.0446],[100.5268,18.0422],[100.5337,18.0386],[100.5396,18.0416],[100.558,18.0327],[100.5658,18.036],[100.5735,18.0352],[100.5786,18.0443],[100.5896,18.0399],[100.5995,18.0436],[100.6091,18.0502],[100.6235,18.0439],[100.6324,18.0444],[100.6567,18.0388],[100.6672,18.042],[100.6724,18.0481],[100.6768,18.0505],[100.6859,18.0516],[100.6895,18.0473],[100.6889,18.0454],[100.6909,18.0449],[100.693,18.0412],[100.6956,18.0406],[100.6985,18.0336],[100.693,18.0296],[100.689,18.0298],[100.6872,18.0279],[100.6883,18.0268],[100.6878,18.0211],[100.6892,18.0246],[100.6912,18.0243],[100.6909,18.0195],[100.6928,18.0182],[100.6897,18.016],[100.6925,18.0124],[100.6919,18.0083],[100.6942,18.0063],[100.6929,18.0007],[100.6803,17.9959],[100.6582,17.9775],[100.6386,17.9805],[100.6192,17.9591],[100.6061,17.955],[100.6104,17.9451],[100.6083,17.9338],[100.6008,17.9218],[100.6103,17.9005],[100.609,17.8951],[100.6021,17.8908],[100.5885,17.875],[100.5912,17.866],[100.587,17.8586],[100.595,17.8357],[100.6444,17.8375],[100.6565,17.8315],[100.6569,17.8237],[100.6473,17.8255],[100.6347,17.8094],[100.6279,17.7951],[100.6206,17.7905],[100.6168,17.7799],[100.6221,17.7592],[100.6047,17.7527],[100.6066,17.7458],[100.5984,17.7449],[100.6061,17.738],[100.6018,17.7334],[100.5892,17.726],[100.5839,17.7297],[100.5722,17.7182],[100.5655,17.7246],[100.5684,17.7311],[100.5674,17.7403],[100.5785,17.7527],[100.5761,17.7606],[100.5843,17.7693],[100.5824,17.7758],[100.5471,17.7813],[100.535,17.7772],[100.5359,17.7726],[100.5534,17.7633],[100.5543,17.7569],[100.55,17.749],[100.549,17.7435],[100.5166,17.7408],[100.5117,17.7329],[100.4826,17.7435],[100.4792,17.7503],[100.4709,17.7488],[100.4679,17.7513],[100.4822,17.7617],[100.4817,17.769],[100.4795,17.7702],[100.4742,17.7661],[100.465,17.7624],[100.4477,17.7648],[100.4428,17.7697],[100.436,17.7954],[100.4284,17.8016],[100.4315,17.8059],[100.4298,17.8104],[100.4209,17.8088],[100.4065,17.828],[100.3795,17.8521],[100.3819,17.8564],[100.3785,17.8622],[100.3857,17.8606],[100.3942,17.8876],[100.3833,17.8886],[100.3737,17.8941],[100.3798,17.902],[100.3768,17.9081],[100.372,17.9081],[100.3679,17.9007],[100.3579,17.8915],[100.3514,17.8941],[100.3525,17.8818],[100.3323,17.8873],[100.3312,17.8922],[100.3152,17.8779],[100.3089,17.888],[100.3097,17.8929],[100.3075,17.8972],[100.2997,17.8933],[100.2925,17.895],[100.2825,17.9041],[100.2712,17.906],[100.2676,17.9098],[100.2672,17.9202],[100.2728,17.9422],[100.2732,17.9541],[100.2701,17.9573],[100.2701,17.9646],[100.2605,17.9789],[100.2536,17.9818],[100.2505,17.9801],[100.2409,17.982],[100.2374,17.9809],[100.2287,17.9836],[100.2299,17.9887],[100.2248,17.9967],[100.2261,17.9987],[100.2203,18.0054],[100.2246,18.0072],[100.2256,18.0106],[100.2177,18.0168],[100.22,18.0218],[100.2298,18.0225],[100.2392,18.0276],[100.2347,18.0362],[100.238,18.0429],[100.2489,18.048],[100.2538,18.0581],[100.2499,18.0659],[100.2533,18.0746],[100.2683,18.0898],[100.292,18.082],[100.2998,18.0774],[100.3307,18.0815],[100.3346,18.088],[100.3424,18.1142],[100.3588,18.1418],[100.3685,18.1482],[100.3979,18.1349],[100.3923,18.1185],[100.4001,18.1005],[100.3965,18.096],[100.398,18.0906],[100.3958,18.0862],[100.3972,18.083],[100.4012,18.0833],[100.4098,18.0753],[100.4034,18.065],[100.4092,18.0571],[100.4084,18.0476],[100.4157,18.0372],[100.4177,18.0303],[100.4143,18.0217]],[[100.3825,17.9139],[100.3765,17.9172],[100.377,17.9198],[100.3849,17.9237],[100.3835,17.9256],[100.3854,17.9297],[100.3945,17.9282],[100.3988,17.9365],[100.4095,17.9354],[100.4128,17.9318],[100.4113,17.9292],[100.4058,17.9304],[100.4083,17.9271],[100.398,17.9203],[100.3929,17.9214],[100.3914,17.918],[100.3825,17.9139]]]}},{"type":"Feature","properties":{"id":5944648,"name":"\u0e2d\u0e38\u0e17\u0e22\u0e32\u0e19\u0e41\u0e2b\u0e48\u0e07\u0e0a\u0e32\u0e15\u0e34\u0e41\u0e21\u0e48\u0e1b\u0e37\u0e21","name_en":"Mae Puem National Park","boundary":"national_park","protect_class":"2"},"geometry":{"type":"Polygon","coordinates":[[[99.8539,19.7527],[99.8518,19.7418],[99.8497,19.7419],[99.8523,19.7247],[99.8483,19.7158],[99.8495,19.7132],[99.8439,19.7065],[99.8417,19.6985],[99.8387,19.6941],[99.8319,19.6891],[99.8294,19.6854],[99.8284,19.681],[99.8199,19.6674],[99.8129,19.6651],[99.8162,19.6601],[99.8174,19.6427],[99.812,19.6308],[99.808,19.6102],[99.8086,19.5999],[99.8033,19.5858],[99.7981,19.5875],[99.8003,19.6147],[99.8022,19.6191],[99.7977,19.6196],[99.8056,19.6264],[99.8007,19.6272],[99.7976,19.6323],[99.8044,19.6414],[99.8028,19.6475],[99.8048,19.6485],[99.8044,19.651],[99.8016,19.6512],[99.7997,19.6589],[99.7972,19.6594],[99.7964,19.6665],[99.8009,19.6871],[99.7964,19.6909],[99.7973,19.6979],[99.7954,19.6985],[99.7921,19.6935],[99.778,19.6839],[99.7735,19.6761],[99.7683,19.6769],[99.7683,19.6747],[99.7711,19.6736],[99.7729,19.6673],[99.7691,19.6604],[99.7671,19.6625],[99.7656,19.6611],[99.7667,19.6564],[99.7631,19.6556],[99.7553,19.6409],[99.7518,19.6378],[99.7526,19.6323],[99.7499,19.6179],[99.7465,19.6193],[99.7439,19.6259],[99.7453,19.629],[99.7433,19.6411],[99.7467,19.6632],[99.7569,19.6904],[99.7702,19.7137],[99.7693,19.7158],[99.7716,19.721],[99.774,19.721],[99.7755,19.7306],[99.7877,19.7333],[99.7923,19.7411],[99.8055,19.7523],[99.8099,19.7581],[99.8191,19.7626],[99.8188,19.7646],[99.8235,19.7731],[99.8305,19.7743],[99.8296,19.785],[99.8327,19.7899],[99.8418,19.7956],[99.8432,19.8041],[99.8564,19.8149],[99.858,19.8193],[99.8663,19.8264],[99.8718,19.8291],[99.8728,19.8313],[99.8761,19.8275],[99.8769,19.8231],[99.8761,19.8094],[99.8719,19.8045],[99.8759,19.8024],[99.8764,19.799],[99.8693,19.7946],[99.8688,19.7867],[99.8599,19.7747],[99.8613,19.7682],[99.8538,19.7565],[99.8539,19.7527]]]}},{"type":"Feature","properties":{"id":5944649,"name":"\u0e2d\u0e38\u0e17\u0e22\u0e32\u0e19\u0e41\u0e2b\u0e48\u0e07\u0e0a\u0e32\u0e15\u0e34\u0e28\u0e23\u0e35\u0e2a\u0e31\u0e0a\u0e19\u0e32\u0e25\u0e31\u0e22","name_en":"Si Satchanalai National Park","boundary":"national_park","protect_class":"2"},"geometry":{"type":"Polygon","coordinates":[[[99.4711,17.7379],[99.4743,17.7335],[99.4781,17.7321],[99.4829,17.7317],[99.4854,17.7336],[99.4958,17.7344],[99.515,17.7243],[99.5191,17.7256],[99.5234,17.724],[99.5238,17.7253],[99.5277,17.7219],[99.536,17.7213],[99.5469,17.7158],[99.546,17.7131],[99.5478,17.7123],[99.5553,17.7148],[99.5582,17.712],[99.5622,17.714],[99.5638,17.7121],[99.5683,17.714],[99.5731,17.7132],[99.5758,17.7055],[99.5693,17.7001],[99.5693,17.6979],[99.5713,17.6975],[99.5687,17.6952],[99.5692,17.6937],[99.5558,17.689],[99.5549,17.683],[99.5565,17.6819],[99.5554,17.6819],[99.5551,17.679],[99.5486,17.6773],[99.5501,17.677],[99.5507,17.6742],[99.5481,17.6742],[99.5498,17.6715],[99.5469,17.6713],[99.5469,17.6657],[99.5451,17.666],[99.5469,17.6617],[99.5452,17.6621],[99.5452,17.6594],[99.5441,17.6603],[99.537,17.6584],[99.537,17.6522],[99.5407,17.6461],[99.5395,17.643],[99.543,17.6364],[99.539,17.6387],[99.5377,17.6378],[99.535,17.6398],[99.5349,17.6419],[99.5295,17.6409],[99.5273,17.6432],[99.5274,17.6416],[99.5256,17.6419],[99.5257,17.6434],[99.5232,17.6423],[99.5227,17.6444],[99.5197,17.643],[99.5181,17.6447],[99.5213,17.6478],[99.518,17.6476],[99.5172,17.6488],[99.5171,17.6462],[99.5143,17.6456],[99.5132,17.6472],[99.5081,17.6437],[99.4936,17.6477],[99.4814,17.6419],[99.4797,17.6377],[99.4883,17.635],[99.4969,17.6375],[99.5076,17.6329],[99.5121,17.6336],[99.5147,17.6399],[99.5169,17.6404],[99.5227,17.6339],[99.537,17.6312],[99.538,17.6328],[99.5468,17.6351],[99.5481,17.6373],[99.5539,17.6369],[99.5526,17.6305],[99.5569,17.6276],[99.553,17.6187],[99.5574,17.6141],[99.563,17.613],[99.5657,17.6075],[99.5684,17.6078],[99.5702,17.6023],[99.5693,17.5998],[99.5661,17.5981],[99.5582,17.5998],[99.5514,17.5954],[99.5491,17.6022],[99.5283,17.6041],[99.5226,17.6],[99.5111,17.587],[99.4992,17.5886],[99.5,17.5837],[99.5105,17.5807],[99.5115,17.5766],[99.5029,17.5666],[99.5051,17.5579],[99.4948,17.5533],[99.4935,17.5488],[99.4801,17.5341],[99.4812,17.5315],[99.4983,17.5315],[99.499,17.5281],[99.496,17.522],[99.498,17.5126],[99.4957,17.5084],[99.4925,17.5103],[99.4877,17.5096],[99.4864,17.5137],[99.4833,17.5149],[99.4746,17.5093],[99.4698,17.5112],[99.4685,17.5106],[99.4688,17.5072],[99.4639,17.5055],[99.4614,17.5007],[99.4539,17.5009],[99.4514,17.4984],[99.4483,17.5002],[99.4421,17.498],[99.4411,17.4959],[99.4283,17.4876],[99.4194,17.4878],[99.4182,17.4917],[99.4148,17.4909],[99.4133,17.4883],[99.406,17.4838],[99.4006,17.4833],[99.3964,17.4787],[99.3945,17.4791],[99.3932,17.4839],[99.3947,17.4884],[99.3941,17.4937],[99.3913,17.4955],[99.3898,17.5005],[99.3872,17.5027],[99.3863,17.5075],[99.3834,17.5089],[99.3867,17.5129],[99.3916,17.5138],[99.4,17.5246],[99.404,17.5262],[99.4049,17.5296],[99.3979,17.5343],[99.392,17.5332],[99.3914,17.5348],[99.3876,17.5357],[99.3906,17.5443],[99.389,17.5529],[99.394,17.566],[99.3824,17.5705],[99.3807,17.5768],[99.3828,17.5799],[99.3812,17.581],[99.3773,17.5919],[99.3735,17.5945],[99.3801,17.5983],[99.3847,17.5988],[99.3903,17.6052],[99.3907,17.6102],[99.3943,17.6144],[99.3979,17.6385],[99.3929,17.6551],[99.3966,17.6664],[99.4014,17.6664],[99.404,17.6637],[99.4022,17.6528],[99.4043,17.6476],[99.408,17.6483],[99.4208,17.6454],[99.4274,17.6487],[99.428,17.6683],[99.4216,17.6744],[99.4096,17.6797],[99.4069,17.6841],[99.4108,17.6908],[99.4122,17.702],[99.4234,17.7105],[99.4422,17.7075],[99.449,17.709],[99.4559,17.7155],[99.4582,17.7224],[99.4555,17.7246],[99.4562,17.7279],[99.4594,17.7294],[99.4596,17.7323],[99.4625,17.7334],[99.4642,17.7369],[99.4711,17.7379]]]}},{"type":"Feature","properties":{"id":5944651,"name":"\u0e2d\u0e38\u0e17\u0e22\u0e32\u0e19\u0e41\u0e2b\u0e48\u0e07\u0e0a\u0e32\u0e15\u0e34\u0e17\u0e38\u0e48\u0e07\u0e41\u0e2a\u0e25\u0e07\u0e2b\u0e25\u0e27\u0e07","name_en":"Thung Salaeng Luang National Park","boundary":"national_park","protect_class":"2"},"geometry":{"type":"Polygon","coordinates":[[[100.914,16.6257],[100.911,16.6288],[100.9117,16.636],[100.9132,16.6369],[100.9152,16.6356],[100.9191,16.6413],[100.9211,16.6398],[100.9249,16.6418],[100.9295,16.6412],[100.9325,16.6427],[100.9316,16.6464],[100.9344,16.654],[100.9397,16.6592],[100.9398,16.6725],[100.956,16.6937],[100.9819,16.7118],[100.9869,16.7114],[100.9871,16.7158],[100.9904,16.7189],[100.9963,16.7425],[100.9993,16.7801],[100.9944,16.7816],[100.9915,16.7886],[100.9861,16.7907],[100.9777,16.8035],[100.9709,16.8036],[100.9627,16.8061],[100.952,16.8155],[100.9484,16.8144],[100.9444,16.8177],[100.9411,16.8161],[100.9391,16.8181],[100.9384,16.8247],[100.935,16.8267],[100.9242,16.8244],[100.9164,16.8283],[100.9052,16.8242],[100.9021,16.8277],[100.8972,16.8275],[100.8863,16.8402],[100.8809,16.8408],[100.8788,16.8492],[100.8742,16.853],[100.8713,16.8589],[100.8634,16.8594],[100.8599,16.8668],[100.847,16.8727],[100.8431,16.8725],[100.8411,16.8793],[100.8308,16.8816],[100.8226,16.878],[100.8139,16.8807],[100.8108,16.886],[100.804,16.8884],[100.7988,16.8877],[100.8006,16.8838],[100.7984,16.8763],[100.7893,16.877],[100.7811,16.8722],[100.7812,16.8702],[100.7775,16.8665],[100.7686,16.8628],[100.7635,16.8632],[100.7616,16.8619],[100.7551,16.8501],[100.7639,16.8424],[100.7576,16.8361],[100.7501,16.8324],[100.7405,16.8415],[100.738,16.8507],[100.7283,16.8553],[100.7197,16.8546],[100.7135,16.8508],[100.7108,16.844],[100.7067,16.842],[100.704,16.837],[100.7002,16.8368],[100.6994,16.8398],[100.6962,16.8404],[100.6961,16.8474],[100.698,16.8522],[100.6965,16.855],[100.6912,16.8541],[100.6929,16.8502],[100.6914,16.8482],[100.6866,16.8466],[100.6825,16.8472],[100.6786,16.8436],[100.6739,16.8465],[100.6665,16.8456],[100.6589,16.8468],[100.6555,16.8513],[100.6574,16.8556],[100.6623,16.858],[100.6644,16.8616],[100.6609,16.8682],[100.6643,16.8724],[100.6565,16.8763],[100.6559,16.8791],[100.6587,16.8838],[100.6541,16.8875],[100.6493,16.8842],[100.6427,16.8853],[100.6407,16.8836],[100.642,16.8769],[100.6505,16.8711],[100.6387,16.8566],[100.6311,16.8608],[100.6242,16.8584],[100.6173,16.8527],[100.6097,16.8535],[100.6049,16.8478],[100.6061,16.844],[100.6043,16.8421],[100.6073,16.8396],[100.6067,16.8379],[100.6105,16.8374],[100.6089,16.8351],[100.6123,16.8311],[100.6102,16.8293],[100.6133,16.8279],[100.6105,16.8237],[100.6121,16.8185],[100.6225,16.8095],[100.6209,16.8067],[100.623,16.8026],[100.6285,16.8016],[100.6297,16.7979],[100.6326,16.7958],[100.6314,16.7922],[100.6283,16.7907],[100.6277,16.7829],[100.6209,16.7748],[100.6204,16.7675],[100.618,16.7655],[100.6107,16.7481],[100.6535,16.7357],[100.6879,16.7351],[100.6887,16.6912],[100.6717,16.6667],[100.6687,16.6498],[100.6553,16.6377],[100.6544,16.6145],[100.6725,16.6005],[100.6784,16.5895],[100.6864,16.5908],[100.6849,16.5829],[100.6952,16.5628],[100.7093,16.5534],[100.719,16.5541],[100.7213,16.5565],[100.7365,16.556],[100.7377,16.5458],[100.7525,16.5231],[100.7492,16.5101],[100.762,16.4977],[100.7747,16.4824],[100.7793,16.4687],[100.793,16.4595],[100.7992,16.4519],[100.8054,16.4353],[100.8225,16.4339],[100.8252,16.4359],[100.837,16.4306],[100.8429,16.4353],[100.8378,16.4434],[100.8376,16.4503],[100.8434,16.4579],[100.8442,16.4704],[100.8461,16.4709],[100.8502,16.4778],[100.854,16.4801],[100.8582,16.4891],[100.8645,16.4948],[100.8647,16.4973],[100.8661,16.4978],[100.8706,16.4938],[100.8807,16.4981],[100.8784,16.5079],[100.8802,16.5109],[100.8797,16.5138],[100.8848,16.5152],[100.8889,16.5207],[100.8896,16.5261],[100.8866,16.5295],[100.8811,16.5302],[100.8806,16.5339],[100.8816,16.5365],[100.8852,16.5384],[100.8903,16.5375],[100.8924,16.5425],[100.8999,16.5491],[100.8967,16.5504],[100.8956,16.5588],[100.8858,16.5555],[100.8832,16.5578],[100.8827,16.5616],[100.8844,16.5625],[100.8904,16.559],[100.8906,16.5608],[100.8878,16.562],[100.8873,16.5643],[100.8901,16.5662],[100.8897,16.5696],[100.894,16.5701],[100.8942,16.5687],[100.8999,16.5701],[100.8973,16.5773],[100.8999,16.5811],[100.8978,16.5829],[100.8991,16.5844],[100.9015,16.5827],[100.902,16.5847],[100.8967,16.5873],[100.8964,16.5892],[100.8994,16.5911],[100.8942,16.5947],[100.8941,16.598],[100.8982,16.6013],[100.9014,16.5987],[100.9025,16.6032],[100.9083,16.603],[100.9037,16.605],[100.9025,16.6083],[100.8994,16.6054],[100.8963,16.6077],[100.8965,16.6151],[100.8927,16.6233],[100.8957,16.6225],[100.8981,16.6254],[100.8987,16.6218],[100.9062,16.627],[100.914,16.6257]],[[100.7586,16.8094],[100.7493,16.8177],[100.7535,16.8284],[100.7605,16.8291],[100.7655,16.8271],[100.7713,16.819],[100.7699,16.8137],[100.7666,16.8102],[100.7611,16.8143],[100.7586,16.8094]]]}},{"type":"Feature","properties":{"id":5956722,"name":"Historic Town of Sukhothai and Associated Historic Towns","name_en":"","boundary":"protected_area","protect_class":"22"},"geometry":{"type":"Polygon","coordinates":[[[99.6263,17.0275],[99.671,17.0511],[99.7103,17.0511],[99.7114,17.0335],[99.7265,17.0327],[99.7247,17.0066],[99.7145,17.0054],[99.7201,16.9914],[99.7173,16.9879],[99.7125,16.9861],[99.7069,16.9856],[99.6917,16.989],[99.6874,16.9871],[99.6766,16.9883],[99.6724,16.9855],[99.6649,16.9855],[99.6437,16.9954],[99.6393,16.9943],[99.628,16.9829],[99.6213,16.9793],[99.6046,16.9786],[99.6023,16.9839],[99.6031,16.9854],[99.6081,16.9868],[99.612,16.9997],[99.6114,17.0171],[99.6128,17.0241],[99.6187,17.0267],[99.6263,17.0275]]]}},{"type":"Feature","properties":{"id":5963190,"name":"\u0e2d\u0e38\u0e17\u0e22\u0e32\u0e19\u0e41\u0e2b\u0e48\u0e07\u0e0a\u0e32\u0e15\u0e34\u0e02\u0e38\u0e19\u0e02\u0e32\u0e19","name_en":"Khun Khan National Park","boundary":"national_park","protect_class":"2"},"geometry":{"type":"Polygon","coordinates":[[[98.6315,18.9571],[98.6304,18.9538],[98.6254,18.9524],[98.6265,18.9503],[98.6255,18.9485],[98.6082,18.9482],[98.6032,18.9428],[98.6025,18.9336],[98.5995,18.9297],[98.5953,18.9312],[98.5948,18.9379],[98.5978,18.9422],[98.6032,18.9449],[98.6086,18.9504],[98.6102,18.9536],[98.6094,18.9662],[98.6153,18.982],[98.6202,18.9897],[98.6202,18.9848],[98.6234,18.9805],[98.6282,18.9801],[98.6307,18.9833],[98.6307,18.9863],[98.6363,18.9842],[98.6393,18.9868],[98.6407,18.9816],[98.6376,18.9775],[98.6401,18.9731],[98.6518,18.9674],[98.6547,18.9644],[98.6527,18.9648],[98.6489,18.9606],[98.6439,18.9599],[98.6377,18.9641],[98.6315,18.9571]]]}},{"type":"Feature","properties":{"id":5963313,"name":"\u0e2d\u0e38\u0e17\u0e22\u0e32\u0e19\u0e41\u0e2b\u0e48\u0e07\u0e0a\u0e32\u0e15\u0e34\u0e41\u0e21\u0e48\u0e27\u0e32\u0e07","name_en":"Mae Wang National Park","boundary":"national_park","protect_class":"2"},"geometry":{"type":"Polygon","coordinates":[[[98.6929,18.507],[98.6919,18.5084],[98.6868,18.5076],[98.6843,18.5088],[98.6859,18.5138],[98.6852,18.5169],[98.6874,18.5204],[98.6853,18.5229],[98.6873,18.5343],[98.684,18.5416],[98.6856,18.5583],[98.6845,18.5639],[98.6766,18.5688],[98.6723,18.5772],[98.6616,18.5789],[98.6558,18.575],[98.6535,18.5829],[98.6444,18.5865],[98.6329,18.5949],[98.6256,18.5899],[98.6254,18.5926],[98.6217,18.5977],[98.6186,18.5978],[98.6236,18.6008],[98.6234,18.6054],[98.6322,18.6131],[98.6349,18.6118],[98.6398,18.6125],[98.6476,18.6097],[98.6526,18.6102],[98.6609,18.6152],[98.6648,18.6131],[98.6665,18.6138],[98.6696,18.6173],[98.6741,18.6179],[98.6761,18.6208],[98.6938,18.62],[98.7094,18.6001],[98.7136,18.5989],[98.7132,18.6084],[98.7173,18.6105],[98.7186,18.6089],[98.7261,18.6082],[98.7281,18.6114],[98.729,18.6103],[98.7345,18.6137],[98.742,18.6135],[98.7424,18.6163],[98.7507,18.6067],[98.7464,18.6024],[98.7463,18.5988],[98.7418,18.5977],[98.7412,18.5964],[98.7459,18.5946],[98.7424,18.5938],[98.7481,18.59],[98.7491,18.5873],[98.7504,18.59],[98.7536,18.5905],[98.7529,18.5931],[98.7554,18.5914],[98.7566,18.5938],[98.7595,18.5918],[98.7582,18.5868],[98.7533,18.5823],[98.7481,18.5834],[98.7483,18.5854],[98.7462,18.5832],[98.7414,18.5844],[98.7424,18.5832],[98.7384,18.5823],[98.7315,18.5855],[98.7369,18.5817],[98.7311,18.5797],[98.7291,18.5762],[98.7338,18.5741],[98.7373,18.5768],[98.7397,18.5759],[98.7419,18.5719],[98.7464,18.575],[98.7504,18.5727],[98.7514,18.569],[98.7541,18.5698],[98.7539,18.5673],[98.756,18.5667],[98.7556,18.5634],[98.7539,18.5638],[98.7555,18.5617],[98.754,18.5614],[98.7556,18.5602],[98.7531,18.5558],[98.7495,18.5558],[98.7495,18.5533],[98.7469,18.5522],[98.7497,18.5515],[98.7556,18.5551],[98.7586,18.5538],[98.7619,18.5572],[98.7662,18.558],[98.7672,18.5553],[98.7635,18.5531],[98.7641,18.5516],[98.768,18.5508],[98.7712,18.5477],[98.7698,18.5465],[98.7646,18.548],[98.7593,18.5447],[98.761,18.5405],[98.7637,18.5391],[98.7589,18.5365],[98.7573,18.5321],[98.7405,18.5348],[98.7522,18.5255],[98.7535,18.5254],[98.7549,18.5282],[98.7613,18.5248],[98.7571,18.5213],[98.7592,18.5164],[98.7586,18.513],[98.7611,18.5098],[98.7594,18.5071],[98.7628,18.5051],[98.75,18.4851],[98.7444,18.4868],[98.7393,18.4828],[98.7417,18.4801],[98.7423,18.4758],[98.7261,18.4838],[98.7272,18.4776],[98.7296,18.4755],[98.7273,18.4762],[98.7184,18.473],[98.714,18.4731],[98.7118,18.4775],[98.7169,18.4833],[98.7161,18.487],[98.7137,18.4886],[98.7086,18.4857],[98.7004,18.4768],[98.696,18.4777],[98.6958,18.4803],[98.6933,18.4802],[98.6922,18.4775],[98.6936,18.4748],[98.69,18.4711],[98.6892,18.472],[98.6868,18.4683],[98.6876,18.4662],[98.6802,18.4624],[98.6772,18.4627],[98.6778,18.469],[98.6866,18.4697],[98.6928,18.4755],[98.6898,18.4785],[98.6875,18.478],[98.6851,18.4815],[98.692,18.489],[98.6941,18.4876],[98.6947,18.4898],[98.6962,18.4893],[98.6947,18.4904],[98.6954,18.4923],[98.7055,18.4942],[98.7122,18.4994],[98.7192,18.499],[98.7202,18.5022],[98.7196,18.5049],[98.7155,18.5077],[98.7127,18.507],[98.713,18.5091],[98.7092,18.5119],[98.7069,18.5078],[98.7023,18.5047],[98.6988,18.5066],[98.6966,18.5054],[98.6929,18.507]],[[98.6567,18.6098],[98.6606,18.6131],[98.6645,18.612],[98.6634,18.609],[98.6567,18.6098]]]}},{"type":"Feature","properties":{"id":5963397,"name":"\u0e2d\u0e38\u0e17\u0e22\u0e32\u0e19\u0e41\u0e2b\u0e48\u0e07\u0e0a\u0e32\u0e15\u0e34\u0e02\u0e38\u0e19\u0e1e\u0e30\u0e27\u0e2d","name_en":"Khun Phawo National Park","boundary":"national_park","protect_class":"2"},"geometry":{"type":"Polygon","coordinates":[[[98.792,16.9114],[98.791,16.9147],[98.782,16.9194],[98.7776,16.9177],[98.776,16.9215],[98.7766,16.9246],[98.7734,16.9247],[98.7702,16.9275],[98.7702,16.9289],[98.7762,16.9279],[98.7798,16.9255],[98.7818,16.9266],[98.7718,16.9409],[98.7701,16.9405],[98.7657,16.9435],[98.761,16.9376],[98.759,16.9376],[98.7607,16.9389],[98.7605,16.9449],[98.7587,16.9405],[98.7561,16.9398],[98.7565,16.9365],[98.7534,16.9395],[98.7539,16.9417],[98.7511,16.9405],[98.7494,16.9427],[98.7482,16.9472],[98.741,16.9493],[98.7377,16.9474],[98.7381,16.946],[98.7348,16.9424],[98.7315,16.9432],[98.7309,16.9419],[98.7278,16.9437],[98.7213,16.9413],[98.7135,16.9514],[98.708,16.9518],[98.6985,16.9604],[98.6942,16.9608],[98.6901,16.9644],[98.6901,16.9667],[98.6937,16.9708],[98.7057,16.9637],[98.7193,16.9471],[98.737,16.9458],[98.7368,16.9484],[98.7397,16.9496],[98.7361,16.9513],[98.7381,16.953],[98.7473,16.9491],[98.7367,16.9583],[98.7308,16.9594],[98.7263,16.9718],[98.7195,16.9664],[98.7187,16.9728],[98.7165,16.9763],[98.7174,16.978],[98.7216,16.973],[98.7228,16.9743],[98.7247,16.9774],[98.7231,16.9802],[98.7247,16.9819],[98.7248,16.9856],[98.7216,16.9889],[98.7218,16.9918],[98.7195,16.9923],[98.7182,16.9895],[98.7221,16.9859],[98.7165,16.9867],[98.7152,16.9907],[98.716,16.9926],[98.7198,16.9932],[98.7265,16.9999],[98.7266,17.0029],[98.7292,17.0054],[98.7321,17.0071],[98.7379,17.0071],[98.7446,17.0117],[98.7434,17.0151],[98.748,17.0168],[98.748,17.0216],[98.7495,17.0232],[98.7584,17.0271],[98.7611,17.0253],[98.764,17.0258],[98.7659,17.0292],[98.7638,17.0356],[98.7671,17.0342],[98.7689,17.035],[98.7692,17.0363],[98.7634,17.0395],[98.7601,17.0441],[98.7539,17.0481],[98.7485,17.0606],[98.7439,17.0632],[98.7417,17.0673],[98.7387,17.0674],[98.7342,17.0717],[98.7301,17.0702],[98.7301,17.0664],[98.7289,17.0689],[98.7147,17.0714],[98.7147,17.0734],[98.7068,17.0741],[98.7051,17.0712],[98.7043,17.0734],[98.7016,17.0737],[98.6977,17.067],[98.6936,17.0659],[98.6954,17.0628],[98.6931,17.0637],[98.691,17.0618],[98.6879,17.0634],[98.6835,17.0582],[98.6803,17.0573],[98.6765,17.0595],[98.6761,17.0562],[98.6726,17.0544],[98.6716,17.0521],[98.672,17.0543],[98.6757,17.0563],[98.6761,17.0598],[98.6705,17.0662],[98.6586,17.0671],[98.6548,17.0696],[98.6474,17.0688],[98.6411,17.0646],[98.6469,17.0596],[98.6441,17.0543],[98.6427,17.0437],[98.6404,17.0418],[98.6357,17.0482],[98.6331,17.0448],[98.6337,17.0432],[98.628,17.0376],[98.6222,17.0418],[98.6216,17.0446],[98.6128,17.0463],[98.6043,17.0446],[98.599,17.0475],[98.5948,17.0538],[98.5903,17.0497],[98.59,17.045],[98.587,17.0457],[98.5872,17.0435],[98.5855,17.045],[98.5851,17.0379],[98.5833,17.0374],[98.5881,17.0326],[98.5899,17.0328],[98.5908,17.0294],[98.6066,17.0206],[98.6029,17.0157],[98.607,17.0133],[98.6071,17.01],[98.6149,16.9989],[98.6145,16.9924],[98.6212,16.9828],[98.6306,16.9795],[98.6339,16.9642],[98.6446,16.9663],[98.6481,16.9701],[98.6478,16.9729],[98.6517,16.9742],[98.6405,16.9989],[98.6453,17.0011],[98.6493,16.999],[98.6492,16.9958],[98.6515,16.9928],[98.6497,16.9853],[98.6539,16.9778],[98.6564,16.982],[98.6551,16.9847],[98.6558,16.9894],[98.6586,16.9938],[98.6605,16.9921],[98.6622,16.995],[98.6637,16.9923],[98.6629,16.9896],[98.66,16.9894],[98.6599,16.9838],[98.6573,16.9827],[98.6563,16.9769],[98.6534,16.9764],[98.6584,16.9707],[98.6631,16.9774],[98.6609,16.9796],[98.6621,16.9815],[98.6702,16.9862],[98.6736,16.986],[98.6633,16.9806],[98.6647,16.9769],[98.6599,16.97],[98.661,16.9666],[98.665,16.9627],[98.6531,16.9716],[98.6505,16.9715],[98.6502,16.9683],[98.6466,16.9656],[98.6364,16.9621],[98.6343,16.9515],[98.6357,16.9484],[98.6342,16.9476],[98.6342,16.9453],[98.6362,16.9427],[98.6369,16.9356],[98.6419,16.9234],[98.639,16.9176],[98.6402,16.9174],[98.6431,16.8977],[98.65,16.8899],[98.6506,16.8763],[98.6432,16.8538],[98.6391,16.8498],[98.6293,16.8454],[98.6256,16.8383],[98.6221,16.8229],[98.628,16.8183],[98.6269,16.8148],[98.6317,16.8172],[98.6456,16.8109],[98.6554,16.8107],[98.6624,16.8051],[98.6555,16.7929],[98.6362,16.7816],[98.6342,16.7776],[98.6417,16.7724],[98.641,16.7702],[98.6451,16.7698],[98.6551,16.7748],[98.6573,16.7734],[98.6693,16.7767],[98.681,16.7656],[98.6861,16.7688],[98.6857,16.7723],[98.6884,16.7723],[98.6927,16.7689],[98.7,16.7726],[98.713,16.7688],[98.7121,16.7604],[98.7149,16.7575],[98.7187,16.7564],[98.7227,16.7575],[98.7247,16.7558],[98.732,16.7573],[98.736,16.755],[98.7398,16.7573],[98.7408,16.7616],[98.7466,16.7653],[98.7454,16.7672],[98.7424,16.7661],[98.7424,16.7697],[98.7395,16.7699],[98.7382,16.7759],[98.7361,16.7755],[98.7365,16.777],[98.7335,16.7799],[98.7355,16.7839],[98.7324,16.7878],[98.735,16.7868],[98.7353,16.7879],[98.7326,16.7904],[98.7296,16.7883],[98.7276,16.79],[98.7305,16.7919],[98.7277,16.7913],[98.7297,16.7937],[98.7315,16.7914],[98.7343,16.7908],[98.7312,16.7937],[98.7343,16.7946],[98.7365,16.7908],[98.7397,16.7922],[98.7402,16.7941],[98.7359,16.7979],[98.7328,16.7966],[98.7328,16.7985],[98.7306,16.7999],[98.7339,16.7989],[98.7352,16.8001],[98.7338,16.8028],[98.7306,16.8032],[98.7324,16.8036],[98.7291,16.8064],[98.7304,16.8085],[98.7254,16.8075],[98.7274,16.8107],[98.7256,16.8124],[98.7241,16.8102],[98.7212,16.8104],[98.7227,16.8117],[98.7194,16.8128],[98.7197,16.8159],[98.7248,16.8151],[98.7201,16.8169],[98.7214,16.8191],[98.7085,16.8234],[98.7086,16.8205],[98.7117,16.8182],[98.7112,16.8166],[98.7138,16.8129],[98.7117,16.8134],[98.7114,16.8104],[98.7134,16.8108],[98.7131,16.8081],[98.7174,16.805],[98.7121,16.8048],[98.7125,16.8087],[98.7114,16.8081],[98.7102,16.8102],[98.7084,16.8062],[98.7058,16.8065],[98.7056,16.8044],[98.7043,16.8044],[98.7056,16.8085],[98.709,16.8098],[98.7109,16.8148],[98.709,16.8179],[98.7061,16.8185],[98.7072,16.8224],[98.7034,16.8216],[98.707,16.8255],[98.7052,16.8284],[98.7059,16.8327],[98.7018,16.837],[98.7044,16.8408],[98.704,16.8471],[98.7065,16.8454],[98.7025,16.8368],[98.7062,16.8367],[98.7053,16.8353],[98.707,16.8337],[98.7073,16.829],[98.7091,16.8303],[98.7102,16.829],[98.7106,16.8307],[98.7158,16.8327],[98.7156,16.8297],[98.7198,16.8288],[98.7219,16.8241],[98.7264,16.821],[98.7272,16.8178],[98.7305,16.8186],[98.7286,16.8213],[98.7336,16.8191],[98.7338,16.8225],[98.7274,16.8243],[98.7289,16.8262],[98.7271,16.8279],[98.7319,16.8328],[98.7274,16.8383],[98.7352,16.8375],[98.7358,16.8403],[98.7383,16.8423],[98.7381,16.8382],[98.7396,16.8368],[98.739,16.8393],[98.7422,16.8406],[98.7407,16.8426],[98.7417,16.8448],[98.7453,16.8395],[98.7456,16.8408],[98.7485,16.8398],[98.7496,16.8412],[98.747,16.841],[98.7449,16.8439],[98.7524,16.8411],[98.7541,16.8371],[98.7612,16.8354],[98.7613,16.8393],[98.7576,16.843],[98.7597,16.8444],[98.7572,16.8463],[98.7583,16.8476],[98.7573,16.8508],[98.756,16.8498],[98.7565,16.8534],[98.749,16.8584],[98.7752,16.904],[98.792,16.9114]],[[98.6713,17.036],[98.6776,17.0258],[98.6805,17.0275],[98.6779,17.0231],[98.6808,17.02],[98.6808,17.0171],[98.6765,17.0216],[98.6767,17.0246],[98.6676,17.0326],[98.6713,17.036]]]}},{"type":"Feature","properties":{"id":5963447,"name":"\u0e2d\u0e38\u0e17\u0e22\u0e32\u0e19\u0e41\u0e2b\u0e48\u0e07\u0e0a\u0e32\u0e15\u0e34\u0e2d\u0e2d\u0e1a\u0e2b\u0e25\u0e27\u0e07","name_en":"Op Luang National Park","boundary":"national_park","protect_class":"2"},"geometry":{"type":"Polygon","coordinates":[[[98.6322,18.4036],[98.6352,18.4005],[98.6347,18.3982],[98.6296,18.3953],[98.6314,18.3907],[98.6406,18.3897],[98.6526,18.384],[98.6672,18.3818],[98.6698,18.3781],[98.6704,18.372],[98.6759,18.3584],[98.6751,18.3557],[98.6705,18.353],[98.67,18.3494],[98.6672,18.3479],[98.6696,18.3464],[98.6656,18.3394],[98.6672,18.3344],[98.6662,18.3302],[98.6503,18.323],[98.6416,18.3237],[98.639,18.3219],[98.6371,18.3189],[98.6373,18.3096],[98.6343,18.3079],[98.6284,18.3103],[98.6266,18.3097],[98.6247,18.3136],[98.6138,18.3148],[98.6067,18.3135],[98.5968,18.3079],[98.5959,18.3059],[98.5895,18.3091],[98.5852,18.3087],[98.5944,18.2995],[98.596,18.295],[98.5959,18.2831],[98.5933,18.2737],[98.5821,18.2614],[98.5807,18.2536],[98.5865,18.2449],[98.594,18.2422],[98.5959,18.2383],[98.5986,18.2368],[98.6007,18.2335],[98.5999,18.2257],[98.6029,18.2203],[98.5993,18.2096],[98.5946,18.204],[98.59,18.1939],[98.5977,18.1903],[98.6014,18.1848],[98.6029,18.1727],[98.5984,18.1588],[98.5969,18.139],[98.5924,18.1343],[98.592,18.1284],[98.5888,18.1276],[98.5936,18.1209],[98.5967,18.1228],[98.5972,18.1214],[98.5959,18.1197],[98.5972,18.1157],[98.5937,18.1077],[98.5723,18.1],[98.5711,18.0984],[98.5716,18.0945],[98.5691,18.0929],[98.5688,18.0899],[98.571,18.0897],[98.5707,18.0859],[98.5631,18.0858],[98.5397,18.0714],[98.5323,18.069],[98.5326,18.067],[98.528,18.0698],[98.5249,18.0673],[98.5218,18.0725],[98.5193,18.0697],[98.5149,18.0723],[98.509,18.0726],[98.5032,18.0821],[98.4898,18.0849],[98.4802,18.0846],[98.4749,18.0805],[98.4658,18.0798],[98.4603,18.0767],[98.4552,18.0814],[98.4547,18.0848],[98.4489,18.0941],[98.4494,18.0966],[98.4473,18.0986],[98.4447,18.1081],[98.4446,18.1146],[98.4466,18.1186],[98.4393,18.1342],[98.4365,18.1475],[98.439,18.1516],[98.443,18.1536],[98.4448,18.153],[98.4485,18.1583],[98.4476,18.1605],[98.4508,18.1615],[98.4509,18.1664],[98.4492,18.1665],[98.4498,18.1683],[98.4474,18.1707],[98.4502,18.1712],[98.4503,18.1729],[98.4529,18.174],[98.4488,18.1759],[98.4492,18.1798],[98.4459,18.1827],[98.4435,18.1819],[98.4433,18.1845],[98.441,18.1852],[98.4422,18.1902],[98.4392,18.1919],[98.4392,18.195],[98.4367,18.197],[98.4337,18.2064],[98.4345,18.2089],[98.4322,18.2111],[98.4321,18.2152],[98.4352,18.2192],[98.4355,18.2227],[98.4386,18.2228],[98.4399,18.2205],[98.4415,18.2206],[98.4411,18.2229],[98.445,18.2225],[98.4457,18.2278],[98.4425,18.2326],[98.4366,18.233],[98.4305,18.2405],[98.4255,18.2415],[98.4246,18.2455],[98.4175,18.2477],[98.4164,18.2525],[98.403,18.2574],[98.4001,18.2567],[98.3991,18.2628],[98.3957,18.2633],[98.3972,18.2668],[98.3959,18.2704],[98.3907,18.2717],[98.3883,18.274],[98.3928,18.283],[98.3857,18.2802],[98.381,18.2937],[98.382,18.2951],[98.3835,18.2933],[98.385,18.2958],[98.3869,18.2949],[98.3877,18.2969],[98.393,18.3001],[98.3954,18.3049],[98.4029,18.3111],[98.4259,18.3156],[98.4342,18.3217],[98.4394,18.3211],[98.4416,18.3241],[98.4484,18.3225],[98.4526,18.3237],[98.4547,18.3211],[98.4545,18.3141],[98.4564,18.3104],[98.4631,18.3081],[98.4636,18.2989],[98.461,18.2934],[98.4619,18.2886],[98.4651,18.2861],[98.4705,18.2837],[98.4841,18.2915],[98.4918,18.2908],[98.4997,18.2848],[98.5056,18.2874],[98.5043,18.2913],[98.5057,18.2925],[98.5089,18.2927],[98.5146,18.2868],[98.5235,18.2836],[98.528,18.2845],[98.5251,18.2916],[98.5112,18.2969],[98.5083,18.3143],[98.5029,18.3236],[98.5048,18.3302],[98.5019,18.3346],[98.5021,18.3381],[98.4983,18.3415],[98.4999,18.3434],[98.5116,18.3423],[98.5174,18.3353],[98.5228,18.3346],[98.5273,18.3362],[98.5319,18.3323],[98.5355,18.3334],[98.5348,18.3369],[98.5429,18.3456],[98.5485,18.3596],[98.5505,18.3583],[98.5526,18.3593],[98.5614,18.3583],[98.5634,18.3647],[98.5663,18.3681],[98.5666,18.3751],[98.566,18.3775],[98.5578,18.3755],[98.5562,18.3815],[98.5488,18.3898],[98.5446,18.3905],[98.5389,18.3881],[98.5361,18.3832],[98.5334,18.3831],[98.5267,18.3769],[98.5214,18.377],[98.5153,18.374],[98.5125,18.3751],[98.5103,18.3735],[98.5083,18.376],[98.5112,18.3849],[98.5106,18.3896],[98.5203,18.3945],[98.5226,18.3944],[98.5261,18.3903],[98.5311,18.3922],[98.535,18.3983],[98.5501,18.4077],[98.5572,18.4084],[98.5639,18.4055],[98.5736,18.4109],[98.5903,18.408],[98.596,18.405],[98.5976,18.4025],[98.603,18.4008],[98.6104,18.4035],[98.6226,18.4032],[98.628,18.4057],[98.6322,18.4036]]]}},{"type":"Feature","properties":{"id":5964085,"name":"\u0e2d\u0e38\u0e17\u0e22\u0e32\u0e19\u0e41\u0e2b\u0e48\u0e07\u0e0a\u0e32\u0e15\u0e34\u0e41\u0e08\u0e49\u0e0b\u0e49\u0e2d\u0e19","name_en":"Chae Son National Park","boundary":"national_park","protect_class":"2"},"geometry":{"type":"Polygon","coordinates":[[[99.544,19.1608],[99.5497,19.1564],[99.5527,19.1488],[99.5524,19.1452],[99.5603,19.143],[99.5606,19.1365],[99.5595,19.131],[99.5535,19.1277],[99.5534,19.1227],[99.5446,19.1145],[99.5403,19.1129],[99.5371,19.1075],[99.5391,19.1021],[99.5347,19.0952],[99.5373,19.0912],[99.5362,19.0884],[99.538,19.0858],[99.535,19.085],[99.5309,19.081],[99.5291,19.0765],[99.5205,19.0758],[99.5179,19.0806],[99.5148,19.0771],[99.5036,19.0783],[99.4991,19.0748],[99.4944,19.0777],[99.4917,19.0739],[99.4836,19.0718],[99.4791,19.0581],[99.4767,19.0558],[99.4754,19.0501],[99.4716,19.0442],[99.468,19.0415],[99.4648,19.0355],[99.4615,19.0352],[99.4568,19.0301],[99.453,19.0291],[99.4444,19.0207],[99.4442,19.0181],[99.4379,19.0134],[99.4362,19.0079],[99.4274,19.0084],[99.4217,19.0028],[99.4053,19.0021],[99.4032,18.9999],[99.3925,18.9974],[99.3907,18.9939],[99.3813,18.9897],[99.3775,18.9825],[99.3781,18.9774],[99.3761,18.9734],[99.3777,18.9675],[99.375,18.9597],[99.3838,18.9526],[99.3867,18.9439],[99.3849,18.9342],[99.3776,18.9217],[99.3837,18.9105],[99.3831,18.9067],[99.3853,18.9037],[99.3839,18.9004],[99.3873,18.8958],[99.3861,18.8885],[99.3914,18.8869],[99.3914,18.8843],[99.3859,18.8794],[99.3872,18.8729],[99.377,18.8607],[99.3618,18.8525],[99.3602,18.8501],[99.3524,18.8472],[99.3531,18.8432],[99.3504,18.8362],[99.353,18.8295],[99.3554,18.8282],[99.3529,18.8231],[99.3573,18.817],[99.3572,18.8079],[99.3593,18.8057],[99.359,18.8014],[99.3643,18.7981],[99.3662,18.7869],[99.371,18.7822],[99.3711,18.7797],[99.3671,18.7749],[99.3662,18.7694],[99.3712,18.7606],[99.3715,18.7534],[99.3665,18.7486],[99.3618,18.7474],[99.3534,18.7372],[99.3482,18.7353],[99.3486,18.7246],[99.3453,18.7214],[99.3446,18.7179],[99.3406,18.7159],[99.343,18.7075],[99.334,18.7021],[99.3341,18.6984],[99.3368,18.6937],[99.3271,18.6848],[99.3313,18.6799],[99.3322,18.6747],[99.3345,18.6719],[99.3332,18.6686],[99.3393,18.6658],[99.3491,18.6554],[99.3425,18.6496],[99.3372,18.651],[99.3325,18.6501],[99.327,18.6385],[99.3286,18.6331],[99.3269,18.6283],[99.3308,18.6274],[99.3269,18.6195],[99.3372,18.6156],[99.3443,18.616],[99.3484,18.6178],[99.3501,18.6142],[99.3545,18.6131],[99.359,18.6047],[99.3566,18.6027],[99.357,18.6001],[99.3547,18.5968],[99.3487,18.594],[99.3489,18.5919],[99.3518,18.5893],[99.3501,18.5827],[99.3535,18.5794],[99.3467,18.5779],[99.3439,18.5747],[99.3386,18.5771],[99.3318,18.5751],[99.3354,18.5703],[99.3431,18.5652],[99.3495,18.5518],[99.3613,18.5443],[99.3746,18.533],[99.383,18.5312],[99.3878,18.5271],[99.3936,18.5269],[99.3939,18.5217],[99.3965,18.518],[99.3993,18.5177],[99.4021,18.5135],[99.4075,18.5119],[99.4074,18.5142],[99.4009,18.5214],[99.4014,18.5283],[99.4071,18.5242],[99.4136,18.5262],[99.4142,18.5296],[99.4128,18.531],[99.4199,18.5353],[99.4212,18.5381],[99.4202,18.5406],[99.4278,18.5498],[99.4263,18.5512],[99.4236,18.5487],[99.4173,18.5518],[99.4161,18.5552],[99.4238,18.5532],[99.4296,18.5536],[99.4327,18.5567],[99.4325,18.5627],[99.435,18.5643],[99.4346,18.5711],[99.428,18.5749],[99.4206,18.5616],[99.4173,18.5714],[99.4202,18.5703],[99.4221,18.5751],[99.4209,18.5809],[99.4225,18.5851],[99.4135,18.5869],[99.4208,18.5894],[99.4192,18.5913],[99.4221,18.5922],[99.4215,18.6],[99.4238,18.6125],[99.4288,18.6122],[99.435,18.6189],[99.4286,18.6013],[99.4323,18.5993],[99.4319,18.5883],[99.429,18.5867],[99.4288,18.5809],[99.434,18.5762],[99.4382,18.5871],[99.4384,18.5924],[99.4431,18.593],[99.4436,18.6136],[99.4474,18.6198],[99.4488,18.6285],[99.4459,18.6349],[99.4374,18.633],[99.4371,18.6374],[99.4323,18.6383],[99.4359,18.6401],[99.4374,18.644],[99.4426,18.6383],[99.4509,18.6372],[99.4555,18.6463],[99.4526,18.6483],[99.4514,18.6583],[99.4557,18.6578],[99.4534,18.6625],[99.4562,18.6683],[99.4561,18.6882],[99.4499,18.6912],[99.4623,18.6962],[99.4623,18.7058],[99.4571,18.7134],[99.4604,18.716],[99.4607,18.7189],[99.4575,18.7256],[99.4581,18.7327],[99.4556,18.7403],[99.4588,18.7409],[99.4617,18.7485],[99.4588,18.7514],[99.4634,18.7549],[99.4652,18.7607],[99.4592,18.7687],[99.4496,18.7658],[99.4392,18.76],[99.4344,18.7614],[99.4346,18.7701],[99.4475,18.7901],[99.4469,18.7852],[99.4507,18.7852],[99.4582,18.7717],[99.4628,18.7705],[99.4653,18.7659],[99.4676,18.7677],[99.4655,18.7725],[99.4632,18.7736],[99.4624,18.7783],[99.4657,18.7759],[99.4672,18.7796],[99.464,18.7896],[99.4689,18.7901],[99.4716,18.7826],[99.4737,18.7826],[99.4762,18.7857],[99.4791,18.7812],[99.482,18.7821],[99.4843,18.7799],[99.4858,18.7834],[99.4841,18.7976],[99.4795,18.7985],[99.4709,18.8039],[99.464,18.8166],[99.4555,18.8151],[99.4459,18.818],[99.4463,18.8229],[99.4486,18.8228],[99.4542,18.8266],[99.4601,18.8211],[99.4668,18.8202],[99.4741,18.8129],[99.4859,18.8119],[99.4853,18.8182],[99.4811,18.8185],[99.4814,18.8206],[99.486,18.8204],[99.4808,18.8297],[99.4724,18.8352],[99.4804,18.8443],[99.4835,18.8443],[99.486,18.8498],[99.4886,18.8505],[99.4894,18.8637],[99.4927,18.8665],[99.4913,18.8696],[99.4934,18.8688],[99.4936,18.8726],[99.4907,18.8777],[99.4919,18.8815],[99.4961,18.8826],[99.4945,18.8873],[99.4884,18.8912],[99.4989,18.8988],[99.5025,18.8999],[99.527,18.8906],[99.5273,18.8942],[99.5225,18.8962],[99.527,18.896],[99.5265,18.8984],[99.5225,18.8978],[99.5258,18.8995],[99.5235,18.9004],[99.5196,18.8978],[99.5211,18.8998],[99.518,18.9002],[99.5221,18.901],[99.5213,18.9021],[99.5145,18.904],[99.514,18.9145],[99.5117,18.9156],[99.5125,18.9223],[99.515,18.9219],[99.5186,18.9134],[99.5221,18.9119],[99.5204,18.9176],[99.5215,18.9207],[99.5169,18.9314],[99.5104,18.9354],[99.5131,18.9377],[99.5131,18.943],[99.5169,18.9473],[99.5163,18.9503],[99.5185,18.9511],[99.5204,18.9557],[99.5146,18.9697],[99.515,18.9718],[99.5121,18.974],[99.5127,18.9784],[99.5044,18.9686],[99.502,18.9624],[99.494,18.9558],[99.4927,18.9562],[99.494,18.9618],[99.4928,18.9621],[99.495,18.9671],[99.4935,18.9689],[99.4988,18.9709],[99.5011,18.969],[99.5036,18.9701],[99.5043,18.9728],[99.5072,18.9736],[99.5086,18.9763],[99.5053,18.9764],[99.5066,18.9784],[99.5085,18.9782],[99.5085,18.9819],[99.5121,18.9803],[99.5112,18.9815],[99.5128,18.9855],[99.5091,18.9851],[99.5126,18.9872],[99.5136,18.9864],[99.5143,18.9894],[99.5105,18.9902],[99.5089,18.9887],[99.5097,18.9904],[99.5041,18.9929],[99.4963,18.9936],[99.4978,18.9949],[99.5148,18.9913],[99.5163,18.9958],[99.5178,18.9958],[99.5161,18.9979],[99.5187,18.9985],[99.5149,19.0009],[99.513,19.0073],[99.5141,19.0078],[99.5125,19.0078],[99.5128,19.0055],[99.5053,18.9999],[99.5067,19.0066],[99.5043,19.0069],[99.5026,19.0041],[99.4986,19.0034],[99.4976,19.0059],[99.4931,19.0075],[99.4941,19.0085],[99.4999,19.0061],[99.5032,19.0102],[99.5007,19.0132],[99.505,19.0115],[99.5049,19.016],[99.5072,19.0214],[99.5067,19.0247],[99.5044,19.0256],[99.5044,19.0271],[99.5101,19.025],[99.5146,19.0354],[99.5158,19.0432],[99.5125,19.0466],[99.5149,19.0457],[99.517,19.049],[99.5175,19.0455],[99.5196,19.0443],[99.5177,19.0346],[99.5201,19.0345],[99.5242,19.0386],[99.5234,19.0531],[99.5247,19.0416],[99.5262,19.0403],[99.5281,19.0422],[99.5311,19.0525],[99.5322,19.0506],[99.534,19.0508],[99.5302,19.0467],[99.5306,19.0426],[99.5236,19.0348],[99.5288,19.0335],[99.5293,19.0316],[99.5228,19.0317],[99.5211,19.0301],[99.5205,19.0257],[99.5222,19.0239],[99.521,19.0206],[99.523,19.0205],[99.5243,19.0181],[99.5203,19.0162],[99.5252,19.0032],[99.5318,18.9978],[99.5273,18.9946],[99.5314,18.9856],[99.5389,18.9868],[99.5395,18.9857],[99.5376,18.9836],[99.5401,18.9805],[99.5375,18.9772],[99.5363,18.9829],[99.5284,18.9825],[99.5269,18.9768],[99.5294,18.9761],[99.5248,18.9595],[99.5256,18.9579],[99.5273,18.9587],[99.5276,18.9617],[99.5299,18.9593],[99.5339,18.9596],[99.5334,18.9554],[99.5287,18.9575],[99.527,18.9556],[99.5295,18.9542],[99.5288,18.9524],[99.5305,18.9501],[99.5273,18.9468],[99.5287,18.9451],[99.5355,18.9462],[99.5316,18.9416],[99.5335,18.9422],[99.5346,18.9391],[99.5377,18.9419],[99.5359,18.9367],[99.5382,18.9323],[99.5403,18.9323],[99.5388,18.9289],[99.5434,18.9283],[99.541,18.9272],[99.5397,18.924],[99.5433,18.9227],[99.5424,18.9207],[99.5446,18.9202],[99.5431,18.9166],[99.5385,18.9202],[99.5367,18.9196],[99.5362,18.9146],[99.537,18.9092],[99.5386,18.9079],[99.5361,18.9043],[99.539,18.905],[99.5382,18.9025],[99.5359,18.9023],[99.5364,18.8983],[99.5418,18.888],[99.5397,18.8828],[99.5478,18.8776],[99.5533,18.8782],[99.5519,18.8754],[99.558,18.8707],[99.5584,18.867],[99.5612,18.8685],[99.5624,18.8634],[99.5672,18.8642],[99.5671,18.8628],[99.571,18.8613],[99.5749,18.8644],[99.5775,18.8647],[99.5812,18.862],[99.5818,18.8634],[99.5743,18.8748],[99.5749,18.8803],[99.578,18.8725],[99.5798,18.8707],[99.5817,18.8726],[99.583,18.8651],[99.5866,18.8637],[99.5885,18.8656],[99.5911,18.8637],[99.5911,18.8691],[99.5927,18.8702],[99.5944,18.8636],[99.5952,18.865],[99.5966,18.8634],[99.5969,18.8702],[99.6012,18.8764],[99.6033,18.8873],[99.5987,18.8848],[99.5987,18.8825],[99.5947,18.8785],[99.5915,18.8844],[99.5924,18.8868],[99.5828,18.8866],[99.5789,18.8904],[99.5727,18.8929],[99.5698,18.8922],[99.5698,18.8986],[99.5745,18.8951],[99.5765,18.9009],[99.5804,18.901],[99.5797,18.9038],[99.5774,18.9052],[99.5787,18.9103],[99.5778,18.9139],[99.5789,18.9177],[99.5831,18.9179],[99.5852,18.931],[99.5875,18.9344],[99.5791,18.9384],[99.5798,18.9416],[99.5768,18.9429],[99.575,18.9485],[99.5792,18.9477],[99.5788,18.9534],[99.581,18.9572],[99.5822,18.9554],[99.5847,18.9554],[99.583,18.9668],[99.576,18.9698],[99.5805,18.9688],[99.5813,18.9707],[99.5797,18.974],[99.5821,18.9744],[99.5816,18.9801],[99.5792,18.9838],[99.574,18.9811],[99.5681,18.9824],[99.568,18.9858],[99.5716,18.9859],[99.5632,18.9939],[99.5648,18.9961],[99.5622,18.999],[99.5633,19.0008],[99.5663,18.9995],[99.5671,18.9954],[99.571,18.9935],[99.5743,18.9875],[99.582,18.9851],[99.5835,18.9865],[99.5825,18.9897],[99.5857,18.9939],[99.5867,18.9988],[99.5846,19.0025],[99.5906,19.003],[99.5875,19.0058],[99.5864,19.0097],[99.5916,19.0104],[99.5928,19.0122],[99.592,19.0142],[99.5958,19.0159],[99.5956,19.0195],[99.5977,19.0224],[99.5961,19.0229],[99.5957,19.0259],[99.5975,19.0262],[99.5965,19.029],[99.5992,19.0288],[99.5983,19.0348],[99.595,19.035],[99.5952,19.0368],[99.5985,19.0378],[99.5952,19.0423],[99.5906,19.042],[99.5911,19.0507],[99.5933,19.0565],[99.5914,19.0614],[99.5936,19.0659],[99.5832,19.064],[99.5786,19.0691],[99.5845,19.066],[99.5883,19.0678],[99.5835,19.0799],[99.587,19.0782],[99.5889,19.0794],[99.5831,19.0866],[99.587,19.087],[99.583,19.0922],[99.5863,19.0926],[99.5851,19.0963],[99.5821,19.0953],[99.5789,19.0966],[99.5744,19.1016],[99.5785,19.1023],[99.573,19.1056],[99.5812,19.1044],[99.5822,19.1066],[99.5789,19.1113],[99.5824,19.1136],[99.5848,19.1225],[99.5805,19.1225],[99.5799,19.1307],[99.5772,19.1326],[99.5741,19.1313],[99.5735,19.1346],[99.5807,19.1335],[99.5798,19.1415],[99.5772,19.1426],[99.5785,19.1446],[99.5759,19.1465],[99.5787,19.1521],[99.5763,19.1525],[99.5777,19.1558],[99.5795,19.156],[99.5796,19.1584],[99.5732,19.1576],[99.572,19.155],[99.5696,19.1551],[99.5678,19.1588],[99.5635,19.1577],[99.556,19.1619],[99.5505,19.1597],[99.5486,19.1613],[99.544,19.1608]]]}},{"type":"Feature","properties":{"id":5964086,"name":"\u0e2d\u0e38\u0e17\u0e22\u0e32\u0e19\u0e41\u0e2b\u0e48\u0e07\u0e0a\u0e32\u0e15\u0e34\u0e14\u0e2d\u0e22\u0e02\u0e38\u0e19\u0e15\u0e32\u0e25","name_en":"Doi Khun Tan National Park","boundary":"national_park","protect_class":"2"},"geometry":{"type":"Polygon","coordinates":[[[99.2254,18.5893],[99.2315,18.588],[99.2367,18.5832],[99.244,18.5837],[99.2509,18.5747],[99.2573,18.5733],[99.2563,18.5661],[99.2543,18.5656],[99.252,18.5686],[99.2445,18.5713],[99.243,18.5706],[99.2525,18.5647],[99.2559,18.5585],[99.251,18.5577],[99.2435,18.5495],[99.2394,18.5504],[99.2397,18.5485],[99.2439,18.5469],[99.2353,18.5366],[99.2293,18.5421],[99.2271,18.5415],[99.2341,18.5348],[99.2326,18.5241],[99.2317,18.5234],[99.2291,18.5276],[99.227,18.5271],[99.2297,18.522],[99.2262,18.5206],[99.2247,18.5224],[99.2223,18.5213],[99.2183,18.5224],[99.2196,18.5194],[99.2165,18.5175],[99.2175,18.5164],[99.2137,18.515],[99.2003,18.5267],[99.1976,18.5326],[99.2024,18.5334],[99.2056,18.5388],[99.2065,18.5421],[99.2048,18.547],[99.2071,18.5476],[99.2084,18.5569],[99.2123,18.5591],[99.2152,18.5643],[99.2135,18.5721],[99.2151,18.5751],[99.2199,18.578],[99.2254,18.5893]]]}},{"type":"Feature","properties":{"id":5964087,"name":"\u0e2d\u0e38\u0e17\u0e22\u0e32\u0e19\u0e41\u0e2b\u0e48\u0e07\u0e0a\u0e32\u0e15\u0e34\u0e1c\u0e32\u0e41\u0e14\u0e07","name_en":"Pha Daeng National Park","boundary":"national_park","protect_class":"2"},"geometry":{"type":"Polygon","coordinates":[[[99.0158,19.7606],[99.0152,19.7639],[99.0202,19.7718],[99.0263,19.7777],[99.0213,19.7851],[99.0118,19.7864],[99.0115,19.7913],[99.013,19.7933],[99.0073,19.792],[99.0058,19.788],[98.9973,19.7913],[98.9885,19.7861],[98.9833,19.736],[98.9846,19.7284],[98.9789,19.7152],[98.9727,19.7141],[98.966,19.7035],[98.9656,19.6989],[98.9628,19.6955],[98.9627,19.6871],[98.9593,19.6832],[98.9557,19.6919],[98.9562,19.6949],[98.9419,19.702],[98.9319,19.7134],[98.9314,19.7181],[98.9293,19.721],[98.93,19.727],[98.9273,19.7349],[98.9318,19.7444],[98.9284,19.7469],[98.9324,19.7625],[98.9277,19.7659],[98.9277,19.7681],[98.9307,19.7718],[98.9303,19.7738],[98.9237,19.7653],[98.9187,19.7651],[98.9193,19.7628],[98.9167,19.7621],[98.9114,19.7617],[98.9087,19.764],[98.9057,19.7633],[98.9018,19.7666],[98.8984,19.7658],[98.8949,19.7732],[98.8895,19.7754],[98.8837,19.7816],[98.8748,19.7828],[98.8716,19.786],[98.8712,19.7918],[98.8561,19.7968],[98.8502,19.8017],[98.8497,19.808],[98.84,19.8136],[98.8325,19.8112],[98.8281,19.8027],[98.8298,19.7958],[98.8227,19.7882],[98.8196,19.7873],[98.8128,19.781],[98.8079,19.7801],[98.8053,19.7769],[98.7959,19.776],[98.7959,19.7731],[98.7874,19.7645],[98.7867,19.7613],[98.7817,19.7579],[98.7808,19.7542],[98.7774,19.7522],[98.7695,19.7553],[98.7573,19.7573],[98.7512,19.7604],[98.7448,19.7557],[98.7421,19.7563],[98.7377,19.7544],[98.7327,19.7569],[98.7287,19.7612],[98.722,19.7609],[98.7171,19.7627],[98.7114,19.7688],[98.7041,19.7583],[98.7083,19.7484],[98.7131,19.7458],[98.7149,19.7395],[98.7092,19.7291],[98.7098,19.7236],[98.7072,19.7122],[98.7021,19.7015],[98.6992,19.7],[98.6916,19.7001],[98.6817,19.705],[98.6712,19.7067],[98.6524,19.7001],[98.6487,19.701],[98.6412,19.7103],[98.6445,19.7165],[98.6512,19.7221],[98.6517,19.7279],[98.6579,19.7366],[98.6535,19.74],[98.6458,19.7363],[98.6436,19.7334],[98.6362,19.732],[98.6346,19.7278],[98.6353,19.7202],[98.6327,19.7157],[98.6376,19.7095],[98.6358,19.7021],[98.6377,19.7001],[98.64,19.6916],[98.6381,19.6824],[98.6409,19.6721],[98.6389,19.6673],[98.6416,19.6631],[98.6425,19.6551],[98.6455,19.6542],[98.6481,19.6562],[98.6534,19.655],[98.6542,19.6609],[98.6606,19.6562],[98.6664,19.659],[98.6728,19.6579],[98.6714,19.6519],[98.6638,19.651],[98.6551,19.6451],[98.6517,19.6375],[98.656,19.6316],[98.655,19.6302],[98.6504,19.6298],[98.6497,19.6267],[98.6415,19.6378],[98.6374,19.636],[98.6328,19.6202],[98.6291,19.6158],[98.6252,19.607],[98.6234,19.598],[98.6249,19.5961],[98.6413,19.5946],[98.6451,19.6014],[98.647,19.6011],[98.6441,19.5922],[98.6351,19.5886],[98.6279,19.5885],[98.6259,19.5841],[98.6287,19.5793],[98.6315,19.5777],[98.6381,19.5776],[98.6508,19.5931],[98.6559,19.5895],[98.6595,19.5903],[98.6681,19.5957],[98.6728,19.603],[98.6768,19.6022],[98.6714,19.5906],[98.6543,19.5822],[98.6484,19.5819],[98.6445,19.5723],[98.648,19.5709],[98.6476,19.5692],[98.6425,19.5659],[98.6421,19.5636],[98.6447,19.5615],[98.6552,19.563],[98.6627,19.568],[98.6667,19.5744],[98.6693,19.5753],[98.6703,19.5735],[98.6602,19.5552],[98.6592,19.5486],[98.6641,19.5469],[98.6719,19.5492],[98.6695,19.5421],[98.6764,19.5366],[98.6813,19.542],[98.6824,19.5482],[98.6868,19.5515],[98.6901,19.552],[98.6868,19.5498],[98.6937,19.546],[98.6972,19.5462],[98.6985,19.5445],[98.6973,19.5432],[98.6996,19.5434],[98.6998,19.5415],[98.7041,19.5401],[98.7049,19.5375],[98.7035,19.5337],[98.7137,19.5286],[98.7142,19.5254],[98.7164,19.5238],[98.7152,19.5221],[98.7174,19.5224],[98.7186,19.5199],[98.7234,19.5208],[98.7244,19.5142],[98.7323,19.5123],[98.7369,19.513],[98.742,19.5071],[98.7477,19.5048],[98.7531,19.5078],[98.7494,19.5132],[98.7507,19.5259],[98.755,19.5254],[98.7615,19.5282],[98.7728,19.5244],[98.7853,19.5173],[98.7997,19.5134],[98.802,19.5149],[98.8027,19.5086],[98.8059,19.5094],[98.814,19.5065],[98.8154,19.503],[98.8194,19.5111],[98.8231,19.5106],[98.8245,19.5135],[98.8267,19.513],[98.8263,19.5143],[98.8308,19.5117],[98.8409,19.517],[98.8413,19.5152],[98.8432,19.5149],[98.8461,19.5153],[98.8474,19.5173],[98.8488,19.515],[98.8509,19.516],[98.8509,19.5178],[98.8535,19.5184],[98.858,19.5155],[98.8636,19.5157],[98.8638,19.5172],[98.8597,19.5192],[98.8578,19.5233],[98.8767,19.5286],[98.8796,19.5273],[98.8824,19.5285],[98.8868,19.526],[98.8882,19.5283],[98.8909,19.5281],[98.8993,19.5206],[98.9067,19.519],[98.9076,19.5166],[98.9123,19.5152],[98.9155,19.5119],[98.9241,19.5117],[98.9258,19.5125],[98.9248,19.5133],[98.929,19.5137],[98.9281,19.512],[98.932,19.512],[98.9319,19.5081],[98.9344,19.5056],[98.9415,19.5081],[98.9461,19.5072],[98.9451,19.5176],[98.9424,19.5245],[98.9464,19.5387],[98.9447,19.5504],[98.951,19.5852],[98.9518,19.6023],[98.9532,19.6041],[98.9521,19.61],[98.9534,19.6138],[98.9515,19.6166],[98.9571,19.6303],[98.9556,19.636],[98.9475,19.6444],[98.9475,19.6464],[98.9504,19.6476],[98.9526,19.6449],[98.9562,19.6447],[98.9614,19.6531],[98.9632,19.6535],[98.9682,19.6507],[98.9687,19.6478],[98.9665,19.6455],[98.9678,19.6424],[98.9665,19.6366],[98.9682,19.6227],[98.9708,19.6098],[98.9737,19.6083],[98.9795,19.6097],[98.9846,19.6065],[98.9887,19.6251],[98.9838,19.6256],[98.9831,19.6311],[98.9751,19.6425],[98.9757,19.6439],[98.9798,19.6432],[98.9781,19.6503],[98.9618,19.6643],[98.96,19.6688],[98.9632,19.6707],[98.9633,19.6683],[98.9744,19.662],[98.9883,19.649],[98.9959,19.6453],[98.9985,19.6466],[99.0004,19.6447],[98.9968,19.6364],[99.0048,19.6316],[99.0034,19.6234],[99.005,19.6184],[99.003,19.6148],[99.0031,19.6102],[98.9963,19.6075],[98.9894,19.6004],[98.979,19.6056],[98.9747,19.6062],[98.9751,19.605],[98.9699,19.6021],[98.9686,19.5984],[98.9696,19.5929],[98.9682,19.5897],[98.9686,19.5835],[98.9663,19.5803],[98.9666,19.5731],[98.9715,19.5676],[98.9713,19.5626],[98.9671,19.5545],[98.9693,19.5524],[98.9774,19.5509],[98.9732,19.5466],[98.9694,19.547],[98.968,19.5454],[98.9712,19.5408],[98.9678,19.5327],[98.9684,19.5306],[98.9715,19.53],[98.9777,19.5341],[98.9795,19.533],[98.9805,19.5266],[98.9787,19.525],[98.974,19.5266],[98.9705,19.525],[98.9724,19.5139],[98.9743,19.5129],[98.9829,19.5142],[98.9902,19.5199],[98.9942,19.5147],[98.9877,19.5073],[98.9836,19.5068],[98.9809,19.5101],[98.9746,19.509],[98.9771,19.5009],[98.9765,19.4935],[98.9835,19.482],[98.9891,19.4829],[98.9869,19.4762],[98.9873,19.4706],[98.9932,19.4632],[98.9981,19.4643],[99.0031,19.4721],[99.008,19.4754],[99.0083,19.479],[99.0124,19.4788],[99.0168,19.49],[99.0165,19.4961],[99.0192,19.4956],[99.0174,19.4984],[99.0191,19.5019],[99.0209,19.5015],[99.0215,19.4976],[99.0261,19.4955],[99.0401,19.4998],[99.0379,19.5081],[99.0384,19.5106],[99.04,19.5108],[99.0374,19.5115],[99.0379,19.5165],[99.0425,19.5136],[99.0416,19.5113],[99.0442,19.5126],[99.0433,19.5088],[99.0462,19.5089],[99.0451,19.5042],[99.049,19.5052],[99.045,19.5152],[99.0499,19.5195],[99.0537,19.5199],[99.0512,19.5317],[99.044,19.5295],[99.0437,19.531],[99.0455,19.5331],[99.0469,19.543],[99.0516,19.5434],[99.0486,19.5453],[99.0494,19.5478],[99.0547,19.5487],[99.0553,19.5543],[99.0587,19.5593],[99.0602,19.5599],[99.0627,19.5581],[99.0634,19.5622],[99.0612,19.5655],[99.0628,19.5706],[99.0649,19.57],[99.0654,19.5675],[99.0648,19.5663],[99.0635,19.568],[99.0638,19.5655],[99.0672,19.5649],[99.0642,19.5627],[99.0707,19.5594],[99.0767,19.5595],[99.0771,19.5619],[99.0748,19.5639],[99.0784,19.5655],[99.078,19.5675],[99.0799,19.5684],[99.0786,19.5704],[99.0847,19.5726],[99.0886,19.5762],[99.092,19.5742],[99.0976,19.58],[99.1003,19.5802],[99.1028,19.5853],[99.101,19.5879],[99.1043,19.5897],[99.1041,19.5913],[99.1058,19.5907],[99.108,19.5951],[99.1105,19.5965],[99.1147,19.592],[99.1166,19.5929],[99.112,19.5971],[99.1219,19.6051],[99.1256,19.6103],[99.1226,19.6236],[99.1257,19.63],[99.1258,19.6374],[99.1296,19.6387],[99.1295,19.6498],[99.1239,19.6534],[99.1102,19.647],[99.1016,19.6478],[99.1043,19.6599],[99.1156,19.66],[99.1159,19.6647],[99.111,19.6728],[99.1061,19.688],[99.1058,19.6958],[99.0992,19.6993],[99.1044,19.7039],[99.0983,19.7083],[99.0932,19.7056],[99.0815,19.705],[99.0808,19.7075],[99.0851,19.7107],[99.0835,19.7133],[99.069,19.7103],[99.0629,19.7031],[99.0604,19.7037],[99.0594,19.7105],[99.0545,19.7166],[99.0489,19.7193],[99.0478,19.7177],[99.0428,19.719],[99.0254,19.7319],[99.0191,19.7537],[99.0147,19.7586],[99.0158,19.7606]],[[98.8857,19.7119],[98.8838,19.727],[98.8912,19.7379],[98.8915,19.7485],[98.8946,19.7508],[98.8949,19.7545],[98.897,19.7565],[98.8994,19.7561],[98.9043,19.7505],[98.9037,19.7446],[98.9117,19.7393],[98.9065,19.7382],[98.9048,19.7359],[98.9046,19.7204],[98.8965,19.7072],[98.8857,19.7119]]]}},{"type":"Feature","properties":{"id":5964088,"name":"\u0e2d\u0e38\u0e17\u0e22\u0e32\u0e19\u0e41\u0e2b\u0e48\u0e07\u0e0a\u0e32\u0e15\u0e34\u0e28\u0e23\u0e35\u0e25\u0e32\u0e19\u0e19\u0e32","name_en":"Si Lanna National Park","boundary":"national_park","protect_class":"2"},"geometry":{"type":"Polygon","coordinates":[[[99.135,19.0393],[99.1348,19.0471],[99.1274,19.0494],[99.1222,19.0654],[99.1094,19.0729],[99.1073,19.0805],[99.0963,19.0902],[99.0963,19.0975],[99.0823,19.1071],[99.0784,19.1167],[99.0814,19.1189],[99.0817,19.124],[99.0714,19.1293],[99.0702,19.1313],[99.0712,19.1338],[99.0667,19.1344],[99.0678,19.1371],[99.0644,19.1372],[99.0645,19.1391],[99.061,19.1395],[99.0603,19.1417],[99.0583,19.141],[99.0533,19.1464],[99.0496,19.145],[99.0454,19.1504],[99.0434,19.1507],[99.0399,19.1573],[99.0402,19.162],[99.0377,19.1661],[99.0307,19.1695],[99.0303,19.1748],[99.0183,19.1789],[99.0166,19.1828],[99.0144,19.1822],[99.0146,19.1846],[99.0102,19.1873],[99.0109,19.1908],[99.0153,19.19],[99.0166,19.1915],[99.017,19.1892],[99.0191,19.1903],[99.0192,19.1923],[99.0156,19.195],[99.0162,19.1961],[99.0179,19.196],[99.021,19.1911],[99.0221,19.1929],[99.0194,19.1968],[99.0233,19.1955],[99.0239,19.1968],[99.0222,19.1974],[99.0232,19.1992],[99.02,19.2032],[99.0176,19.2029],[99.0189,19.206],[99.0225,19.205],[99.0234,19.2079],[99.0206,19.2068],[99.0195,19.2104],[99.0221,19.211],[99.0191,19.212],[99.0219,19.2143],[99.0212,19.216],[99.018,19.2133],[99.0166,19.2163],[99.0144,19.2158],[99.0159,19.2185],[99.0138,19.2189],[99.0141,19.2224],[99.0121,19.2215],[99.011,19.2238],[99.0188,19.2228],[99.0248,19.2241],[99.0219,19.2278],[99.0224,19.2299],[99.015,19.2333],[99.0291,19.2364],[99.0306,19.239],[99.0358,19.2409],[99.0368,19.2447],[99.0309,19.2478],[99.0254,19.2433],[99.0252,19.2395],[99.0236,19.2385],[99.0199,19.2398],[99.019,19.2385],[99.0154,19.2402],[99.0145,19.2425],[99.0143,19.2387],[99.0068,19.232],[98.9996,19.2326],[98.9951,19.2308],[98.9921,19.2321],[98.9923,19.23],[98.987,19.2273],[98.9872,19.2229],[98.9899,19.2208],[98.9821,19.2115],[98.9771,19.2158],[98.9765,19.2189],[98.9734,19.2215],[98.9741,19.229],[98.9715,19.2323],[98.9751,19.2351],[98.9718,19.2378],[98.9725,19.2428],[98.9694,19.2464],[98.9696,19.2484],[98.9677,19.2488],[98.9778,19.251],[98.9703,19.2562],[98.9736,19.2634],[98.9692,19.2642],[98.9724,19.2743],[98.9701,19.2779],[98.9678,19.2784],[98.9674,19.2802],[98.9703,19.2833],[98.9688,19.2847],[98.9698,19.286],[98.9669,19.2865],[98.9665,19.2892],[98.9645,19.2893],[98.9656,19.2932],[98.9639,19.2954],[98.9666,19.2974],[98.9764,19.2967],[98.9761,19.2983],[98.9829,19.2974],[98.9843,19.2951],[98.9894,19.2953],[98.9919,19.2931],[98.997,19.2929],[98.9973,19.2887],[99.0054,19.2878],[99.005,19.2861],[98.998,19.285],[98.999,19.2819],[99.0023,19.282],[99.0032,19.279],[99.0055,19.2777],[99.004,19.2812],[99.0053,19.2813],[99.0074,19.2772],[99.0066,19.2756],[99.011,19.2765],[99.007,19.2827],[99.0172,19.2787],[99.0257,19.2846],[99.0263,19.2871],[99.0368,19.2878],[99.0385,19.2905],[99.0379,19.2939],[99.0426,19.3141],[99.0456,19.3168],[99.0448,19.3184],[99.038,19.3195],[99.0397,19.3237],[99.0373,19.3271],[99.0328,19.3265],[99.0319,19.331],[99.0342,19.3319],[99.0389,19.3307],[99.0371,19.3347],[99.0336,19.3355],[99.0314,19.3323],[99.0276,19.3342],[99.0274,19.3372],[99.0303,19.3409],[99.023,19.342],[99.0233,19.3466],[99.0354,19.3463],[99.0437,19.3487],[99.0505,19.3527],[99.0542,19.3528],[99.0609,19.3638],[99.0633,19.363],[99.0664,19.3653],[99.0689,19.3634],[99.0601,19.3567],[99.0642,19.3547],[99.0682,19.3577],[99.0713,19.3573],[99.0836,19.3656],[99.0763,19.365],[99.0608,19.3674],[99.0496,19.3653],[99.0463,19.3606],[99.039,19.359],[99.0286,19.3499],[99.0248,19.3556],[99.0293,19.3701],[99.0296,19.389],[99.0322,19.3959],[99.0295,19.3964],[99.0341,19.4059],[99.0384,19.4093],[99.038,19.4136],[99.0399,19.4145],[99.0382,19.4165],[99.039,19.4218],[99.0432,19.4237],[99.0469,19.4323],[99.0614,19.4377],[99.0691,19.4358],[99.0744,19.4305],[99.0795,19.4218],[99.0779,19.4171],[99.0808,19.416],[99.0804,19.413],[99.0844,19.4145],[99.0895,19.4196],[99.0979,19.4203],[99.0993,19.4225],[99.1095,19.4253],[99.1094,19.4267],[99.1036,19.425],[99.1021,19.4274],[99.0974,19.4278],[99.0968,19.4259],[99.0927,19.4259],[99.0929,19.4281],[99.1048,19.4322],[99.104,19.4348],[99.0992,19.4333],[99.096,19.436],[99.0937,19.4411],[99.099,19.446],[99.1029,19.4449],[99.1056,19.4467],[99.1057,19.4517],[99.0999,19.4553],[99.0915,19.4473],[99.0887,19.4396],[99.0785,19.4341],[99.0597,19.4388],[99.0516,19.4445],[99.0527,19.4513],[99.0514,19.4555],[99.0536,19.4588],[99.0528,19.4697],[99.0593,19.4769],[99.0562,19.4811],[99.0566,19.4861],[99.0688,19.4935],[99.0748,19.4948],[99.0763,19.4979],[99.0755,19.4995],[99.079,19.5029],[99.08,19.5065],[99.0825,19.5037],[99.0859,19.5066],[99.0921,19.5078],[99.0939,19.51],[99.1043,19.5062],[99.1062,19.5089],[99.1076,19.5056],[99.1103,19.5062],[99.1073,19.5103],[99.1096,19.5122],[99.1227,19.5195],[99.123,19.5175],[99.126,19.5167],[99.125,19.5218],[99.1272,19.5197],[99.1292,19.5202],[99.1286,19.5253],[99.1245,19.5237],[99.124,19.5251],[99.1206,19.5236],[99.1173,19.5244],[99.1101,19.5212],[99.1105,19.5194],[99.1086,19.52],[99.1096,19.5228],[99.0947,19.5199],[99.0884,19.5157],[99.081,19.5133],[99.07,19.5179],[99.0614,19.5167],[99.0571,19.5188],[99.0567,19.5205],[99.0582,19.5207],[99.0559,19.5243],[99.057,19.5259],[99.0641,19.5274],[99.0696,19.5248],[99.0642,19.5311],[99.068,19.5401],[99.071,19.5433],[99.0704,19.5456],[99.0766,19.5557],[99.0757,19.5566],[99.0731,19.5545],[99.0663,19.5599],[99.0638,19.5594],[99.0642,19.5625],[99.0706,19.5592],[99.075,19.5597],[99.0765,19.5582],[99.0783,19.5618],[99.0757,19.5644],[99.0782,19.5649],[99.0783,19.5674],[99.08,19.5678],[99.0788,19.5702],[99.0879,19.5747],[99.0923,19.574],[99.0977,19.5799],[99.1004,19.58],[99.1031,19.5853],[99.1013,19.5878],[99.1045,19.5895],[99.1042,19.5911],[99.1061,19.5904],[99.1062,19.5926],[99.1103,19.5964],[99.1146,19.5917],[99.1171,19.5922],[99.1229,19.5886],[99.1236,19.5832],[99.1272,19.5819],[99.1305,19.5742],[99.1359,19.5716],[99.1595,19.584],[99.1649,19.5793],[99.166,19.5707],[99.1748,19.5711],[99.1943,19.5821],[99.2083,19.5784],[99.2086,19.5717],[99.2288,19.5723],[99.2462,19.5601],[99.262,19.5652],[99.2674,19.5706],[99.2952,19.5708],[99.2947,19.5677],[99.2984,19.563],[99.2971,19.5611],[99.2996,19.5614],[99.3077,19.5541],[99.3102,19.5539],[99.3105,19.5561],[99.3124,19.5546],[99.3154,19.5556],[99.3175,19.5538],[99.3171,19.5492],[99.3195,19.5482],[99.3202,19.5421],[99.3262,19.5389],[99.3225,19.535],[99.319,19.536],[99.3171,19.5344],[99.3134,19.5349],[99.3123,19.529],[99.3097,19.5269],[99.3059,19.5266],[99.304,19.5228],[99.307,19.5212],[99.3018,19.5174],[99.2993,19.5126],[99.2992,19.5076],[99.295,19.4996],[99.2945,19.4952],[99.2987,19.487],[99.3062,19.4896],[99.3078,19.4888],[99.3078,19.4832],[99.3065,19.4823],[99.3076,19.4787],[99.3054,19.4746],[99.3106,19.4713],[99.3166,19.4558],[99.3187,19.4548],[99.3143,19.4517],[99.3135,19.4407],[99.3122,19.4409],[99.3121,19.4359],[99.3107,19.436],[99.3113,19.4323],[99.3081,19.431],[99.3151,19.4238],[99.3149,19.4186],[99.3187,19.4141],[99.3194,19.4075],[99.3222,19.4065],[99.3262,19.4013],[99.3296,19.4008],[99.3306,19.3984],[99.3276,19.3961],[99.3249,19.3975],[99.3231,19.3965],[99.3255,19.3941],[99.3259,19.3871],[99.3308,19.3818],[99.3297,19.3802],[99.332,19.3781],[99.3299,19.3647],[99.3327,19.3623],[99.3343,19.3523],[99.3341,19.3305],[99.3326,19.3273],[99.3278,19.3237],[99.3272,19.3193],[99.3296,19.3128],[99.332,19.3108],[99.3329,19.3033],[99.3393,19.2983],[99.3368,19.2914],[99.3397,19.2889],[99.3402,19.286],[99.3365,19.284],[99.3414,19.2764],[99.3392,19.2747],[99.343,19.2679],[99.3416,19.2655],[99.3385,19.2649],[99.336,19.2623],[99.3376,19.2556],[99.3336,19.2511],[99.3213,19.2437],[99.3228,19.2407],[99.3222,19.2341],[99.3185,19.2316],[99.317,19.2282],[99.3111,19.2248],[99.31,19.2188],[99.312,19.2162],[99.311,19.213],[99.3145,19.2091],[99.3089,19.2051],[99.3067,19.1944],[99.3036,19.1936],[99.3067,19.1882],[99.3045,19.1829],[99.3061,19.1761],[99.31,19.1728],[99.3148,19.1717],[99.3194,19.1652],[99.3193,19.1555],[99.323,19.1468],[99.3241,19.1364],[99.3227,19.1342],[99.3192,19.133],[99.3211,19.1236],[99.3241,19.122],[99.3251,19.1189],[99.3296,19.1173],[99.33,19.113],[99.3379,19.1038],[99.3404,19.0972],[99.3316,19.0806],[99.3272,19.0812],[99.3186,19.0777],[99.3172,19.0709],[99.3047,19.0668],[99.3032,19.057],[99.2826,19.0335],[99.2737,19.0317],[99.2693,19.0343],[99.2628,19.0295],[99.2524,19.0286],[99.2528,19.0099],[99.2511,18.9986],[99.243,18.9974],[99.2285,18.9995],[99.2204,18.999],[99.2107,18.9958],[99.1998,19.002],[99.1883,19.0043],[99.1819,19.0095],[99.1753,19.0108],[99.1725,19.0087],[99.1627,19.0084],[99.1591,19.0068],[99.1526,19.011],[99.1525,19.0249],[99.145,19.0296],[99.1428,19.0382],[99.135,19.0393]],[[98.9957,19.2568],[98.9892,19.2599],[98.9891,19.2631],[98.993,19.2651],[98.9954,19.2614],[98.9979,19.263],[99.0018,19.2586],[98.9972,19.2588],[98.9957,19.2568]]]}},{"type":"Feature","properties":{"id":6004000,"name":"\u0e2d\u0e38\u0e17\u0e22\u0e32\u0e19\u0e41\u0e2b\u0e48\u0e07\u0e0a\u0e32\u0e15\u0e34\u0e41\u0e21\u0e48\u0e1b\u0e34\u0e07","name_en":"Mae Ping National Park","boundary":"national_park","protect_class":"2"},"geometry":{"type":"Polygon","coordinates":[[[98.9102,17.5367],[98.9134,17.5326],[98.9219,17.53],[98.9248,17.5257],[98.9218,17.5126],[98.9282,17.5064],[98.9265,17.499],[98.93,17.4949],[98.9265,17.4919],[98.9295,17.485],[98.9328,17.4832],[98.9314,17.4736],[98.9378,17.4744],[98.9375,17.4705],[98.9456,17.4686],[98.9539,17.4742],[98.9564,17.473],[98.9557,17.4541],[98.9534,17.4504],[98.9244,17.4207],[98.921,17.4201],[98.921,17.4184],[98.9348,17.414],[98.9415,17.4089],[98.947,17.4105],[98.9483,17.4089],[98.9475,17.4055],[98.9506,17.4037],[98.95,17.3952],[98.9514,17.3933],[98.963,17.3933],[98.9662,17.3882],[98.9697,17.3872],[98.9709,17.3883],[98.9688,17.3942],[98.972,17.395],[98.9729,17.3972],[98.9771,17.3994],[98.9779,17.4037],[98.9793,17.4044],[98.9855,17.3999],[98.987,17.3953],[98.9837,17.3926],[98.9837,17.3895],[98.987,17.3854],[98.9849,17.3848],[98.9903,17.3805],[98.9875,17.3794],[98.9874,17.3756],[98.9857,17.3746],[98.9926,17.3666],[98.9917,17.36],[98.9947,17.3569],[98.9891,17.3452],[98.9898,17.3392],[98.9933,17.3352],[98.9921,17.3311],[98.9749,17.3012],[98.9755,17.2869],[98.9736,17.2837],[98.9636,17.2774],[98.9535,17.2643],[98.9403,17.2568],[98.9371,17.2635],[98.9326,17.2627],[98.9271,17.2711],[98.9251,17.2714],[98.9239,17.2773],[98.9168,17.2839],[98.9168,17.2884],[98.922,17.2932],[98.9182,17.293],[98.9139,17.2955],[98.9098,17.3089],[98.9046,17.3184],[98.9012,17.3181],[98.8952,17.3214],[98.8926,17.3186],[98.8835,17.3161],[98.8832,17.3091],[98.8797,17.3088],[98.8791,17.3111],[98.8755,17.312],[98.8737,17.3081],[98.8741,17.3009],[98.8634,17.3086],[98.8669,17.3096],[98.8662,17.3114],[98.8619,17.3109],[98.8569,17.3143],[98.8567,17.312],[98.8547,17.3117],[98.8559,17.3073],[98.8536,17.3073],[98.8531,17.3045],[98.8506,17.3047],[98.8463,17.302],[98.8452,17.305],[98.8466,17.3076],[98.8449,17.3107],[98.8468,17.3153],[98.8458,17.3214],[98.8502,17.3229],[98.8509,17.3266],[98.8464,17.3273],[98.8444,17.3319],[98.8415,17.3319],[98.8408,17.3345],[98.8341,17.3335],[98.8317,17.3374],[98.8355,17.3373],[98.8339,17.3491],[98.8291,17.3512],[98.8252,17.3558],[98.8252,17.3581],[98.8324,17.3579],[98.8308,17.3643],[98.8284,17.3674],[98.8303,17.3681],[98.8367,17.366],[98.8389,17.3615],[98.8416,17.3619],[98.843,17.3584],[98.8458,17.3594],[98.8492,17.3579],[98.8521,17.3517],[98.8547,17.3505],[98.8571,17.3528],[98.8602,17.351],[98.8646,17.3514],[98.8674,17.3537],[98.8715,17.3533],[98.8758,17.3502],[98.8773,17.3517],[98.8758,17.3551],[98.8569,17.3668],[98.8536,17.3737],[98.8581,17.3756],[98.8538,17.38],[98.8518,17.385],[98.8593,17.3961],[98.8624,17.3966],[98.8627,17.4036],[98.8648,17.4018],[98.8722,17.4051],[98.8761,17.4056],[98.8784,17.4031],[98.8816,17.4053],[98.8852,17.401],[98.888,17.3915],[98.8983,17.3846],[98.9002,17.3954],[98.8967,17.4079],[98.9007,17.4136],[98.8933,17.4158],[98.8902,17.4223],[98.8924,17.4311],[98.8942,17.4302],[98.895,17.432],[98.8947,17.4374],[98.8938,17.4387],[98.8866,17.4388],[98.8839,17.441],[98.8799,17.4413],[98.8751,17.4518],[98.8693,17.4528],[98.8681,17.4493],[98.8653,17.4475],[98.8639,17.45],[98.866,17.4521],[98.865,17.4529],[98.8609,17.4513],[98.8535,17.4567],[98.8516,17.4598],[98.8475,17.4613],[98.832,17.4639],[98.8226,17.4611],[98.8149,17.4691],[98.8143,17.4718],[98.8111,17.4732],[98.8032,17.4732],[98.7994,17.4752],[98.7915,17.4711],[98.7816,17.4703],[98.7795,17.4704],[98.7795,17.4724],[98.775,17.4731],[98.769,17.4601],[98.7568,17.4544],[98.7515,17.449],[98.7452,17.4503],[98.7474,17.4462],[98.7412,17.4487],[98.7371,17.4406],[98.73,17.4357],[98.729,17.4322],[98.7283,17.4337],[98.7245,17.4295],[98.7245,17.427],[98.723,17.4292],[98.721,17.428],[98.7205,17.424],[98.719,17.427],[98.717,17.426],[98.7163,17.4228],[98.716,17.4262],[98.712,17.4232],[98.7087,17.4245],[98.6972,17.4243],[98.6945,17.4213],[98.6883,17.4233],[98.6903,17.4322],[98.686,17.4405],[98.6827,17.4417],[98.6797,17.4473],[98.6827,17.453],[98.681,17.459],[98.6845,17.466],[98.6817,17.467],[98.6835,17.4683],[98.6815,17.4692],[98.6847,17.4715],[98.6845,17.474],[98.687,17.477],[98.6877,17.4755],[98.6887,17.4763],[98.6877,17.477],[98.6887,17.4788],[98.6905,17.477],[98.6955,17.4803],[98.699,17.479],[98.7007,17.4835],[98.7048,17.4868],[98.7025,17.491],[98.7048,17.5018],[98.7,17.5048],[98.6965,17.5113],[98.6923,17.5102],[98.6953,17.5123],[98.6942,17.5145],[98.6993,17.522],[98.701,17.5296],[98.6998,17.5322],[98.7016,17.5389],[98.7006,17.5393],[98.7025,17.5395],[98.7033,17.5439],[98.7026,17.5461],[98.6954,17.5455],[98.7026,17.5482],[98.702,17.5527],[98.7002,17.5535],[98.7018,17.5539],[98.7004,17.5546],[98.7013,17.5566],[98.6995,17.5569],[98.7006,17.5577],[98.6979,17.5656],[98.6962,17.566],[98.6974,17.5679],[98.6952,17.5716],[98.6952,17.5754],[98.6941,17.5748],[98.6951,17.5762],[98.6942,17.5831],[98.691,17.5874],[98.6874,17.587],[98.6839,17.5887],[98.6808,17.5965],[98.6841,17.6059],[98.6828,17.6065],[98.6844,17.6068],[98.6852,17.6111],[98.6875,17.6112],[98.6862,17.6139],[98.6888,17.6134],[98.6891,17.6164],[98.6856,17.6184],[98.6887,17.6191],[98.6856,17.6251],[98.688,17.6313],[98.6895,17.6308],[98.6831,17.6388],[98.6801,17.6387],[98.6748,17.6482],[98.6809,17.6477],[98.689,17.6555],[98.6824,17.6619],[98.6827,17.6661],[98.6875,17.6696],[98.6899,17.6688],[98.6934,17.673],[98.6934,17.6751],[98.6948,17.6735],[98.6932,17.6678],[98.6989,17.6678],[98.7171,17.6756],[98.7237,17.6762],[98.7286,17.6813],[98.7366,17.6829],[98.7448,17.6902],[98.7447,17.699],[98.7363,17.7086],[98.7237,17.7145],[98.7228,17.7187],[98.7248,17.7245],[98.7209,17.7262],[98.7147,17.7333],[98.7092,17.7325],[98.7059,17.7396],[98.7019,17.7407],[98.7033,17.7432],[98.7012,17.7474],[98.704,17.752],[98.7041,17.7625],[98.6951,17.7661],[98.6944,17.7739],[98.6876,17.7768],[98.6851,17.7797],[98.6848,17.7832],[98.6817,17.7829],[98.685,17.7852],[98.6837,17.7929],[98.6818,17.7941],[98.6838,17.7939],[98.6835,17.7991],[98.6758,17.8086],[98.6755,17.8157],[98.6734,17.8162],[98.6723,17.8138],[98.6701,17.8175],[98.6725,17.8282],[98.6709,17.8319],[98.6679,17.832],[98.6643,17.8289],[98.6618,17.8296],[98.6604,17.8282],[98.6612,17.8304],[98.6644,17.8304],[98.6673,17.8338],[98.6614,17.8361],[98.6605,17.8407],[98.662,17.8427],[98.6583,17.8553],[98.6516,17.8575],[98.6571,17.856],[98.6588,17.8571],[98.6549,17.8602],[98.6541,17.8672],[98.6507,17.8708],[98.6486,17.8707],[98.6459,17.8674],[98.6445,17.8615],[98.6432,17.8614],[98.6464,17.8742],[98.644,17.8742],[98.6424,17.8763],[98.6445,17.8779],[98.6383,17.877],[98.6385,17.8786],[98.6348,17.8795],[98.6336,17.8776],[98.6318,17.8784],[98.6328,17.8747],[98.6312,17.8761],[98.6297,17.8733],[98.6295,17.8745],[98.627,17.8735],[98.6263,17.8744],[98.6297,17.8772],[98.6265,17.8768],[98.6293,17.8791],[98.6251,17.8784],[98.6238,17.8763],[98.6241,17.8788],[98.6287,17.8818],[98.6271,17.8826],[98.6279,17.8866],[98.6259,17.8903],[98.6241,17.8886],[98.6252,17.8848],[98.6219,17.8799],[98.6205,17.8796],[98.6201,17.8817],[98.6187,17.8805],[98.6163,17.8823],[98.6166,17.8836],[98.6115,17.8845],[98.6111,17.8861],[98.6168,17.8877],[98.6136,17.8902],[98.6112,17.8897],[98.6124,17.8945],[98.6153,17.8937],[98.6205,17.902],[98.6215,17.9007],[98.6231,17.9012],[98.6246,17.9045],[98.6273,17.903],[98.6275,17.9058],[98.6301,17.9063],[98.6307,17.9128],[98.6276,17.9132],[98.6299,17.9174],[98.6274,17.9233],[98.6495,17.9316],[98.6517,17.9293],[98.659,17.9284],[98.6734,17.9183],[98.6792,17.9166],[98.6816,17.9143],[98.682,17.9108],[98.6801,17.9078],[98.6751,17.9053],[98.6739,17.897],[98.6781,17.899],[98.6824,17.8975],[98.6894,17.8997],[98.6911,17.8984],[98.6922,17.8924],[98.6948,17.888],[98.7093,17.8744],[98.7115,17.8657],[98.716,17.8599],[98.7151,17.8506],[98.7326,17.8324],[98.7361,17.8312],[98.7396,17.825],[98.7447,17.824],[98.751,17.8171],[98.7569,17.8153],[98.7628,17.8066],[98.7617,17.8005],[98.7672,17.7928],[98.7717,17.7887],[98.7871,17.7931],[98.7939,17.7973],[98.7979,17.7969],[98.7958,17.7903],[98.7996,17.7731],[98.8031,17.7693],[98.8198,17.7646],[98.8209,17.763],[98.8199,17.7551],[98.8219,17.7522],[98.8215,17.7503],[98.8234,17.7503],[98.8246,17.7455],[98.8267,17.745],[98.8261,17.7434],[98.8293,17.7437],[98.8306,17.7369],[98.8366,17.7357],[98.8403,17.7294],[98.8421,17.7211],[98.8403,17.7168],[98.8423,17.7111],[98.8447,17.7119],[98.8483,17.7179],[98.8518,17.7158],[98.8554,17.7069],[98.8557,17.7023],[98.8602,17.6974],[98.859,17.696],[98.8647,17.6885],[98.8661,17.6819],[98.8685,17.6796],[98.8769,17.68],[98.8841,17.6684],[98.8888,17.6566],[98.9049,17.6472],[98.9035,17.6403],[98.8964,17.6403],[98.8935,17.6339],[98.8862,17.6286],[98.8807,17.627],[98.8837,17.6248],[98.8845,17.6214],[98.8812,17.6131],[98.8819,17.6091],[98.88,17.6052],[98.887,17.6016],[98.8878,17.5894],[98.9111,17.5818],[98.9081,17.5759],[98.9088,17.5715],[98.9058,17.5667],[98.9046,17.5609],[98.9066,17.5552],[98.9065,17.545],[98.9102,17.5367]],[[98.8039,17.6603],[98.8167,17.617],[98.8117,17.6067],[98.8137,17.6045],[98.8123,17.5986],[98.8091,17.5964],[98.8049,17.5961],[98.8058,17.5948],[98.8042,17.5915],[98.7824,17.5942],[98.7737,17.5932],[98.7627,17.6031],[98.7569,17.6182],[98.7564,17.6377],[98.7612,17.6449],[98.7608,17.6492],[98.7637,17.651],[98.7667,17.6495],[98.7691,17.6446],[98.7773,17.6444],[98.7762,17.6468],[98.7809,17.655],[98.8039,17.6603]]]}},{"type":"Feature","properties":{"id":6004034,"name":"\u0e2d\u0e38\u0e17\u0e22\u0e32\u0e19\u0e41\u0e2b\u0e48\u0e07\u0e0a\u0e32\u0e15\u0e34\u0e41\u0e21\u0e48\u0e27\u0e30","name_en":"Mae Wa National Park","boundary":"national_park","protect_class":"2"},"geometry":{"type":"Polygon","coordinates":[[[99.314,17.2201],[99.3106,17.2167],[99.3101,17.2115],[99.3059,17.2058],[99.2959,17.206],[99.2951,17.215],[99.2829,17.2153],[99.2827,17.2209],[99.2903,17.2297],[99.2878,17.2413],[99.2811,17.2466],[99.2719,17.2421],[99.2685,17.2452],[99.2693,17.2769],[99.2675,17.2846],[99.2627,17.2776],[99.2468,17.268],[99.2415,17.2711],[99.2434,17.2657],[99.2381,17.2599],[99.2355,17.2612],[99.2328,17.2595],[99.2346,17.2547],[99.2316,17.2516],[99.2159,17.252],[99.2018,17.2608],[99.1842,17.2786],[99.184,17.2961],[99.1778,17.2977],[99.1717,17.3195],[99.1671,17.3232],[99.1634,17.3324],[99.1655,17.3381],[99.1734,17.3361],[99.1705,17.338],[99.1691,17.3418],[99.1682,17.3399],[99.1662,17.3405],[99.166,17.3443],[99.1697,17.3468],[99.1664,17.355],[99.1643,17.3558],[99.1637,17.3625],[99.1594,17.368],[99.1594,17.3712],[99.1556,17.3722],[99.1552,17.3742],[99.1567,17.3748],[99.1607,17.3855],[99.1681,17.3894],[99.1789,17.4],[99.1845,17.4008],[99.1848,17.4031],[99.1785,17.4045],[99.182,17.4093],[99.1844,17.4072],[99.187,17.4096],[99.1888,17.4087],[99.1862,17.4144],[99.189,17.4154],[99.1828,17.4221],[99.1817,17.4254],[99.1834,17.4286],[99.1783,17.4331],[99.1755,17.4382],[99.1765,17.4451],[99.1776,17.4426],[99.1788,17.4441],[99.1775,17.4479],[99.1815,17.4508],[99.1819,17.4547],[99.1846,17.456],[99.1849,17.461],[99.1864,17.4618],[99.1896,17.4587],[99.1947,17.4494],[99.1952,17.4434],[99.199,17.4472],[99.2126,17.4475],[99.217,17.4529],[99.2193,17.4529],[99.2215,17.4555],[99.2223,17.4582],[99.2188,17.4611],[99.2207,17.4674],[99.226,17.4712],[99.2243,17.4753],[99.2193,17.477],[99.2143,17.4759],[99.2094,17.4853],[99.2158,17.4949],[99.2259,17.4874],[99.2249,17.5008],[99.2281,17.5134],[99.2268,17.5175],[99.2239,17.5176],[99.2217,17.5204],[99.2051,17.5243],[99.2056,17.5316],[99.2108,17.5429],[99.2289,17.5663],[99.2332,17.5699],[99.2353,17.576],[99.2345,17.5786],[99.2391,17.5902],[99.2485,17.5886],[99.2593,17.6028],[99.2651,17.6157],[99.2603,17.6233],[99.2777,17.6284],[99.2858,17.6352],[99.2857,17.641],[99.287,17.6426],[99.2922,17.6425],[99.2967,17.646],[99.302,17.6454],[99.3034,17.6415],[99.3103,17.6371],[99.3135,17.6222],[99.3168,17.62],[99.3145,17.6191],[99.3166,17.6162],[99.3167,17.6113],[99.3124,17.5989],[99.3148,17.5989],[99.3179,17.5955],[99.3197,17.5859],[99.3109,17.5666],[99.3012,17.5722],[99.3005,17.5672],[99.297,17.5653],[99.2985,17.5627],[99.2964,17.5612],[99.2985,17.5572],[99.299,17.5503],[99.2951,17.5491],[99.2915,17.5447],[99.2936,17.543],[99.3001,17.5455],[99.2987,17.5408],[99.3039,17.5353],[99.3041,17.5283],[99.3104,17.5293],[99.3128,17.5343],[99.3149,17.5348],[99.3188,17.518],[99.3223,17.5124],[99.3281,17.5121],[99.3321,17.5061],[99.3212,17.5014],[99.319,17.499],[99.3198,17.4959],[99.3182,17.4936],[99.3136,17.4924],[99.3131,17.4906],[99.3142,17.4869],[99.317,17.4872],[99.3198,17.481],[99.3184,17.4728],[99.3189,17.4718],[99.3204,17.4732],[99.3252,17.4601],[99.3247,17.4403],[99.3067,17.4225],[99.304,17.4225],[99.3062,17.4209],[99.3056,17.4135],[99.2925,17.4133],[99.2926,17.3923],[99.2903,17.3879],[99.3031,17.3622],[99.3066,17.3481],[99.3062,17.3461],[99.3044,17.3458],[99.3044,17.3436],[99.3085,17.3427],[99.3134,17.3322],[99.3165,17.332],[99.3296,17.3333],[99.3289,17.3406],[99.3244,17.3467],[99.3227,17.3625],[99.3261,17.3648],[99.3279,17.3721],[99.3366,17.3894],[99.3422,17.3897],[99.3474,17.3829],[99.35,17.3849],[99.3494,17.3877],[99.3589,17.393],[99.3597,17.3917],[99.3581,17.3883],[99.3597,17.3752],[99.3626,17.3752],[99.3627,17.3734],[99.3668,17.3718],[99.368,17.3675],[99.3721,17.3661],[99.373,17.3646],[99.3704,17.3634],[99.3708,17.3615],[99.3757,17.3555],[99.3787,17.3451],[99.3801,17.3445],[99.3802,17.3404],[99.3767,17.3314],[99.3794,17.3293],[99.3794,17.3204],[99.3757,17.3202],[99.376,17.318],[99.379,17.318],[99.3797,17.3139],[99.3841,17.3138],[99.3859,17.3077],[99.3842,17.3041],[99.3845,17.2988],[99.3873,17.2936],[99.3839,17.2798],[99.3697,17.2772],[99.3645,17.275],[99.3628,17.2714],[99.3607,17.2706],[99.3566,17.2633],[99.3571,17.2605],[99.361,17.2595],[99.3582,17.2547],[99.3541,17.2522],[99.3419,17.261],[99.3395,17.2677],[99.3241,17.2665],[99.321,17.27],[99.3152,17.2698],[99.3189,17.2625],[99.319,17.2557],[99.3215,17.2475],[99.3206,17.2408],[99.3188,17.2382],[99.3193,17.2275],[99.3178,17.2232],[99.314,17.2201]],[[99.1705,17.3498],[99.1757,17.3498],[99.1756,17.3413],[99.1705,17.3413],[99.1705,17.3498]]]}},{"type":"Feature","properties":{"id":6004086,"name":"\u0e2d\u0e38\u0e17\u0e22\u0e32\u0e19\u0e41\u0e2b\u0e48\u0e07\u0e0a\u0e32\u0e15\u0e34\u0e14\u0e2d\u0e22\u0e20\u0e39\u0e19\u0e32\u0e07","name_en":"Doi Phu Nang National Park","boundary":"national_park","protect_class":"2"},"geometry":{"type":"Polygon","coordinates":[[[100.0879,18.8273],[100.0834,18.8337],[100.0836,18.8456],[100.0734,18.8638],[100.0767,18.8656],[100.0762,18.8733],[100.073,18.8805],[100.0752,18.8852],[100.0777,18.9004],[100.0775,18.9116],[100.0866,18.9235],[100.1061,18.912],[100.1113,18.9116],[100.1209,18.9025],[100.1241,18.8952],[100.131,18.8952],[100.1473,18.8861],[100.1507,18.8803],[100.1525,18.8952],[100.1468,18.8962],[100.1438,18.8999],[100.1273,18.9025],[100.1229,18.9088],[100.1219,18.9148],[100.1083,18.9239],[100.1066,18.9279],[100.1002,18.9328],[100.0965,18.944],[100.0982,18.951],[100.1083,18.9536],[100.11,18.9678],[100.1063,18.9813],[100.0969,18.9804],[100.0928,18.9844],[100.0883,18.9827],[100.0812,19.0119],[100.0817,19.0164],[100.088,19.0179],[100.0801,19.0201],[100.088,19.0426],[100.0857,19.0445],[100.0904,19.0506],[100.0885,19.0559],[100.0907,19.0601],[100.0851,19.0603],[100.0891,19.0649],[100.0982,19.0668],[100.1056,19.0666],[100.1123,19.0688],[100.1068,19.0758],[100.1105,19.0945],[100.11,19.1176],[100.1142,19.1216],[100.1121,19.146],[100.1148,19.1556],[100.1257,19.1537],[100.1372,19.1937],[100.1417,19.1965],[100.1426,19.2018],[100.1459,19.2043],[100.1489,19.2027],[100.1585,19.2082],[100.1625,19.2148],[100.1739,19.2159],[100.186,19.228],[100.1897,19.2282],[100.1905,19.231],[100.1968,19.231],[100.2075,19.2253],[100.2132,19.2268],[100.2163,19.2256],[100.2131,19.2184],[100.2216,19.2129],[100.2183,19.2066],[100.2289,19.1963],[100.2264,19.1898],[100.2279,19.1879],[100.2243,19.1873],[100.2255,19.1846],[100.2238,19.1835],[100.2248,19.1736],[100.2273,19.174],[100.2348,19.1706],[100.2348,19.1684],[100.2379,19.1671],[100.2403,19.1588],[100.2444,19.1547],[100.2412,19.1497],[100.2447,19.1432],[100.2406,19.1168],[100.2418,19.1096],[100.246,19.1059],[100.2464,19.0974],[100.2418,19.0919],[100.2447,19.0852],[100.2353,19.0745],[100.236,19.0639],[100.2424,19.0607],[100.2337,19.0524],[100.2337,19.0489],[100.236,19.0489],[100.2297,19.042],[100.2378,19.0441],[100.2505,19.0559],[100.254,19.0545],[100.2553,19.0496],[100.2448,19.047],[100.2398,19.0376],[100.2363,19.0354],[100.2365,19.0312],[100.2285,19.0289],[100.2246,19.031],[100.2244,19.0342],[100.2014,19.0258],[100.1985,19.0261],[100.1951,19.0234],[100.1937,19.0192],[100.1919,19.02],[100.1929,19.0176],[100.195,19.0174],[100.1977,19.0199],[100.198,19.0231],[100.2122,19.0264],[100.2139,19.0187],[100.2155,19.0255],[100.2218,19.0289],[100.2245,19.0247],[100.2307,19.0245],[100.2363,19.0226],[100.2381,19.0199],[100.2418,19.0202],[100.2419,19.0152],[100.2353,19.0137],[100.2358,19.0105],[100.2398,19.0128],[100.2413,19.0109],[100.2447,19.012],[100.2419,19.002],[100.2455,19.0005],[100.245,18.9965],[100.2477,18.9949],[100.2423,18.9912],[100.2448,18.974],[100.2414,18.9694],[100.2339,18.9669],[100.2316,18.9643],[100.2289,18.9684],[100.2235,18.9655],[100.2235,18.9621],[100.2256,18.96],[100.2243,18.9538],[100.2222,18.9521],[100.2258,18.9485],[100.2212,18.9475],[100.2216,18.9424],[100.2203,18.9404],[100.2228,18.94],[100.2159,18.9343],[100.2188,18.9298],[100.2204,18.9297],[100.2222,18.9245],[100.2206,18.923],[100.2195,18.9165],[100.2245,18.9179],[100.2261,18.9105],[100.2308,18.9148],[100.2326,18.913],[100.2353,18.9152],[100.2404,18.9113],[100.2443,18.9119],[100.2415,18.9151],[100.2437,18.9176],[100.2512,18.9131],[100.2546,18.9141],[100.2525,18.9107],[100.2542,18.9092],[100.2553,18.9021],[100.2511,18.8902],[100.2471,18.8895],[100.2524,18.8836],[100.2472,18.8827],[100.2492,18.8794],[100.2492,18.8751],[100.2543,18.867],[100.2524,18.865],[100.2546,18.8603],[100.2641,18.8536],[100.2627,18.8627],[100.2649,18.8613],[100.2694,18.8618],[100.2731,18.8583],[100.2734,18.8532],[100.2707,18.8529],[100.2676,18.8492],[100.2682,18.842],[100.2641,18.846],[100.2611,18.8441],[100.2613,18.8416],[100.2596,18.8406],[100.2629,18.8342],[100.2664,18.8198],[100.2632,18.819],[100.2577,18.8211],[100.255,18.8191],[100.2494,18.8227],[100.2409,18.8196],[100.2392,18.8203],[100.2379,18.8265],[100.2361,18.8273],[100.2331,18.8237],[100.226,18.8255],[100.2218,18.8209],[100.2193,18.8218],[100.2159,18.8184],[100.2094,18.8192],[100.2006,18.8153],[100.2002,18.8166],[100.2035,18.8201],[100.2038,18.8259],[100.2007,18.8322],[100.1982,18.8325],[100.1975,18.8401],[100.1992,18.8415],[100.1905,18.8461],[100.1891,18.8534],[100.1797,18.8513],[100.178,18.853],[100.1803,18.8534],[100.1801,18.8587],[100.175,18.8631],[100.1779,18.8652],[100.178,18.8679],[100.1728,18.8689],[100.1689,18.8727],[100.1641,18.8704],[100.1641,18.8686],[100.1679,18.8665],[100.1676,18.8643],[100.1637,18.8634],[100.156,18.8643],[100.1544,18.8664],[100.1522,18.8655],[100.1564,18.8563],[100.1592,18.8552],[100.1585,18.8513],[100.1604,18.8469],[100.1585,18.8465],[100.1619,18.8431],[100.1608,18.8396],[100.1646,18.8363],[100.1636,18.8351],[100.1663,18.8332],[100.1663,18.831],[100.1706,18.826],[100.1696,18.8253],[100.1584,18.8349],[100.1533,18.8329],[100.1472,18.8365],[100.1436,18.8445],[100.1448,18.8491],[100.1475,18.8504],[100.147,18.8528],[100.1411,18.8487],[100.1373,18.8503],[100.1306,18.8454],[100.1291,18.8348],[100.1311,18.8346],[100.1319,18.8324],[100.1346,18.8333],[100.1355,18.8295],[100.1382,18.8303],[100.1403,18.8277],[100.1439,18.8291],[100.1448,18.8246],[100.1387,18.8239],[100.1334,18.8171],[100.1173,18.8196],[100.114,18.8086],[100.1115,18.809],[100.1058,18.8139],[100.1005,18.8142],[100.0879,18.8273]],[[100.157,18.9051],[100.158,18.909],[100.1548,18.9201],[100.156,18.928],[100.147,18.9365],[100.1447,18.9369],[100.1433,18.9411],[100.1359,18.943],[100.1375,18.9455],[100.1336,18.9486],[100.134,18.9514],[100.1295,18.958],[100.1314,18.9597],[100.1337,18.9783],[100.131,18.9824],[100.1371,18.9859],[100.1388,18.985],[100.1403,18.9877],[100.1469,18.989],[100.1501,18.9881],[100.1542,18.9839],[100.1532,18.9804],[100.1548,18.9788],[100.1521,18.9772],[100.1529,18.9731],[100.1464,18.977],[100.1448,18.9725],[100.1573,18.9619],[100.161,18.9484],[100.166,18.9483],[100.1673,18.9445],[100.1797,18.9363],[100.1855,18.9219],[100.1904,18.9217],[100.1923,18.9186],[100.1878,18.9114],[100.1844,18.9111],[100.1804,18.9072],[100.1747,18.9063],[100.1715,18.9086],[100.1687,18.9084],[100.1669,18.9054],[100.1639,18.9041],[100.1599,18.9064],[100.157,18.9051]]]}},{"type":"Feature","properties":{"id":6004123,"name":"\u0e2d\u0e38\u0e17\u0e22\u0e32\u0e19\u0e41\u0e2b\u0e48\u0e07\u0e0a\u0e32\u0e15\u0e34\u0e20\u0e39\u0e0b\u0e32\u0e07","name_en":"Phu Sang National Park","boundary":"national_park","protect_class":"2"},"geometry":{"type":"Polygon","coordinates":[[[100.4798,19.5102],[100.4779,19.5041],[100.4603,19.508],[100.4552,19.5038],[100.448,19.5066],[100.4426,19.5064],[100.4309,19.5097],[100.4263,19.5158],[100.4178,19.5137],[100.4199,19.5039],[100.4252,19.4954],[100.4303,19.492],[100.4308,19.4879],[100.4331,19.4877],[100.4343,19.4842],[100.4374,19.4841],[100.4436,19.4929],[100.4429,19.4979],[100.4446,19.4991],[100.4556,19.4972],[100.457,19.4945],[100.4491,19.4778],[100.4507,19.4643],[100.4492,19.4615],[100.4429,19.4587],[100.4376,19.4593],[100.4329,19.4671],[100.4301,19.4667],[100.4297,19.4635],[100.4251,19.4587],[100.4265,19.4559],[100.4297,19.4553],[100.4357,19.4503],[100.4354,19.4462],[100.4292,19.4427],[100.4225,19.4295],[100.4158,19.4215],[100.4124,19.4223],[100.4131,19.4175],[100.4074,19.418],[100.4009,19.4123],[100.3956,19.4107],[100.3894,19.412],[100.3877,19.414],[100.3853,19.4124],[100.3764,19.415],[100.3706,19.419],[100.3748,19.4246],[100.3736,19.4253],[100.3689,19.423],[100.3691,19.4294],[100.3672,19.4351],[100.3699,19.4382],[100.3628,19.4427],[100.3625,19.4483],[100.3686,19.4523],[100.3688,19.4554],[100.3759,19.4645],[100.3793,19.4645],[100.378,19.4681],[100.3812,19.4716],[100.38,19.4759],[100.3816,19.4819],[100.3778,19.4823],[100.3795,19.4879],[100.3839,19.4887],[100.3835,19.4962],[100.3887,19.4997],[100.388,19.5039],[100.3917,19.5047],[100.3932,19.5035],[100.3956,19.506],[100.3991,19.5042],[100.4029,19.5062],[100.402,19.5078],[100.406,19.5117],[100.4059,19.5149],[100.409,19.5212],[100.4188,19.5302],[100.4265,19.5299],[100.4286,19.5258],[100.4341,19.5261],[100.4357,19.5304],[100.4302,19.5324],[100.4328,19.5335],[100.4311,19.535],[100.4423,19.5334],[100.4456,19.5367],[100.4399,19.5379],[100.4404,19.5402],[100.4322,19.5421],[100.4311,19.5455],[100.4228,19.5367],[100.4183,19.536],[100.4145,19.5304],[100.4111,19.5298],[100.4068,19.5225],[100.4018,19.5216],[100.3996,19.516],[100.4003,19.5128],[100.3926,19.5138],[100.3944,19.5166],[100.3957,19.5273],[100.3971,19.5284],[100.3951,19.5337],[100.3965,19.5356],[100.3954,19.5383],[100.3967,19.5419],[100.3981,19.5449],[100.4074,19.5484],[100.402,19.5495],[100.3986,19.553],[100.3985,19.5633],[100.4024,19.5644],[100.4087,19.5691],[100.4029,19.5714],[100.402,19.574],[100.4059,19.5761],[100.4076,19.5827],[100.4033,19.5838],[100.4054,19.5944],[100.4088,19.5929],[100.4094,19.5984],[100.4132,19.5985],[100.4176,19.5945],[100.4217,19.5955],[100.4218,19.5968],[100.4176,19.5974],[100.4137,19.6015],[100.4158,19.6042],[100.412,19.6022],[100.4098,19.611],[100.4115,19.6124],[100.4116,19.6184],[100.4143,19.624],[100.4143,19.6312],[100.4187,19.6345],[100.4209,19.6428],[100.419,19.6458],[100.4174,19.6392],[100.4131,19.6349],[100.4015,19.6383],[100.3993,19.6419],[100.4045,19.6471],[100.4013,19.6488],[100.3996,19.6533],[100.3957,19.6549],[100.3952,19.6567],[100.3926,19.6552],[100.3884,19.6573],[100.3858,19.6615],[100.3778,19.6594],[100.3756,19.6625],[100.3756,19.6595],[100.3734,19.6566],[100.3705,19.6567],[100.3719,19.655],[100.3695,19.6536],[100.3619,19.6543],[100.3614,19.6556],[100.3646,19.6584],[100.3589,19.6636],[100.3569,19.6634],[100.3532,19.6714],[100.3505,19.6717],[100.3496,19.6679],[100.3483,19.6697],[100.3436,19.6685],[100.3431,19.6647],[100.3378,19.6683],[100.335,19.6738],[100.3336,19.6692],[100.3314,19.6694],[100.3302,19.6718],[100.3159,19.6781],[100.315,19.6823],[100.3125,19.6807],[100.3083,19.6865],[100.3045,19.6858],[100.3054,19.6889],[100.3043,19.6913],[100.3062,19.6929],[100.3001,19.6955],[100.3032,19.7003],[100.3062,19.6983],[100.3077,19.7],[100.3092,19.7078],[100.3074,19.7088],[100.3097,19.7093],[100.3075,19.7118],[100.304,19.7108],[100.302,19.7135],[100.3059,19.7142],[100.303,19.7177],[100.3054,19.7177],[100.3066,19.7207],[100.31,19.7172],[100.3098,19.7144],[100.3134,19.7133],[100.3146,19.715],[100.3179,19.7134],[100.3179,19.7246],[100.3203,19.7225],[100.3229,19.7228],[100.3238,19.7277],[100.327,19.7312],[100.3267,19.7338],[100.3153,19.7295],[100.3098,19.7249],[100.306,19.7257],[100.3066,19.7356],[100.3144,19.7533],[100.3461,19.7902],[100.3536,19.7895],[100.3607,19.7914],[100.3719,19.7884],[100.3767,19.7846],[100.3842,19.7849],[100.381,19.7798],[100.3783,19.7646],[100.3726,19.7627],[100.3711,19.7647],[100.3647,19.7611],[100.3646,19.7593],[100.3589,19.7576],[100.3572,19.7587],[100.3498,19.7555],[100.3463,19.7567],[100.3542,19.7458],[100.3622,19.7453],[100.3647,19.742],[100.3617,19.7357],[100.3622,19.7331],[100.3586,19.7275],[100.359,19.7228],[100.3513,19.7093],[100.3533,19.7035],[100.3523,19.6971],[100.3556,19.6899],[100.354,19.6825],[100.3557,19.6792],[100.357,19.6795],[100.3567,19.6843],[100.3647,19.688],[100.371,19.6867],[100.3755,19.6802],[100.3806,19.6765],[100.3836,19.668],[100.3912,19.6748],[100.3959,19.6817],[100.4107,19.6847],[100.4139,19.6835],[100.4274,19.6912],[100.4297,19.6949],[100.4294,19.6981],[100.4208,19.6936],[100.4162,19.6951],[100.4178,19.704],[100.4165,19.7083],[100.4112,19.7083],[100.4112,19.705],[100.4076,19.7028],[100.4024,19.7027],[100.3993,19.7047],[100.3975,19.7034],[100.3981,19.6981],[100.3915,19.6986],[100.3897,19.6966],[100.3895,19.6922],[100.3853,19.6939],[100.3824,19.6991],[100.3781,19.6954],[100.3766,19.6994],[100.3696,19.6961],[100.372,19.7069],[100.3855,19.7105],[100.3896,19.7151],[100.3902,19.7213],[100.3961,19.7288],[100.4045,19.7319],[100.4066,19.7361],[100.417,19.732],[100.4192,19.7281],[100.4253,19.7281],[100.4307,19.7215],[100.4372,19.7192],[100.4398,19.7112],[100.4461,19.7071],[100.4437,19.7019],[100.4358,19.694],[100.43,19.6834],[100.4306,19.6769],[100.4279,19.6727],[100.4437,19.6616],[100.4426,19.6525],[100.4446,19.6487],[100.442,19.6414],[100.443,19.6348],[100.4475,19.6274],[100.4555,19.6278],[100.4598,19.6186],[100.4696,19.6138],[100.478,19.6126],[100.4832,19.6092],[100.4816,19.6054],[100.4872,19.5938],[100.4842,19.5871],[100.4891,19.5831],[100.4912,19.5772],[100.489,19.5679],[100.4807,19.5586],[100.4829,19.5476],[100.4719,19.5316],[100.4771,19.5234],[100.4798,19.5102]],[[100.4233,19.68],[100.4269,19.6799],[100.4267,19.6783],[100.4231,19.6787],[100.4233,19.68]]]}},{"type":"Feature","properties":{"id":6005756,"name":"\u0e40\u0e02\u0e15\u0e23\u0e31\u0e01\u0e29\u0e32\u0e1e\u0e31\u0e19\u0e18\u0e38\u0e4c\u0e2a\u0e31\u0e15\u0e27\u0e4c\u0e1b\u0e48\u0e32\u0e20\u0e39\u0e2b\u0e25\u0e27\u0e07","name_en":"Phu Luang Wildlife Sanctuary","boundary":"protected_area","protect_class":"1a"},"geometry":{"type":"Polygon","coordinates":[[[101.5833,17.3353],[101.59,17.3307],[101.5906,17.3246],[101.5741,17.3244],[101.5663,17.3215],[101.5659,17.3157],[101.5634,17.3119],[101.5635,17.3035],[101.5655,17.2989],[101.5679,17.2975],[101.5663,17.2949],[101.568,17.2913],[101.5737,17.2887],[101.5733,17.2856],[101.5646,17.2839],[101.5645,17.2789],[101.5691,17.2798],[101.5719,17.2763],[101.5798,17.2783],[101.5849,17.2736],[101.5844,17.271],[101.5758,17.2705],[101.5752,17.2691],[101.5798,17.2666],[101.5771,17.264],[101.5784,17.2611],[101.5745,17.2561],[101.5786,17.2544],[101.584,17.2603],[101.593,17.2632],[101.5957,17.2623],[101.5988,17.2563],[101.6024,17.2398],[101.5991,17.2371],[101.5993,17.2303],[101.5973,17.2288],[101.6006,17.2239],[101.5975,17.2231],[101.5964,17.2091],[101.5976,17.2052],[101.5944,17.2035],[101.5972,17.2001],[101.5932,17.1944],[101.5917,17.1849],[101.5939,17.1827],[101.5943,17.1785],[101.6025,17.1711],[101.6051,17.1645],[101.6067,17.1672],[101.614,17.1695],[101.6184,17.1679],[101.6166,17.1597],[101.618,17.1521],[101.612,17.1463],[101.6046,17.1455],[101.606,17.1321],[101.6019,17.1293],[101.5998,17.1241],[101.5977,17.1247],[101.5988,17.1275],[101.5902,17.131],[101.5868,17.1345],[101.5837,17.1339],[101.586,17.1306],[101.5828,17.1283],[101.5918,17.1225],[101.5925,17.1197],[101.6009,17.1179],[101.6024,17.1129],[101.605,17.1133],[101.6126,17.1222],[101.617,17.1241],[101.6128,17.1151],[101.6089,17.1114],[101.6089,17.1063],[101.6047,17.0982],[101.6085,17.0942],[101.6054,17.0888],[101.6015,17.0871],[101.597,17.082],[101.593,17.082],[101.5912,17.0845],[101.5871,17.0855],[101.5812,17.0812],[101.5734,17.0805],[101.5732,17.0855],[101.5685,17.0919],[101.5643,17.0924],[101.5571,17.0844],[101.5568,17.0779],[101.5532,17.0791],[101.5502,17.0779],[101.5392,17.0659],[101.5363,17.06],[101.5291,17.0572],[101.5221,17.0591],[101.5171,17.0584],[101.5147,17.06],[101.5028,17.0814],[101.4932,17.0842],[101.4887,17.0986],[101.489,17.102],[101.4812,17.1106],[101.4787,17.11],[101.4754,17.1054],[101.4749,17.0996],[101.477,17.0892],[101.4756,17.0885],[101.4718,17.093],[101.46,17.0954],[101.4434,17.0799],[101.4399,17.0734],[101.4334,17.0709],[101.4264,17.0725],[101.423,17.078],[101.4164,17.0802],[101.4165,17.0834],[101.42,17.0871],[101.4204,17.094],[101.4193,17.0947],[101.4093,17.0905],[101.4105,17.0867],[101.4083,17.0857],[101.4021,17.0929],[101.3868,17.0856],[101.386,17.0783],[101.3769,17.0806],[101.3747,17.0879],[101.3708,17.0896],[101.3796,17.0924],[101.3768,17.0936],[101.3781,17.0979],[101.3759,17.1008],[101.3743,17.0989],[101.3713,17.101],[101.3729,17.1045],[101.3701,17.1044],[101.3686,17.1022],[101.3675,17.1046],[101.3652,17.1028],[101.3633,17.1042],[101.3624,17.1073],[101.3649,17.1076],[101.3672,17.1137],[101.3627,17.1163],[101.3623,17.1192],[101.3547,17.1192],[101.3567,17.1218],[101.3558,17.1243],[101.3517,17.1234],[101.3522,17.1324],[101.351,17.134],[101.3552,17.1382],[101.3536,17.1404],[101.3559,17.147],[101.3529,17.1485],[101.3564,17.1509],[101.3546,17.1507],[101.3536,17.1527],[101.3584,17.1545],[101.355,17.1555],[101.359,17.1563],[101.3591,17.1584],[101.356,17.1586],[101.3597,17.1605],[101.3524,17.1727],[101.3502,17.1716],[101.3454,17.1755],[101.3478,17.1789],[101.3472,17.1804],[101.3446,17.1818],[101.3409,17.1805],[101.3417,17.1789],[101.3388,17.1798],[101.3372,17.1758],[101.3355,17.1772],[101.334,17.1762],[101.3321,17.1787],[101.3295,17.1776],[101.3237,17.1797],[101.3218,17.1765],[101.3158,17.1813],[101.3061,17.1812],[101.3055,17.1842],[101.3034,17.1835],[101.3021,17.1856],[101.307,17.1913],[101.3207,17.1962],[101.3289,17.2102],[101.3255,17.2116],[101.3257,17.2135],[101.3217,17.2147],[101.3209,17.2136],[101.318,17.2155],[101.3225,17.2274],[101.3206,17.2277],[101.3219,17.2309],[101.3125,17.2398],[101.3016,17.2443],[101.2959,17.2511],[101.2935,17.2513],[101.2933,17.2542],[101.2916,17.2536],[101.2893,17.2558],[101.2895,17.2524],[101.2874,17.2536],[101.2866,17.2517],[101.2834,17.2542],[101.275,17.2658],[101.2729,17.2711],[101.274,17.2737],[101.2707,17.2753],[101.2651,17.2751],[101.2654,17.2772],[101.2629,17.2795],[101.2641,17.2814],[101.2629,17.2823],[101.2614,17.281],[101.2606,17.2835],[101.2566,17.2859],[101.2568,17.2877],[101.259,17.2876],[101.2588,17.2939],[101.2604,17.2946],[101.262,17.2933],[101.2632,17.2948],[101.272,17.2925],[101.2813,17.2979],[101.2987,17.2992],[101.3004,17.2942],[101.3026,17.295],[101.3033,17.2924],[101.3067,17.2892],[101.3087,17.29],[101.3098,17.2873],[101.3137,17.2892],[101.3188,17.2889],[101.3189,17.2871],[101.3214,17.286],[101.3257,17.287],[101.3288,17.286],[101.3307,17.2833],[101.3404,17.2782],[101.3422,17.2753],[101.3509,17.2727],[101.3558,17.2685],[101.3708,17.2644],[101.3796,17.267],[101.3835,17.276],[101.3857,17.2774],[101.3931,17.2761],[101.3976,17.2781],[101.3996,17.2818],[101.4035,17.2823],[101.4037,17.2858],[101.402,17.2875],[101.4038,17.2905],[101.4073,17.2922],[101.4079,17.2953],[101.4141,17.3001],[101.4112,17.3013],[101.4088,17.3003],[101.4027,17.3032],[101.4031,17.3043],[101.4072,17.3054],[101.4182,17.315],[101.4201,17.3205],[101.4247,17.3206],[101.4264,17.3221],[101.4246,17.3236],[101.4261,17.3272],[101.4285,17.3276],[101.4266,17.3288],[101.4279,17.3307],[101.4262,17.3339],[101.4243,17.3316],[101.4231,17.3332],[101.4268,17.3366],[101.4215,17.3386],[101.4193,17.3418],[101.4183,17.3394],[101.4171,17.3418],[101.415,17.3416],[101.4183,17.3452],[101.4147,17.346],[101.4145,17.3493],[101.4064,17.3535],[101.4051,17.3567],[101.4012,17.3586],[101.4014,17.3612],[101.397,17.3607],[101.3969,17.3631],[101.3987,17.3633],[101.3975,17.3649],[101.3924,17.3612],[101.39,17.3616],[101.391,17.3642],[101.3886,17.3636],[101.3895,17.366],[101.387,17.3682],[101.3818,17.367],[101.3772,17.371],[101.3796,17.374],[101.3764,17.3769],[101.3735,17.3767],[101.3749,17.3822],[101.3715,17.3821],[101.3766,17.3852],[101.3761,17.3894],[101.3781,17.3918],[101.3875,17.3892],[101.3898,17.3906],[101.3942,17.4035],[101.3996,17.4071],[101.4065,17.4083],[101.408,17.4038],[101.4119,17.404],[101.4146,17.4155],[101.4215,17.4131],[101.4275,17.4131],[101.4305,17.4059],[101.4317,17.4094],[101.4395,17.408],[101.442,17.4091],[101.4431,17.4159],[101.4465,17.4167],[101.4463,17.4132],[101.445,17.4134],[101.4458,17.4098],[101.4503,17.4078],[101.4557,17.4157],[101.4521,17.4161],[101.4535,17.4183],[101.4595,17.4154],[101.4594,17.4045],[101.4678,17.4042],[101.4653,17.397],[101.4633,17.3954],[101.4641,17.3938],[101.4729,17.3921],[101.4831,17.3993],[101.4865,17.4075],[101.4866,17.4108],[101.4829,17.409],[101.482,17.4101],[101.4821,17.4211],[101.4764,17.4249],[101.4771,17.4259],[101.4955,17.4277],[101.4992,17.4298],[101.5053,17.4292],[101.5172,17.4244],[101.5188,17.4201],[101.5244,17.4172],[101.5273,17.4121],[101.5406,17.3993],[101.5429,17.394],[101.5539,17.3894],[101.5588,17.3847],[101.5581,17.3805],[101.5625,17.3761],[101.5633,17.3695],[101.5679,17.3623],[101.5675,17.3571],[101.5635,17.3484],[101.5653,17.3451],[101.5651,17.341],[101.5833,17.3353]]]}},{"type":"Feature","properties":{"id":6005829,"name":"\u0e2d\u0e38\u0e17\u0e22\u0e32\u0e19\u0e41\u0e2b\u0e48\u0e07\u0e0a\u0e32\u0e15\u0e34\u0e41\u0e21\u0e48\u0e27\u0e07\u0e01\u0e4c","name_en":"Mae Wong National Park","boundary":"national_park","protect_class":"2"},"geometry":{"type":"Polygon","coordinates":[[[99.0867,15.8867],[99.0858,15.8851],[99.0877,15.8831],[99.0879,15.8799],[99.0949,15.8755],[99.0975,15.8714],[99.094,15.8612],[99.0948,15.8581],[99.0989,15.8536],[99.0964,15.8476],[99.0975,15.8438],[99.0956,15.8363],[99.0972,15.8349],[99.0968,15.8314],[99.1038,15.827],[99.1033,15.8212],[99.1237,15.8144],[99.1308,15.8071],[99.1337,15.7983],[99.1392,15.7965],[99.1473,15.797],[99.1496,15.793],[99.1589,15.7931],[99.1639,15.789],[99.1638,15.7809],[99.1657,15.7782],[99.1741,15.7826],[99.1782,15.7812],[99.187,15.7836],[99.1902,15.7795],[99.2034,15.7813],[99.2135,15.7798],[99.2166,15.7666],[99.2204,15.7648],[99.2257,15.757],[99.228,15.7529],[99.2276,15.7482],[99.2319,15.7469],[99.2346,15.7478],[99.2386,15.7423],[99.2403,15.7374],[99.2393,15.7322],[99.2435,15.7278],[99.2455,15.7223],[99.2618,15.718],[99.2672,15.7194],[99.2705,15.7168],[99.2768,15.7165],[99.2834,15.7073],[99.2886,15.7038],[99.2903,15.6978],[99.2968,15.6929],[99.3133,15.6939],[99.3211,15.6889],[99.3331,15.6915],[99.3399,15.685],[99.3449,15.686],[99.3494,15.6823],[99.3545,15.6821],[99.3565,15.6784],[99.3604,15.6765],[99.364,15.6688],[99.3678,15.6646],[99.372,15.6636],[99.3672,15.6705],[99.3643,15.6832],[99.3609,15.6865],[99.3545,15.7102],[99.3522,15.7121],[99.3514,15.7088],[99.3527,15.7061],[99.3501,15.7047],[99.3504,15.7001],[99.3488,15.7037],[99.3437,15.7062],[99.3421,15.7125],[99.3434,15.7207],[99.3399,15.7222],[99.3411,15.7246],[99.3436,15.725],[99.3441,15.7286],[99.3396,15.7336],[99.3322,15.735],[99.3304,15.7334],[99.3278,15.7358],[99.3279,15.7392],[99.3137,15.7481],[99.3122,15.7472],[99.3119,15.7356],[99.3095,15.7358],[99.3082,15.7391],[99.3095,15.7457],[99.3054,15.7533],[99.2994,15.7552],[99.2975,15.7579],[99.2987,15.76],[99.2906,15.7617],[99.2952,15.7626],[99.3003,15.7611],[99.3011,15.7581],[99.306,15.7566],[99.3022,15.7642],[99.3032,15.7661],[99.3062,15.7652],[99.3046,15.7696],[99.3062,15.7714],[99.3106,15.7632],[99.3099,15.7585],[99.3126,15.7564],[99.3146,15.7595],[99.3187,15.7612],[99.3196,15.7592],[99.3175,15.7569],[99.3189,15.7556],[99.3204,15.7563],[99.3217,15.7546],[99.3232,15.7569],[99.3262,15.7555],[99.3195,15.7689],[99.3199,15.7703],[99.3245,15.7676],[99.3258,15.7729],[99.3283,15.7699],[99.3283,15.7663],[99.3304,15.7655],[99.3301,15.7621],[99.3363,15.7608],[99.3418,15.7564],[99.3471,15.7509],[99.3488,15.7444],[99.3512,15.7444],[99.3517,15.746],[99.3477,15.7625],[99.3468,15.7739],[99.3448,15.7784],[99.3475,15.7838],[99.3461,15.7855],[99.3478,15.7899],[99.3471,15.7939],[99.3528,15.7983],[99.3467,15.8012],[99.3461,15.8045],[99.3436,15.8053],[99.3411,15.811],[99.3459,15.8182],[99.3314,15.8249],[99.3291,15.8318],[99.3259,15.8332],[99.3261,15.835],[99.3324,15.8368],[99.3311,15.8393],[99.3248,15.8409],[99.3223,15.8398],[99.318,15.843],[99.3143,15.8402],[99.3163,15.8436],[99.3236,15.8459],[99.3282,15.8505],[99.3336,15.8492],[99.337,15.8546],[99.3415,15.8558],[99.3439,15.8595],[99.3416,15.8609],[99.3384,15.859],[99.3337,15.8619],[99.3314,15.861],[99.3288,15.8621],[99.3309,15.8644],[99.3396,15.8638],[99.336,15.8669],[99.3284,15.867],[99.3264,15.8703],[99.3267,15.8733],[99.3242,15.8746],[99.3255,15.8767],[99.3282,15.8768],[99.325,15.88],[99.329,15.8796],[99.3291,15.8843],[99.3246,15.8866],[99.3319,15.887],[99.3349,15.8975],[99.3322,15.8987],[99.3304,15.8957],[99.3298,15.9006],[99.3276,15.9006],[99.3244,15.9057],[99.3223,15.9034],[99.321,15.9053],[99.325,15.9105],[99.3256,15.9151],[99.3311,15.925],[99.331,15.9305],[99.3275,15.936],[99.3284,15.9367],[99.3312,15.9327],[99.3331,15.9383],[99.3318,15.9402],[99.3356,15.9406],[99.3327,15.9511],[99.3375,15.9537],[99.339,15.9574],[99.3366,15.9576],[99.3356,15.9606],[99.338,15.9699],[99.3315,15.9711],[99.3327,15.9739],[99.3309,15.975],[99.3326,15.9761],[99.3334,15.981],[99.3326,15.9899],[99.3358,15.9914],[99.3353,15.9959],[99.3366,15.9972],[99.3355,16.0048],[99.333,16.0086],[99.3359,16.0114],[99.3311,16.015],[99.3377,16.0208],[99.3252,16.0236],[99.3239,16.0253],[99.3276,16.0273],[99.3265,16.0294],[99.3292,16.0342],[99.3322,16.0325],[99.3358,16.0359],[99.3384,16.0356],[99.3373,16.0415],[99.3301,16.0387],[99.3273,16.0476],[99.3202,16.0483],[99.3199,16.053],[99.3184,16.0529],[99.317,16.0556],[99.3145,16.0505],[99.315,16.0394],[99.312,16.0374],[99.3137,16.0343],[99.3092,16.0378],[99.3106,16.0407],[99.309,16.0413],[99.3053,16.0387],[99.3015,16.0269],[99.2996,16.0265],[99.2984,16.0301],[99.2943,16.0247],[99.2875,16.0228],[99.2873,16.0163],[99.2825,16.0139],[99.2824,16.0297],[99.2809,16.033],[99.278,16.0325],[99.2769,16.035],[99.2799,16.0401],[99.2774,16.0424],[99.2759,16.0434],[99.2715,16.0417],[99.2696,16.0363],[99.2604,16.0356],[99.2573,16.0368],[99.2526,16.0347],[99.2536,16.0307],[99.2516,16.0306],[99.2496,16.0329],[99.2459,16.0325],[99.2449,16.0415],[99.2408,16.0387],[99.2399,16.0415],[99.2356,16.0404],[99.2277,16.0421],[99.2266,16.0518],[99.2194,16.06],[99.2164,16.0593],[99.2158,16.0646],[99.2133,16.0646],[99.2136,16.0664],[99.2027,16.0756],[99.2028,16.0779],[99.1991,16.0786],[99.1935,16.0879],[99.1858,16.0927],[99.1734,16.1061],[99.1663,16.1098],[99.1593,16.1073],[99.1452,16.096],[99.1445,16.0908],[99.1365,16.0937],[99.1349,16.093],[99.1338,16.0889],[99.1301,16.0887],[99.1268,16.0944],[99.1201,16.095],[99.1167,16.0895],[99.108,16.0858],[99.1093,16.082],[99.1139,16.0805],[99.1146,16.0766],[99.1174,16.0746],[99.1133,16.0644],[99.1145,16.0604],[99.1086,16.0554],[99.1054,16.0494],[99.0975,16.0478],[99.0872,16.0425],[99.0866,16.0319],[99.0833,16.0223],[99.0822,16.0059],[99.087,15.995],[99.0886,15.9797],[99.0861,15.9724],[99.0819,15.9702],[99.0795,15.964],[99.0746,15.9623],[99.0744,15.9542],[99.0752,15.9515],[99.0799,15.9505],[99.0807,15.9487],[99.0863,15.9481],[99.089,15.9452],[99.0904,15.9375],[99.0945,15.9347],[99.097,15.9305],[99.0957,15.9246],[99.0862,15.9146],[99.0858,15.9],[99.0884,15.8968],[99.0867,15.8867]]]}},{"type":"Feature","properties":{"id":6009652,"name":"\u0e2d\u0e38\u0e17\u0e22\u0e32\u0e19\u0e41\u0e2b\u0e48\u0e07\u0e0a\u0e32\u0e15\u0e34\u0e04\u0e25\u0e2d\u0e07\u0e25\u0e32\u0e19","name_en":"Khlong Lan National Park","boundary":"national_park","protect_class":"2"},"geometry":{"type":"Polygon","coordinates":[[[99.1388,16.1877],[99.1373,16.1893],[99.1392,16.1915],[99.1382,16.1948],[99.1404,16.1974],[99.1429,16.1969],[99.1414,16.1996],[99.1424,16.2024],[99.1477,16.2013],[99.1478,16.2067],[99.1443,16.2122],[99.1458,16.2177],[99.1444,16.2201],[99.1482,16.2235],[99.1492,16.2282],[99.1469,16.2311],[99.1515,16.2319],[99.151,16.2355],[99.1527,16.2391],[99.1546,16.2382],[99.1568,16.2413],[99.1537,16.2424],[99.1529,16.2449],[99.149,16.2451],[99.1486,16.2471],[99.1557,16.254],[99.1528,16.2562],[99.1516,16.2605],[99.154,16.2613],[99.1527,16.2656],[99.1555,16.268],[99.156,16.2714],[99.1599,16.2744],[99.153,16.2801],[99.1463,16.2798],[99.148,16.2838],[99.1427,16.2913],[99.1455,16.2944],[99.1368,16.2972],[99.1384,16.2991],[99.1449,16.3003],[99.1409,16.3067],[99.1426,16.3084],[99.1407,16.3131],[99.1464,16.3107],[99.1467,16.3135],[99.1492,16.3123],[99.1514,16.3161],[99.1581,16.318],[99.1557,16.3206],[99.1493,16.3203],[99.1506,16.3237],[99.157,16.3264],[99.1571,16.3325],[99.1601,16.3332],[99.1613,16.3316],[99.1587,16.3257],[99.1623,16.3253],[99.1654,16.3288],[99.1733,16.3245],[99.1833,16.3252],[99.1818,16.3314],[99.1847,16.3349],[99.1954,16.338],[99.1942,16.3313],[99.1961,16.3309],[99.2003,16.334],[99.2031,16.33],[99.2068,16.3302],[99.2149,16.3361],[99.2164,16.3443],[99.2193,16.3357],[99.2231,16.3342],[99.2232,16.3303],[99.2246,16.3299],[99.2259,16.3332],[99.228,16.333],[99.2269,16.3264],[99.2369,16.3279],[99.2483,16.3251],[99.253,16.3283],[99.2531,16.3306],[99.2616,16.3305],[99.2682,16.3186],[99.2695,16.3098],[99.2651,16.3088],[99.2592,16.3102],[99.2531,16.314],[99.2493,16.304],[99.2498,16.3017],[99.2549,16.2985],[99.2564,16.2883],[99.2623,16.2763],[99.2607,16.2628],[99.2622,16.255],[99.2583,16.2517],[99.2583,16.2432],[99.2616,16.2361],[99.2622,16.2288],[99.2657,16.2225],[99.2646,16.2134],[99.2608,16.2105],[99.2629,16.2021],[99.2676,16.206],[99.2745,16.2007],[99.2739,16.1942],[99.2825,16.1731],[99.2824,16.1647],[99.2846,16.1604],[99.2885,16.1579],[99.2874,16.1469],[99.2896,16.1284],[99.2932,16.1138],[99.2913,16.0922],[99.2954,16.0842],[99.2942,16.0783],[99.3054,16.0769],[99.3107,16.0733],[99.3109,16.0696],[99.3081,16.0629],[99.3012,16.0573],[99.2823,16.0512],[99.2759,16.0434],[99.2715,16.0417],[99.2696,16.0363],[99.2604,16.0356],[99.2573,16.0368],[99.2526,16.0347],[99.2536,16.0307],[99.2516,16.0306],[99.2496,16.0329],[99.2459,16.0325],[99.2449,16.0415],[99.2408,16.0387],[99.2399,16.0415],[99.2356,16.0404],[99.2277,16.0421],[99.2266,16.0518],[99.2194,16.06],[99.2164,16.0593],[99.2158,16.0646],[99.2133,16.0646],[99.2136,16.0664],[99.2027,16.0756],[99.2028,16.0779],[99.1991,16.0786],[99.1935,16.0879],[99.1858,16.0927],[99.1734,16.1061],[99.1663,16.1098],[99.1593,16.1073],[99.1452,16.096],[99.1445,16.0908],[99.1365,16.0937],[99.1349,16.093],[99.1338,16.0889],[99.1301,16.0887],[99.1268,16.0944],[99.1201,16.095],[99.1153,16.1177],[99.1059,16.1233],[99.1096,16.1332],[99.1073,16.1356],[99.1102,16.1362],[99.1094,16.143],[99.1179,16.1581],[99.1313,16.1688],[99.1295,16.1754],[99.1344,16.1756],[99.1342,16.179],[99.1394,16.1811],[99.1388,16.1877]]]}},{"type":"Feature","properties":{"id":6009653,"name":"\u0e2d\u0e38\u0e17\u0e22\u0e32\u0e19\u0e41\u0e2b\u0e48\u0e07\u0e0a\u0e32\u0e15\u0e34\u0e04\u0e25\u0e2d\u0e07\u0e27\u0e31\u0e07\u0e40\u0e08\u0e49\u0e32","name_en":"Khlong Wang Chao National Park","boundary":"national_park","protect_class":"2"},"geometry":{"type":"Polygon","coordinates":[[[99.1571,16.3325],[99.1601,16.3332],[99.1613,16.3316],[99.1587,16.3257],[99.1623,16.3253],[99.1654,16.3288],[99.1733,16.3245],[99.1833,16.3252],[99.1818,16.3314],[99.1847,16.3349],[99.1954,16.338],[99.1942,16.3313],[99.1961,16.3309],[99.2003,16.334],[99.2031,16.33],[99.2068,16.3302],[99.2149,16.3361],[99.2164,16.3443],[99.2193,16.3357],[99.2231,16.3342],[99.2232,16.3303],[99.2246,16.3299],[99.2259,16.3332],[99.228,16.333],[99.2267,16.3275],[99.2277,16.3262],[99.2346,16.328],[99.2483,16.3251],[99.253,16.3283],[99.2531,16.3306],[99.2608,16.3299],[99.2643,16.3313],[99.2704,16.3379],[99.27,16.3409],[99.2713,16.3418],[99.2687,16.346],[99.2712,16.3516],[99.2751,16.3536],[99.2762,16.3598],[99.2712,16.3667],[99.2718,16.3743],[99.2707,16.3763],[99.2683,16.3757],[99.267,16.3781],[99.2696,16.3781],[99.2704,16.3809],[99.2674,16.3808],[99.266,16.382],[99.2665,16.3847],[99.2645,16.3854],[99.2629,16.381],[99.2581,16.3821],[99.2591,16.3843],[99.2574,16.3918],[99.2548,16.3929],[99.2565,16.394],[99.2516,16.4013],[99.2511,16.3966],[99.2456,16.3905],[99.2471,16.3864],[99.2419,16.3865],[99.2424,16.3891],[99.2388,16.3893],[99.239,16.3811],[99.2359,16.3834],[99.2371,16.3883],[99.2344,16.3894],[99.2338,16.3915],[99.2299,16.3894],[99.2286,16.3905],[99.2235,16.3893],[99.22,16.3805],[99.2199,16.3838],[99.2164,16.3844],[99.2185,16.3886],[99.214,16.3903],[99.219,16.3926],[99.2036,16.4252],[99.2075,16.4276],[99.2067,16.4316],[99.2114,16.439],[99.217,16.4413],[99.2199,16.4442],[99.2202,16.4479],[99.2244,16.4512],[99.2149,16.4622],[99.2107,16.4642],[99.2062,16.4881],[99.2072,16.496],[99.2034,16.4973],[99.2013,16.511],[99.1992,16.5124],[99.1973,16.5094],[99.1973,16.5138],[99.1932,16.512],[99.192,16.5134],[99.191,16.5104],[99.1887,16.5103],[99.1881,16.5128],[99.1856,16.511],[99.185,16.514],[99.1797,16.5156],[99.1674,16.5105],[99.1674,16.516],[99.1715,16.5318],[99.1718,16.5456],[99.17,16.55],[99.1737,16.5559],[99.1759,16.557],[99.1773,16.5653],[99.1757,16.567],[99.1772,16.5707],[99.1721,16.5699],[99.1683,16.5666],[99.1666,16.5694],[99.1654,16.5684],[99.1665,16.5649],[99.1644,16.5658],[99.1614,16.5729],[99.1584,16.5739],[99.1569,16.5716],[99.1511,16.5746],[99.1466,16.5816],[99.1416,16.5785],[99.1408,16.5761],[99.1335,16.5729],[99.1209,16.5574],[99.1132,16.565],[99.1099,16.563],[99.1092,16.5644],[99.1069,16.5637],[99.104,16.5604],[99.1014,16.5612],[99.1002,16.5651],[99.0947,16.5662],[99.0949,16.5674],[99.092,16.5664],[99.0911,16.5684],[99.0854,16.5687],[99.084,16.571],[99.0818,16.5714],[99.0822,16.5683],[99.0793,16.5687],[99.0764,16.5662],[99.0745,16.5614],[99.0709,16.5636],[99.0649,16.5606],[99.0592,16.5601],[99.0502,16.5529],[99.0408,16.5497],[99.0407,16.5481],[99.0368,16.5484],[99.0264,16.5428],[99.0297,16.5399],[99.0299,16.5339],[99.0323,16.5328],[99.0271,16.5288],[99.0258,16.5247],[99.0209,16.5203],[99.0242,16.5156],[99.0225,16.507],[99.0259,16.5011],[99.0258,16.4985],[99.0345,16.4917],[99.0374,16.4859],[99.0333,16.476],[99.0301,16.4733],[99.028,16.4755],[99.0235,16.4742],[99.0191,16.476],[99.0197,16.4791],[99.0139,16.4818],[99.011,16.49],[99.0024,16.4992],[99.0,16.4995],[98.9893,16.494],[98.9864,16.4885],[98.988,16.4829],[98.9881,16.4727],[98.994,16.4652],[98.9965,16.4535],[98.9997,16.4512],[99.0062,16.4504],[99.0075,16.4478],[99.0129,16.4477],[99.0165,16.4442],[99.0175,16.4388],[99.022,16.4318],[99.0234,16.4235],[99.0223,16.4202],[99.0198,16.4184],[99.0194,16.3925],[99.0166,16.3863],[99.022,16.3822],[99.0316,16.385],[99.0358,16.384],[99.0419,16.3749],[99.0408,16.3688],[99.043,16.3643],[99.0418,16.3569],[99.0448,16.3537],[99.0415,16.3437],[99.0431,16.3382],[99.0513,16.335],[99.052,16.3237],[99.0531,16.3231],[99.0502,16.316],[99.0534,16.309],[99.0509,16.3042],[99.0443,16.2998],[99.0421,16.2923],[99.0467,16.2824],[99.0454,16.2763],[99.0477,16.2703],[99.0482,16.2616],[99.0497,16.2576],[99.0533,16.255],[99.0549,16.2469],[99.0642,16.2409],[99.065,16.236],[99.0723,16.2294],[99.074,16.2224],[99.0791,16.2191],[99.0804,16.2147],[99.0805,16.2024],[99.0737,16.1968],[99.0734,16.1876],[99.0702,16.182],[99.0682,16.1656],[99.0561,16.1648],[99.0554,16.163],[99.0508,16.1612],[99.0492,16.1444],[99.0508,16.1421],[99.0501,16.1379],[99.0533,16.1348],[99.0687,16.1323],[99.0749,16.127],[99.0806,16.1248],[99.0832,16.1147],[99.0896,16.1147],[99.0944,16.1026],[99.1066,16.1022],[99.109,16.0926],[99.1063,16.0877],[99.108,16.0858],[99.1167,16.0895],[99.1201,16.095],[99.1153,16.1177],[99.1059,16.1233],[99.1096,16.1332],[99.1073,16.1356],[99.1102,16.1362],[99.1094,16.143],[99.1179,16.1581],[99.1313,16.1688],[99.1295,16.1754],[99.1344,16.1756],[99.1342,16.179],[99.1394,16.1811],[99.1397,16.1848],[99.1373,16.1893],[99.1392,16.1915],[99.1382,16.1948],[99.1404,16.1974],[99.1429,16.1969],[99.1414,16.1996],[99.1428,16.2027],[99.1477,16.2013],[99.1478,16.2067],[99.1443,16.2122],[99.1458,16.2177],[99.1444,16.2201],[99.1482,16.2235],[99.1492,16.2282],[99.1469,16.2311],[99.1515,16.2319],[99.151,16.2355],[99.1527,16.2391],[99.1546,16.2382],[99.1568,16.2413],[99.1537,16.2424],[99.1529,16.2449],[99.149,16.2451],[99.1486,16.2471],[99.1557,16.254],[99.1528,16.2562],[99.1516,16.2605],[99.154,16.2613],[99.1527,16.2656],[99.1555,16.268],[99.156,16.2714],[99.1595,16.2736],[99.1597,16.2758],[99.153,16.2801],[99.1463,16.2798],[99.148,16.2838],[99.1427,16.2913],[99.1455,16.2944],[99.1368,16.2972],[99.1384,16.2991],[99.1449,16.3003],[99.1409,16.3067],[99.1426,16.3084],[99.1407,16.3131],[99.1464,16.3107],[99.1467,16.3135],[99.1492,16.3123],[99.1514,16.3161],[99.1581,16.318],[99.1557,16.3206],[99.1493,16.3203],[99.1506,16.3237],[99.157,16.3264],[99.1571,16.3325]]]}},{"type":"Feature","properties":{"id":6009654,"name":"\u0e2d\u0e38\u0e17\u0e22\u0e32\u0e19\u0e41\u0e2b\u0e48\u0e07\u0e0a\u0e32\u0e15\u0e34\u0e02\u0e38\u0e19\u0e19\u0e48\u0e32\u0e19","name_en":"Khun Nan National Park","boundary":"national_park","protect_class":"2"},"geometry":{"type":"Polygon","coordinates":[[[101.2498,19.2447],[101.2553,19.2343],[101.2595,19.2308],[101.2538,19.2201],[101.2536,19.2108],[101.2504,19.2059],[101.2526,19.1976],[101.2519,19.1906],[101.245,19.1812],[101.2486,19.1745],[101.2532,19.1702],[101.2545,19.154],[101.2579,19.1496],[101.2586,19.1397],[101.2542,19.1315],[101.2567,19.1245],[101.2595,19.1242],[101.2662,19.1172],[101.2716,19.114],[101.2843,19.1105],[101.2889,19.1046],[101.2937,19.104],[101.2982,19.0971],[101.2968,19.0947],[101.3164,19.0797],[101.3201,19.081],[101.3253,19.0802],[101.3266,19.0729],[101.3324,19.0716],[101.3329,19.0678],[101.3383,19.0706],[101.3402,19.0699],[101.3441,19.0619],[101.3476,19.0593],[101.3506,19.0519],[101.3572,19.0502],[101.3543,19.0488],[101.3552,19.0456],[101.3487,19.0362],[101.3454,19.0258],[101.3404,19.0211],[101.3398,19.0105],[101.3355,19.004],[101.3132,19.0017],[101.311,19.0028],[101.3081,18.9991],[101.3015,18.9972],[101.2964,18.9932],[101.2909,18.9941],[101.2851,18.9989],[101.2825,18.9991],[101.274,19.011],[101.2522,19.0242],[101.2481,19.0193],[101.2484,19.0161],[101.2462,19.0135],[101.245,19.0075],[101.2419,19.0057],[101.2353,19.0077],[101.2308,19.0045],[101.2203,19.0057],[101.2255,19.0175],[101.2248,19.0231],[101.2218,19.0222],[101.2171,19.0276],[101.2037,19.0335],[101.2028,19.0377],[101.2042,19.0483],[101.1971,19.0443],[101.194,19.0466],[101.1872,19.0417],[101.1823,19.0428],[101.1799,19.0484],[101.1784,19.0489],[101.1769,19.0455],[101.1752,19.0456],[101.174,19.0498],[101.1791,19.0513],[101.1749,19.0517],[101.1721,19.054],[101.1766,19.0545],[101.1785,19.0588],[101.1862,19.0643],[101.194,19.0671],[101.1977,19.0636],[101.2007,19.0655],[101.2314,19.0689],[101.2256,19.077],[101.2218,19.0881],[101.2125,19.0994],[101.2125,19.1026],[101.2074,19.1045],[101.2071,19.1123],[101.2053,19.1153],[101.2034,19.1105],[101.2007,19.1084],[101.2015,19.0872],[101.1933,19.0824],[101.1928,19.0798],[101.1957,19.08],[101.1987,19.0744],[101.1849,19.0691],[101.1826,19.0694],[101.1648,19.087],[101.1687,19.0907],[101.1685,19.0985],[101.1549,19.1138],[101.1579,19.1158],[101.1556,19.1184],[101.1594,19.1416],[101.1598,19.1477],[101.1581,19.1507],[101.161,19.1522],[101.1606,19.1571],[101.1629,19.1612],[101.17,19.1689],[101.1723,19.1679],[101.1664,19.1559],[101.1704,19.1531],[101.1775,19.1601],[101.1798,19.1597],[101.1866,19.1495],[101.1914,19.1516],[101.1918,19.1538],[101.1868,19.1618],[101.1873,19.1661],[101.1855,19.1676],[101.1876,19.1746],[101.1854,19.1765],[101.1923,19.1791],[101.1995,19.1844],[101.1993,19.179],[101.1971,19.1787],[101.1979,19.1694],[101.1958,19.1656],[101.1981,19.1513],[101.2167,19.1574],[101.2235,19.1571],[101.2245,19.1595],[101.2192,19.1796],[101.2195,19.2002],[101.2156,19.2023],[101.2166,19.2041],[101.2233,19.207],[101.2238,19.2109],[101.2286,19.2186],[101.2299,19.2174],[101.2358,19.2227],[101.2373,19.2297],[101.2355,19.2437],[101.2498,19.2447]]]}},{"type":"Feature","properties":{"id":6009655,"name":"\u0e2d\u0e38\u0e17\u0e22\u0e32\u0e19\u0e41\u0e2b\u0e48\u0e07\u0e0a\u0e32\u0e15\u0e34\u0e41\u0e21\u0e48\u0e08\u0e23\u0e34\u0e21","name_en":"Mae Charim National Park","boundary":"national_park","protect_class":"2"},"geometry":{"type":"Polygon","coordinates":[[[100.9947,18.4605],[100.9926,18.4576],[100.9901,18.4591],[100.9896,18.4565],[100.9867,18.458],[100.9849,18.4558],[100.982,18.4578],[100.9801,18.4549],[100.9771,18.4561],[100.9763,18.4538],[100.9738,18.4549],[100.9725,18.4525],[100.9699,18.4545],[100.9691,18.4522],[100.9617,18.4545],[100.9617,18.4532],[100.9549,18.4613],[100.9557,18.4654],[100.954,18.4697],[100.959,18.477],[100.9581,18.4827],[100.9711,18.4864],[100.9699,18.4896],[100.9636,18.4911],[100.9599,18.4956],[100.9612,18.5041],[100.9667,18.5061],[100.9612,18.5075],[100.9598,18.514],[100.954,18.522],[100.9569,18.5359],[100.9657,18.5343],[100.9667,18.5368],[100.9586,18.5445],[100.9649,18.5428],[100.966,18.5484],[100.96,18.5495],[100.9538,18.5611],[100.9545,18.5631],[100.9577,18.5626],[100.9559,18.567],[100.9591,18.573],[100.9536,18.5843],[100.9588,18.5908],[100.9779,18.5999],[100.9822,18.6069],[100.9797,18.614],[100.9858,18.6125],[100.9875,18.6066],[101.0038,18.6051],[101.0068,18.602],[101.0141,18.6013],[101.0158,18.6102],[101.0202,18.6138],[101.0233,18.613],[101.0252,18.6182],[101.0291,18.621],[101.034,18.6178],[101.0349,18.6226],[101.0388,18.6231],[101.0375,18.6265],[101.0411,18.628],[101.0456,18.6165],[101.0487,18.6207],[101.0473,18.6259],[101.0545,18.632],[101.058,18.6325],[101.0594,18.6349],[101.0639,18.6352],[101.0637,18.6385],[101.0654,18.6408],[101.07,18.6403],[101.0717,18.6434],[101.0757,18.6409],[101.0781,18.6421],[101.0818,18.637],[101.0839,18.6375],[101.0834,18.6434],[101.0898,18.6473],[101.0992,18.6478],[101.1038,18.6536],[101.1093,18.652],[101.1115,18.6477],[101.1162,18.6493],[101.1191,18.6472],[101.1229,18.6517],[101.1248,18.6487],[101.1269,18.6501],[101.1267,18.6582],[101.1309,18.6595],[101.1343,18.657],[101.1356,18.6613],[101.1384,18.6613],[101.1406,18.6638],[101.1428,18.6634],[101.1509,18.6716],[101.159,18.6755],[101.1613,18.673],[101.1691,18.674],[101.1691,18.678],[101.1722,18.6823],[101.1762,18.6816],[101.1779,18.6832],[101.1808,18.6807],[101.1828,18.6834],[101.185,18.6807],[101.1902,18.6811],[101.1919,18.6789],[101.1939,18.6794],[101.1928,18.6826],[101.1949,18.6879],[101.1971,18.6902],[101.1999,18.6906],[101.2023,18.6946],[101.2018,18.6994],[101.2112,18.7012],[101.2128,18.704],[101.2163,18.7009],[101.2185,18.7025],[101.2198,18.707],[101.2226,18.7081],[101.2294,18.7079],[101.2351,18.7115],[101.2447,18.712],[101.2493,18.7101],[101.2531,18.7059],[101.2571,18.7058],[101.2617,18.6999],[101.2676,18.6983],[101.2727,18.6886],[101.2675,18.6866],[101.2658,18.6825],[101.2592,18.6783],[101.2576,18.6684],[101.2537,18.6657],[101.2492,18.6561],[101.2416,18.6513],[101.2417,18.6394],[101.2347,18.635],[101.2254,18.6238],[101.2191,18.6244],[101.2124,18.6187],[101.2023,18.6179],[101.1962,18.6153],[101.1906,18.6155],[101.1819,18.6122],[101.1791,18.6048],[101.182,18.6022],[101.1798,18.588],[101.1826,18.5867],[101.1868,18.5796],[101.1847,18.5713],[101.1817,18.5683],[101.1833,18.5605],[101.179,18.5582],[101.1739,18.5598],[101.1703,18.5565],[101.1664,18.557],[101.1602,18.5544],[101.1576,18.5554],[101.1485,18.5524],[101.1483,18.5419],[101.1419,18.5379],[101.142,18.535],[101.1394,18.5325],[101.1386,18.5283],[101.1278,18.5245],[101.117,18.5276],[101.1088,18.5256],[101.1036,18.5215],[101.0986,18.5106],[101.0982,18.5027],[101.0915,18.4992],[101.0911,18.4914],[101.0939,18.4834],[101.0929,18.4786],[101.0829,18.4756],[101.0711,18.4792],[101.0674,18.4748],[101.0668,18.4716],[101.0611,18.4753],[101.0609,18.4737],[101.0574,18.4747],[101.0582,18.4737],[101.0555,18.4721],[101.0518,18.4724],[101.0519,18.4704],[101.0482,18.4712],[101.0482,18.4751],[101.045,18.4751],[101.0441,18.4772],[101.0437,18.476],[101.0362,18.4769],[101.0329,18.4749],[101.0301,18.4765],[101.0277,18.4744],[101.0266,18.4758],[101.0251,18.4689],[101.0213,18.4709],[101.0203,18.4668],[101.0176,18.4673],[101.0167,18.4655],[101.0118,18.4671],[101.0075,18.4622],[101.0062,18.4618],[101.0053,18.4635],[101.0031,18.4629],[101.0032,18.4612],[101.0011,18.4633],[100.9992,18.4631],[100.9982,18.4615],[100.9952,18.4619],[100.9957,18.4596],[100.9947,18.4605]],[[101.0405,18.5414],[101.0419,18.5511],[101.0288,18.5602],[101.0309,18.567],[101.0514,18.561],[101.0637,18.5604],[101.0692,18.5563],[101.0691,18.5447],[101.0529,18.5306],[101.0405,18.5414]]]}},{"type":"Feature","properties":{"id":6009656,"name":"\u0e2d\u0e38\u0e17\u0e22\u0e32\u0e19\u0e41\u0e2b\u0e48\u0e07\u0e0a\u0e32\u0e15\u0e34\u0e41\u0e21\u0e48\u0e22\u0e21","name_en":"Mae Yom National Park","boundary":"national_park","protect_class":"2"},"geometry":{"type":"Polygon","coordinates":[[[100.1706,18.826],[100.1732,18.8267],[100.1748,18.8292],[100.1853,18.8287],[100.1857,18.822],[100.1886,18.8183],[100.1962,18.8144],[100.2044,18.8159],[100.2094,18.8192],[100.2159,18.8184],[100.2193,18.8218],[100.2218,18.8209],[100.226,18.8255],[100.2331,18.8237],[100.2361,18.8273],[100.2392,18.8243],[100.2392,18.8203],[100.2414,18.8195],[100.2494,18.8227],[100.2555,18.819],[100.2577,18.8211],[100.2632,18.819],[100.2681,18.8201],[100.2718,18.8186],[100.2783,18.821],[100.2932,18.8175],[100.302,18.8185],[100.3128,18.8101],[100.3187,18.8119],[100.3261,18.8107],[100.3305,18.8133],[100.3332,18.8122],[100.3384,18.8132],[100.3404,18.806],[100.336,18.795],[100.337,18.787],[100.3418,18.7846],[100.3468,18.7864],[100.356,18.7846],[100.3623,18.778],[100.359,18.7719],[100.3612,18.7675],[100.3573,18.7612],[100.3581,18.7508],[100.3654,18.7459],[100.3693,18.7452],[100.3741,18.7408],[100.3839,18.7391],[100.3907,18.7411],[100.3914,18.7394],[100.3874,18.7318],[100.3885,18.7276],[100.3801,18.7254],[100.3806,18.7243],[100.3778,18.7229],[100.3764,18.7171],[100.3709,18.7099],[100.3678,18.7101],[100.3637,18.7076],[100.3639,18.7038],[100.3618,18.7007],[100.3577,18.7004],[100.3577,18.6962],[100.347,18.6886],[100.341,18.6891],[100.3386,18.6875],[100.3345,18.6896],[100.3267,18.6898],[100.3186,18.6832],[100.2992,18.6912],[100.2867,18.6933],[100.2777,18.6886],[100.2735,18.6883],[100.2598,18.678],[100.2556,18.6767],[100.2366,18.6784],[100.2301,18.6755],[100.2166,18.6758],[100.2152,18.6684],[100.2229,18.6627],[100.2208,18.659],[100.2158,18.6567],[100.2203,18.6412],[100.2188,18.6336],[100.2142,18.6297],[100.2159,18.6255],[100.2142,18.6209],[100.2078,18.6176],[100.2012,18.6196],[100.1958,18.613],[100.1852,18.615],[100.1658,18.6097],[100.159,18.612],[100.1532,18.605],[100.1511,18.6045],[100.1488,18.6161],[100.1458,18.6193],[100.1239,18.6189],[100.1196,18.6231],[100.0918,18.6189],[100.08,18.6288],[100.0761,18.6273],[100.0715,18.6311],[100.0713,18.6353],[100.0762,18.6398],[100.0722,18.6486],[100.0758,18.6559],[100.0847,18.6607],[100.088,18.6567],[100.101,18.6503],[100.1044,18.6496],[100.1065,18.6516],[100.1049,18.6632],[100.1083,18.6657],[100.1113,18.6721],[100.1089,18.6763],[100.1097,18.6801],[100.104,18.688],[100.1047,18.6901],[100.1084,18.6909],[100.1086,18.6979],[100.1076,18.7034],[100.1029,18.7047],[100.1027,18.7115],[100.1002,18.7153],[100.1015,18.7228],[100.0987,18.7241],[100.0963,18.7301],[100.0976,18.7346],[100.1016,18.7376],[100.1003,18.7521],[100.1073,18.7565],[100.1067,18.76],[100.1083,18.7622],[100.1158,18.7655],[100.1145,18.7764],[100.1193,18.7812],[100.1228,18.7818],[100.126,18.7866],[100.1215,18.7979],[100.1155,18.7999],[100.1163,18.8037],[100.1136,18.8078],[100.1167,18.8189],[100.1244,18.8191],[100.1334,18.8171],[100.1387,18.8239],[100.1446,18.8245],[100.1464,18.8275],[100.1491,18.8273],[100.1537,18.8301],[100.1533,18.8329],[100.1584,18.8349],[100.1696,18.8253],[100.1706,18.826]],[[100.2781,18.7666],[100.2849,18.7793],[100.289,18.7788],[100.3058,18.7869],[100.3093,18.7818],[100.3147,18.7827],[100.3124,18.7744],[100.3175,18.7764],[100.3225,18.7756],[100.3228,18.7741],[100.3184,18.7741],[100.3141,18.7719],[100.3127,18.7657],[100.3132,18.7634],[100.3148,18.7632],[100.3198,18.7662],[100.3236,18.7667],[100.3172,18.7617],[100.3228,18.7569],[100.3181,18.7513],[100.3189,18.7485],[100.327,18.7538],[100.3236,18.7492],[100.3235,18.7464],[100.3188,18.7441],[100.3214,18.7376],[100.3208,18.7333],[100.3183,18.7305],[100.3124,18.7297],[100.3116,18.7316],[100.314,18.7314],[100.3161,18.7335],[100.3113,18.7353],[100.3091,18.7343],[100.3065,18.7362],[100.3017,18.7487],[100.2996,18.7496],[100.297,18.7587],[100.2843,18.7612],[100.2781,18.765],[100.2781,18.7666]]]}},{"type":"Feature","properties":{"id":6009657,"name":"\u0e2d\u0e38\u0e17\u0e22\u0e32\u0e19\u0e41\u0e2b\u0e48\u0e07\u0e0a\u0e32\u0e15\u0e34\u0e19\u0e49\u0e33\u0e2b\u0e19\u0e32\u0e27","name_en":"Nam Nao National Park","boundary":"national_park","protect_class":"2"},"geometry":{"type":"Polygon","coordinates":[[[101.5127,16.556],[101.5124,16.5548],[101.515,16.5556],[101.5148,16.5519],[101.5173,16.5527],[101.517,16.5508],[101.5195,16.5498],[101.5186,16.5477],[101.5169,16.548],[101.5149,16.5457],[101.5154,16.5428],[101.5096,16.5425],[101.5082,16.5448],[101.5064,16.543],[101.5034,16.5458],[101.5021,16.5407],[101.5046,16.5424],[101.5051,16.5391],[101.5029,16.5394],[101.5009,16.5366],[101.5004,16.5387],[101.4972,16.5378],[101.496,16.5396],[101.4939,16.5375],[101.4951,16.5358],[101.4939,16.5324],[101.4895,16.5331],[101.4903,16.5309],[101.4886,16.5318],[101.4833,16.5279],[101.4831,16.5243],[101.4801,16.5274],[101.4807,16.5253],[101.4778,16.5241],[101.4748,16.5302],[101.4721,16.529],[101.4713,16.5236],[101.467,16.5203],[101.4651,16.5227],[101.4643,16.5207],[101.4628,16.5221],[101.4605,16.519],[101.4583,16.5188],[101.4582,16.5166],[101.4555,16.5177],[101.4547,16.516],[101.4499,16.5196],[101.4481,16.5167],[101.4449,16.5182],[101.4453,16.5155],[101.4438,16.5152],[101.4415,16.5184],[101.4393,16.5156],[101.4415,16.5131],[101.4396,16.5094],[101.4357,16.5103],[101.4304,16.5052],[101.4282,16.5053],[101.4239,16.5019],[101.4185,16.5039],[101.4128,16.5147],[101.4109,16.5226],[101.4118,16.5311],[101.399,16.5422],[101.3982,16.5465],[101.4048,16.5617],[101.4055,16.5666],[101.4116,16.5747],[101.4165,16.5764],[101.4225,16.5844],[101.4185,16.5888],[101.4086,16.59],[101.4079,16.5995],[101.4112,16.6048],[101.419,16.6109],[101.4204,16.6159],[101.4279,16.624],[101.4312,16.6353],[101.4401,16.6438],[101.436,16.6608],[101.4321,16.6646],[101.4255,16.6663],[101.413,16.6592],[101.4081,16.6619],[101.4021,16.6574],[101.3896,16.6611],[101.3905,16.6684],[101.3795,16.6851],[101.3733,16.6857],[101.374,16.6891],[101.3676,16.6968],[101.3803,16.709],[101.3848,16.7166],[101.3883,16.7136],[101.3935,16.7157],[101.3956,16.7147],[101.3966,16.7169],[101.3987,16.7172],[101.4027,16.7147],[101.4036,16.7165],[101.4122,16.7202],[101.4144,16.7181],[101.4161,16.7186],[101.4168,16.7173],[101.4143,16.7155],[101.4158,16.7144],[101.4241,16.7168],[101.4236,16.7182],[101.4261,16.7192],[101.4297,16.7145],[101.4329,16.7131],[101.4367,16.7161],[101.44,16.7151],[101.4428,16.7181],[101.4423,16.72],[101.4458,16.7201],[101.447,16.725],[101.4482,16.7247],[101.4467,16.7272],[101.4513,16.74],[101.4545,16.7396],[101.4559,16.7411],[101.4599,16.7383],[101.4645,16.7404],[101.468,16.7441],[101.4752,16.7453],[101.4823,16.7662],[101.4833,16.7926],[101.4792,16.8092],[101.4797,16.8156],[101.4755,16.8194],[101.4749,16.8236],[101.4694,16.8265],[101.4664,16.8254],[101.4658,16.8273],[101.4631,16.8252],[101.4625,16.8277],[101.4584,16.829],[101.4569,16.8313],[101.4548,16.8291],[101.4523,16.8295],[101.4507,16.8265],[101.4466,16.8277],[101.4423,16.8235],[101.4367,16.8264],[101.4339,16.8231],[101.435,16.82],[101.4328,16.8185],[101.4344,16.8168],[101.4295,16.8056],[101.4243,16.8011],[101.4218,16.8029],[101.4236,16.8052],[101.423,16.8069],[101.4186,16.805],[101.4192,16.8028],[101.4147,16.8007],[101.4125,16.8058],[101.4176,16.8082],[101.4123,16.8099],[101.417,16.8109],[101.4168,16.813],[101.414,16.8142],[101.4075,16.8113],[101.4122,16.8182],[101.4095,16.8191],[101.4051,16.8136],[101.4017,16.818],[101.3983,16.8158],[101.4013,16.8226],[101.3947,16.8227],[101.3934,16.8267],[101.3891,16.8253],[101.3901,16.828],[101.3881,16.8289],[101.3906,16.8328],[101.3878,16.8361],[101.3896,16.8415],[101.3885,16.8461],[101.3898,16.8519],[101.3915,16.8547],[101.3983,16.858],[101.4021,16.8638],[101.4085,16.868],[101.4067,16.8718],[101.4094,16.8786],[101.4055,16.8924],[101.4081,16.9021],[101.416,16.905],[101.4187,16.9114],[101.435,16.9155],[101.4486,16.9069],[101.456,16.9051],[101.4604,16.8994],[101.4643,16.8991],[101.4749,16.9077],[101.4769,16.9172],[101.4754,16.9299],[101.4793,16.9364],[101.4907,16.9417],[101.4928,16.9456],[101.4969,16.9442],[101.4977,16.9489],[101.5033,16.9461],[101.51,16.9513],[101.5148,16.9465],[101.5193,16.9502],[101.5246,16.9502],[101.5383,16.9594],[101.5469,16.9567],[101.5546,16.9581],[101.5611,16.946],[101.5714,16.9348],[101.5701,16.9274],[101.5754,16.9173],[101.5744,16.9084],[101.5774,16.9039],[101.5901,16.8975],[101.5954,16.8784],[101.6035,16.8667],[101.6,16.8554],[101.5934,16.8583],[101.5885,16.8558],[101.5772,16.8594],[101.5737,16.8494],[101.5789,16.843],[101.574,16.8314],[101.577,16.8213],[101.577,16.8159],[101.5854,16.8178],[101.5866,16.797],[101.596,16.7827],[101.5988,16.7727],[101.6038,16.7662],[101.6052,16.7592],[101.6116,16.7484],[101.6187,16.7495],[101.6209,16.7436],[101.6289,16.7411],[101.6347,16.7249],[101.6434,16.7265],[101.6559,16.7154],[101.6673,16.7176],[101.6812,16.7128],[101.6816,16.7109],[101.7049,16.7045],[101.7054,16.7001],[101.7147,16.695],[101.7176,16.6949],[101.7197,16.6921],[101.7196,16.6892],[101.7227,16.6865],[101.7255,16.6865],[101.7285,16.6819],[101.7284,16.6759],[101.7345,16.6737],[101.7349,16.6643],[101.7377,16.662],[101.7355,16.6592],[101.7309,16.6577],[101.7315,16.6529],[101.7247,16.652],[101.7159,16.6457],[101.7185,16.6455],[101.7179,16.6397],[101.7221,16.6408],[101.7233,16.6389],[101.7225,16.6363],[101.7199,16.6354],[101.7222,16.6341],[101.7221,16.6275],[101.7197,16.6252],[101.7203,16.623],[101.7188,16.6238],[101.72,16.6207],[101.7186,16.6213],[101.7107,16.6092],[101.7054,16.5978],[101.7042,16.5839],[101.6932,16.5738],[101.6864,16.5737],[101.686,16.565],[101.6393,16.5651],[101.6394,16.574],[101.6207,16.5744],[101.6213,16.6462],[101.5926,16.6468],[101.593,16.5837],[101.5629,16.5841],[101.5617,16.5783],[101.5586,16.5744],[101.5632,16.5705],[101.5626,16.5647],[101.5578,16.5649],[101.5563,16.5626],[101.5541,16.5648],[101.5515,16.5611],[101.5518,16.5588],[101.5484,16.5588],[101.5495,16.5565],[101.5438,16.557],[101.5406,16.5557],[101.5391,16.5586],[101.5351,16.5561],[101.5314,16.5594],[101.5299,16.5575],[101.5159,16.5582],[101.5127,16.556]]]}},{"type":"Feature","properties":{"id":6009658,"name":"\u0e2d\u0e38\u0e17\u0e22\u0e32\u0e19\u0e41\u0e2b\u0e48\u0e07\u0e0a\u0e32\u0e15\u0e34\u0e20\u0e39\u0e2a\u0e2d\u0e22\u0e14\u0e32\u0e27","name_en":"Phu Soi Dao National Park","boundary":"national_park","protect_class":"2"},"geometry":{"type":"Polygon","coordinates":[[[100.9271,17.5702],[100.9245,17.5731],[100.9166,17.5768],[100.9189,17.58],[100.9182,17.5815],[100.9238,17.5916],[100.9323,17.5994],[100.9403,17.6124],[100.9482,17.6193],[100.9534,17.6203],[100.9498,17.6256],[100.9355,17.6278],[100.923,17.6153],[100.9135,17.6128],[100.9083,17.6081],[100.9057,17.6033],[100.899,17.6053],[100.8968,17.6033],[100.8962,17.6087],[100.903,17.6165],[100.9026,17.6199],[100.9072,17.6224],[100.9062,17.628],[100.9072,17.6313],[100.9094,17.6325],[100.9102,17.6385],[100.9193,17.6478],[100.9293,17.6526],[100.9299,17.6593],[100.936,17.6644],[100.9368,17.6716],[100.9339,17.6843],[100.9269,17.6901],[100.9211,17.6984],[100.9105,17.6995],[100.9035,17.6928],[100.9054,17.6867],[100.9033,17.6855],[100.8951,17.6917],[100.8952,17.6964],[100.8937,17.6981],[100.8853,17.6975],[100.8809,17.703],[100.8809,17.7105],[100.8739,17.7193],[100.877,17.7241],[100.8759,17.7274],[100.8916,17.7378],[100.8926,17.745],[100.9008,17.7452],[100.9032,17.7567],[100.9078,17.7605],[100.9094,17.7544],[100.9071,17.7421],[100.9104,17.7366],[100.9135,17.7369],[100.9113,17.7494],[100.9243,17.7478],[100.9282,17.7496],[100.9294,17.7428],[100.9327,17.7412],[100.9416,17.7431],[100.9485,17.7399],[100.9525,17.7525],[100.9523,17.758],[100.9602,17.7808],[100.9594,17.7914],[100.9644,17.7999],[100.9627,17.8039],[100.9649,17.8072],[100.9622,17.8125],[100.9674,17.817],[100.9674,17.8237],[100.9776,17.8478],[100.9731,17.8558],[100.9921,17.8668],[100.9973,17.8676],[101.002,17.8642],[101.0028,17.8684],[100.9943,17.8708],[101.004,17.8778],[100.9976,17.8804],[100.9877,17.8815],[100.9862,17.8852],[100.9924,17.8928],[100.9957,17.9103],[101.0009,17.9132],[101.0125,17.9303],[101.0147,17.9419],[101.0178,17.9465],[101.0195,17.9467],[101.0214,17.9514],[101.0204,17.954],[101.0305,17.9558],[101.0302,17.9499],[101.0331,17.9498],[101.035,17.9672],[101.0385,17.9709],[101.0452,17.9713],[101.047,17.9799],[101.0422,17.9837],[101.0396,17.9813],[101.0384,17.9868],[101.0468,18.0033],[101.0469,18.0072],[101.0525,18.012],[101.0567,18.0124],[101.0624,18.0021],[101.0596,17.9977],[101.0625,17.9913],[101.0659,17.9907],[101.0686,17.979],[101.0671,17.9771],[101.072,17.9681],[101.0722,17.9633],[101.0674,17.9579],[101.0637,17.9486],[101.0617,17.9486],[101.0602,17.9523],[101.0486,17.9473],[101.0474,17.9448],[101.0563,17.9392],[101.0658,17.9358],[101.068,17.9369],[101.0748,17.927],[101.0792,17.9342],[101.0748,17.9347],[101.0748,17.9433],[101.0779,17.9445],[101.0812,17.9525],[101.0797,17.9552],[101.0817,17.9565],[101.0817,17.9627],[101.0792,17.9624],[101.0762,17.9667],[101.0802,17.9683],[101.0813,17.9758],[101.0844,17.9771],[101.0897,17.9747],[101.0946,17.9775],[101.092,17.9835],[101.0954,17.9919],[101.1039,17.9947],[101.107,17.9923],[101.1122,18.0068],[101.1141,18.0081],[101.119,18.0199],[101.129,18.0306],[101.1333,18.0461],[101.1301,18.0486],[101.1284,18.0542],[101.1321,18.0621],[101.1366,18.0645],[101.1365,18.0673],[101.1407,18.0709],[101.1429,18.0801],[101.1472,18.0849],[101.152,18.0859],[101.1521,18.0924],[101.1543,18.095],[101.1546,18.0987],[101.1607,18.0996],[101.1651,18.1039],[101.1743,18.0894],[101.172,18.0863],[101.1731,18.0754],[101.1758,18.0714],[101.1799,18.0712],[101.184,18.0651],[101.1755,18.053],[101.1772,18.0505],[101.1714,18.0451],[101.1606,18.0299],[101.1593,18.0298],[101.1552,18.0375],[101.1511,18.037],[101.145,18.0293],[101.1409,18.0273],[101.1391,18.0203],[101.1336,18.0151],[101.1291,18.0059],[101.1216,18.0001],[101.1174,17.9759],[101.1188,17.9733],[101.1173,17.9705],[101.1145,17.9722],[101.1171,17.9637],[101.1161,17.9586],[101.1175,17.952],[101.1023,17.9456],[101.099,17.94],[101.0943,17.9359],[101.0955,17.9319],[101.09,17.9292],[101.0886,17.9253],[101.0772,17.9238],[101.0748,17.9212],[101.0717,17.9206],[101.0702,17.9138],[101.066,17.9141],[101.0642,17.9168],[101.059,17.9138],[101.0472,17.9135],[101.0437,17.9097],[101.0333,17.9045],[101.0309,17.901],[101.028,17.901],[101.027,17.8976],[101.0186,17.8908],[101.0164,17.8844],[101.0211,17.883],[101.0168,17.8784],[101.0265,17.8714],[101.0291,17.865],[101.0346,17.8601],[101.0328,17.8586],[101.0329,17.8518],[101.0302,17.8471],[101.0291,17.8383],[101.0316,17.8364],[101.0321,17.8333],[101.0284,17.8288],[101.0171,17.8288],[101.0151,17.8265],[101.0065,17.8239],[101.0027,17.8246],[100.9986,17.8208],[100.9997,17.8165],[100.9925,17.805],[101.0031,17.7941],[101.0028,17.7899],[101.0066,17.7843],[100.9986,17.7703],[100.9952,17.7711],[100.9914,17.7682],[100.9821,17.7679],[100.9774,17.7619],[100.978,17.7531],[100.9866,17.7481],[100.9884,17.743],[100.9909,17.7415],[100.9925,17.7378],[100.9917,17.7337],[100.9969,17.7352],[101.007,17.7319],[101.0028,17.7168],[101.0048,17.7094],[101.0028,17.7072],[101.0047,17.7036],[100.9995,17.699],[101.0087,17.7],[101.009,17.6987],[100.9988,17.6794],[100.9945,17.6787],[100.9949,17.6769],[100.9917,17.6751],[100.9928,17.6739],[100.9913,17.667],[100.99,17.6668],[100.9917,17.6636],[100.9896,17.6618],[100.9951,17.6585],[100.9921,17.6543],[100.9913,17.6493],[100.9948,17.643],[100.993,17.6399],[100.9938,17.6314],[100.9909,17.6228],[100.9914,17.6191],[100.9872,17.6182],[100.9878,17.6119],[100.985,17.6081],[100.9827,17.6082],[100.9825,17.6053],[100.9785,17.6011],[100.9771,17.5958],[100.9688,17.5932],[100.9682,17.5845],[100.965,17.5812],[100.9674,17.5714],[100.965,17.575],[100.9598,17.5755],[100.9561,17.573],[100.9548,17.575],[100.9534,17.5738],[100.9492,17.5746],[100.9475,17.5724],[100.9465,17.5737],[100.9404,17.5731],[100.938,17.5697],[100.9325,17.5688],[100.9307,17.5709],[100.9284,17.5693],[100.9271,17.5702]]]}},{"type":"Feature","properties":{"id":6009659,"name":"\u0e2d\u0e38\u0e17\u0e22\u0e32\u0e19\u0e41\u0e2b\u0e48\u0e07\u0e0a\u0e32\u0e15\u0e34\u0e23\u0e32\u0e21\u0e04\u0e33\u0e41\u0e2b\u0e07","name_en":"Ramkhamhaeng National Park","boundary":"national_park","protect_class":"2"},"geometry":{"type":"Polygon","coordinates":[[[99.7226,16.8748],[99.723,16.8689],[99.715,16.8655],[99.7195,16.8633],[99.7247,16.8645],[99.7273,16.8626],[99.7301,16.864],[99.7336,16.8631],[99.7312,16.861],[99.7331,16.8593],[99.7303,16.8577],[99.7299,16.8594],[99.7301,16.857],[99.7252,16.855],[99.729,16.8543],[99.7266,16.8515],[99.7302,16.8519],[99.7328,16.8487],[99.7315,16.8428],[99.73,16.8435],[99.7303,16.8412],[99.7281,16.8397],[99.723,16.842],[99.721,16.8399],[99.7169,16.8424],[99.7061,16.8547],[99.7052,16.8523],[99.7083,16.8466],[99.7126,16.8429],[99.7126,16.8393],[99.7056,16.8376],[99.7079,16.8327],[99.7054,16.8307],[99.7056,16.825],[99.704,16.8228],[99.7098,16.8267],[99.7134,16.8259],[99.715,16.8233],[99.7185,16.823],[99.7202,16.8247],[99.72,16.8282],[99.7235,16.8312],[99.7249,16.8303],[99.7282,16.8318],[99.7295,16.8275],[99.732,16.8279],[99.7394,16.8372],[99.742,16.8362],[99.7397,16.8191],[99.7278,16.8235],[99.725,16.8194],[99.7209,16.8197],[99.7198,16.818],[99.7258,16.8184],[99.7265,16.8155],[99.7332,16.8165],[99.7369,16.8149],[99.7352,16.8119],[99.7307,16.8096],[99.7302,16.8019],[99.7285,16.8009],[99.7249,16.8028],[99.7234,16.7998],[99.72,16.8037],[99.7182,16.8029],[99.7186,16.7983],[99.723,16.7963],[99.7241,16.7918],[99.7215,16.7907],[99.7206,16.7877],[99.7104,16.7877],[99.7104,16.7853],[99.7136,16.784],[99.7147,16.7807],[99.7137,16.7766],[99.7185,16.7736],[99.7177,16.7712],[99.7126,16.77],[99.7037,16.7736],[99.7029,16.7697],[99.6939,16.7668],[99.6935,16.7704],[99.6875,16.7757],[99.6794,16.7702],[99.6772,16.7621],[99.6743,16.7615],[99.666,16.7637],[99.6597,16.7576],[99.6604,16.7538],[99.6582,16.7528],[99.662,16.7426],[99.6606,16.742],[99.6509,16.752],[99.6508,16.7538],[99.654,16.7546],[99.6547,16.7563],[99.6524,16.76],[99.6485,16.7594],[99.6478,16.7573],[99.6407,16.7669],[99.6402,16.7699],[99.6377,16.7698],[99.6351,16.7737],[99.6371,16.7757],[99.6432,16.7756],[99.6439,16.7728],[99.6524,16.7747],[99.6555,16.7711],[99.6572,16.7712],[99.6583,16.7774],[99.6617,16.7808],[99.6615,16.7852],[99.6579,16.795],[99.6549,16.7952],[99.6545,16.8007],[99.6494,16.8009],[99.6465,16.7889],[99.6482,16.7816],[99.6457,16.7805],[99.6356,16.786],[99.6346,16.7912],[99.6306,16.7976],[99.6307,16.8063],[99.6318,16.807],[99.6351,16.804],[99.6404,16.8037],[99.6459,16.8057],[99.6474,16.8128],[99.6404,16.8256],[99.6367,16.8255],[99.6353,16.8238],[99.626,16.8252],[99.6251,16.8288],[99.6265,16.8349],[99.6225,16.8387],[99.6268,16.8457],[99.6266,16.8496],[99.6199,16.8496],[99.6159,16.8474],[99.6162,16.8455],[99.6128,16.8425],[99.6103,16.8457],[99.602,16.8362],[99.6003,16.838],[99.6034,16.8409],[99.5985,16.8455],[99.6002,16.8494],[99.6023,16.8474],[99.6021,16.8498],[99.6072,16.8477],[99.6035,16.8531],[99.6034,16.8641],[99.6052,16.8667],[99.6039,16.8814],[99.6059,16.8834],[99.6044,16.8832],[99.6024,16.895],[99.5996,16.8948],[99.5972,16.8985],[99.5957,16.8964],[99.5931,16.8982],[99.5931,16.909],[99.5905,16.9118],[99.5919,16.9248],[99.5968,16.9396],[99.5892,16.9467],[99.5861,16.9527],[99.585,16.9611],[99.5817,16.9642],[99.5818,16.9671],[99.5772,16.9768],[99.5849,16.9824],[99.591,16.9945],[99.5919,16.9892],[99.5968,16.984],[99.5976,16.9801],[99.6017,16.9795],[99.6031,16.9906],[99.5992,17.002],[99.601,17.0159],[99.5992,17.0179],[99.6175,17.0266],[99.6259,17.0281],[99.627,17.0252],[99.6297,17.0262],[99.6323,17.0302],[99.6464,17.0363],[99.6631,17.0361],[99.6625,17.0339],[99.6647,17.0356],[99.6675,17.0351],[99.6703,17.031],[99.6679,17.0277],[99.6708,17.0259],[99.6703,17.0231],[99.6746,17.0244],[99.6745,17.0255],[99.6775,17.0245],[99.6749,17.0235],[99.6767,17.0229],[99.6751,17.02],[99.6707,17.0191],[99.6692,17.0165],[99.6685,17.0176],[99.6726,17.0121],[99.6763,17.0133],[99.6779,17.0049],[99.6729,17.0046],[99.6696,17.0026],[99.6599,17.0048],[99.6496,16.9957],[99.6516,16.9954],[99.6537,16.9986],[99.659,17.0007],[99.6637,17.0008],[99.6635,16.9962],[99.6725,16.9975],[99.6763,17.0014],[99.6801,17.0016],[99.6819,16.999],[99.6846,16.9988],[99.6858,16.9966],[99.6846,16.9937],[99.6762,16.9914],[99.6743,16.9893],[99.6646,16.9875],[99.6635,16.9842],[99.6687,16.9787],[99.6633,16.9722],[99.6685,16.972],[99.6712,16.9695],[99.6764,16.9715],[99.6789,16.9697],[99.6898,16.9689],[99.6949,16.9658],[99.6772,16.9598],[99.6716,16.9518],[99.669,16.9504],[99.6655,16.9522],[99.6493,16.9518],[99.6495,16.9498],[99.6654,16.9379],[99.672,16.9372],[99.6737,16.9344],[99.6739,16.9176],[99.6764,16.9169],[99.6771,16.9204],[99.6851,16.9201],[99.6867,16.9141],[99.6888,16.9127],[99.6899,16.9136],[99.687,16.9061],[99.6889,16.9067],[99.693,16.9044],[99.693,16.9018],[99.691,16.9005],[99.6965,16.8931],[99.6991,16.8999],[99.6988,16.9077],[99.7017,16.9176],[99.704,16.9177],[99.7037,16.9153],[99.7107,16.9127],[99.7092,16.9027],[99.7,16.8921],[99.7052,16.8917],[99.7036,16.8916],[99.7018,16.8887],[99.7036,16.8887],[99.7091,16.8931],[99.7089,16.8951],[99.7128,16.8972],[99.7153,16.9009],[99.714,16.9052],[99.7169,16.911],[99.7189,16.912],[99.7197,16.9094],[99.7168,16.9033],[99.7202,16.9021],[99.7192,16.8991],[99.7202,16.8992],[99.714,16.8933],[99.7187,16.8914],[99.7195,16.8929],[99.7286,16.8947],[99.7305,16.8919],[99.7271,16.8908],[99.7283,16.8878],[99.7269,16.8857],[99.7211,16.8852],[99.7187,16.8814],[99.7142,16.8796],[99.718,16.8783],[99.7181,16.8768],[99.7163,16.8766],[99.7226,16.8748]]]}},{"type":"Feature","properties":{"id":6009660,"name":"\u0e2d\u0e38\u0e17\u0e22\u0e32\u0e19\u0e41\u0e2b\u0e48\u0e07\u0e0a\u0e32\u0e15\u0e34\u0e28\u0e23\u0e35\u0e19\u0e48\u0e32\u0e19","name_en":"Si Nan National Park","boundary":"national_park","protect_class":"2"},"geometry":{"type":"Polygon","coordinates":[[[100.9593,18.2776],[100.9584,18.2735],[100.9525,18.2689],[100.9513,18.2658],[100.9473,18.2651],[100.9442,18.2621],[100.9394,18.2543],[100.9301,18.2507],[100.9261,18.2507],[100.9188,18.2427],[100.9162,18.2326],[100.9123,18.2275],[100.914,18.2222],[100.9164,18.2215],[100.9185,18.2173],[100.9222,18.2165],[100.9254,18.2115],[100.9233,18.2058],[100.9192,18.203],[100.9187,18.201],[100.9142,18.1999],[100.9075,18.1939],[100.9087,18.1882],[100.9057,18.1768],[100.907,18.1716],[100.9091,18.17],[100.9092,18.1652],[100.9123,18.1626],[100.9131,18.1591],[100.8934,18.1493],[100.8899,18.1496],[100.8873,18.1479],[100.8827,18.1511],[100.8798,18.1455],[100.8731,18.1394],[100.8715,18.1353],[100.8716,18.1266],[100.8744,18.1232],[100.8746,18.119],[100.8659,18.1135],[100.8559,18.1024],[100.8546,18.0976],[100.8492,18.0895],[100.849,18.0868],[100.851,18.0845],[100.8495,18.082],[100.8431,18.0795],[100.8355,18.0813],[100.8332,18.08],[100.8311,18.0819],[100.8236,18.0804],[100.8191,18.0832],[100.8156,18.0798],[100.8094,18.077],[100.8072,18.0648],[100.8011,18.0545],[100.7977,18.0534],[100.7956,18.0496],[100.7917,18.0488],[100.7903,18.046],[100.7855,18.0435],[100.7807,18.0362],[100.7713,18.0271],[100.7671,18.0254],[100.7592,18.029],[100.7529,18.0298],[100.7343,18.029],[100.7257,18.0326],[100.7146,18.0298],[100.7128,18.0316],[100.7086,18.0312],[100.7082,18.0287],[100.7055,18.0266],[100.6988,18.0267],[100.6985,18.0296],[100.7004,18.0305],[100.7008,18.0292],[100.7014,18.0317],[100.7005,18.0349],[100.6973,18.0367],[100.6955,18.0409],[100.693,18.0413],[100.691,18.045],[100.689,18.0454],[100.6896,18.0473],[100.6859,18.0516],[100.6768,18.0505],[100.6724,18.0481],[100.6672,18.042],[100.659,18.039],[100.6324,18.0444],[100.6249,18.0438],[100.6265,18.0483],[100.6339,18.0586],[100.6315,18.0693],[100.6388,18.0749],[100.6437,18.0832],[100.6477,18.0818],[100.6568,18.086],[100.6645,18.0858],[100.6754,18.0978],[100.6839,18.0986],[100.6897,18.1039],[100.6891,18.1106],[100.6973,18.1095],[100.7108,18.1128],[100.7184,18.1198],[100.748,18.1538],[100.7487,18.1616],[100.7524,18.1648],[100.7687,18.2053],[100.7737,18.2112],[100.7744,18.225],[100.7695,18.2352],[100.7654,18.2647],[100.7546,18.2719],[100.7534,18.2528],[100.7594,18.2439],[100.7579,18.2295],[100.7464,18.2247],[100.744,18.2217],[100.7395,18.2223],[100.7348,18.2293],[100.719,18.2367],[100.7177,18.244],[100.7248,18.2544],[100.7394,18.259],[100.7218,18.2588],[100.7151,18.2615],[100.7171,18.2652],[100.7179,18.2623],[100.7256,18.2601],[100.7278,18.2645],[100.7342,18.2691],[100.7339,18.2757],[100.7432,18.2759],[100.752,18.2834],[100.7551,18.2827],[100.76,18.2922],[100.7509,18.2982],[100.7478,18.3032],[100.7435,18.3059],[100.7451,18.3104],[100.7489,18.3118],[100.7562,18.3053],[100.7615,18.2985],[100.7616,18.2945],[100.766,18.2891],[100.7676,18.297],[100.7764,18.2975],[100.7739,18.3014],[100.7674,18.301],[100.7741,18.3069],[100.7844,18.3058],[100.7835,18.3244],[100.7957,18.3292],[100.7967,18.3339],[100.7938,18.3312],[100.7868,18.3316],[100.7923,18.3373],[100.7963,18.3445],[100.7905,18.3473],[100.7926,18.3564],[100.7884,18.3545],[100.7865,18.356],[100.7831,18.3648],[100.7884,18.3671],[100.7908,18.3716],[100.8054,18.3665],[100.8096,18.3671],[100.8149,18.361],[100.8257,18.3709],[100.8243,18.3719],[100.8252,18.373],[100.8301,18.3728],[100.829,18.3759],[100.8254,18.3759],[100.8273,18.3805],[100.8263,18.3822],[100.8272,18.388],[100.8236,18.4004],[100.7942,18.4167],[100.7964,18.4215],[100.7943,18.4248],[100.7969,18.43],[100.8044,18.4353],[100.7952,18.4402],[100.7862,18.4273],[100.7503,18.4188],[100.7316,18.4167],[100.7317,18.4192],[100.7351,18.419],[100.7341,18.4227],[100.7362,18.4236],[100.7352,18.4249],[100.7373,18.4268],[100.7367,18.429],[100.7389,18.4301],[100.7374,18.4345],[100.7394,18.4349],[100.7408,18.4395],[100.7427,18.4403],[100.7431,18.4449],[100.7498,18.4539],[100.7487,18.4552],[100.7502,18.4571],[100.7529,18.457],[100.7718,18.4848],[100.7998,18.482],[100.7978,18.4944],[100.8045,18.4895],[100.8065,18.4929],[100.8053,18.497],[100.8089,18.4968],[100.8056,18.5008],[100.7961,18.5031],[100.7976,18.5069],[100.8125,18.5006],[100.8248,18.5026],[100.8427,18.4961],[100.8389,18.4927],[100.8438,18.481],[100.8629,18.4712],[100.8696,18.4527],[100.8651,18.4499],[100.8523,18.4516],[100.8421,18.4459],[100.8454,18.4396],[100.8489,18.444],[100.8576,18.4474],[100.8649,18.4421],[100.8735,18.4515],[100.8881,18.4554],[100.8943,18.4493],[100.9018,18.4479],[100.9064,18.4407],[100.9197,18.4411],[100.9458,18.4496],[100.9552,18.4478],[100.9592,18.4445],[100.9623,18.4469],[100.9578,18.4499],[100.9603,18.4517],[100.9691,18.4486],[100.993,18.4468],[100.995,18.4494],[100.993,18.455],[100.9947,18.4605],[100.9963,18.4606],[100.9952,18.4619],[100.9982,18.4615],[101.0011,18.4633],[101.0032,18.4612],[101.0031,18.4629],[101.0053,18.4635],[101.0062,18.4618],[101.0075,18.4622],[101.0118,18.4671],[101.0167,18.4655],[101.0176,18.4673],[101.0203,18.4668],[101.0213,18.4709],[101.0251,18.4689],[101.0266,18.4758],[101.0277,18.4744],[101.0301,18.4765],[101.0329,18.4749],[101.0362,18.4769],[101.0437,18.476],[101.0441,18.4772],[101.045,18.4751],[101.0482,18.4751],[101.0482,18.4712],[101.0519,18.4704],[101.0518,18.4724],[101.0555,18.4721],[101.0582,18.4737],[101.0574,18.4747],[101.0609,18.4737],[101.0611,18.4753],[101.0668,18.4716],[101.0674,18.4748],[101.0711,18.4792],[101.0829,18.4756],[101.0807,18.4712],[101.0743,18.4664],[101.073,18.4629],[101.0673,18.4601],[101.0663,18.4557],[101.0634,18.4548],[101.0574,18.4445],[101.0541,18.4421],[101.0566,18.4351],[101.0524,18.4264],[101.0626,18.4183],[101.0692,18.4093],[101.0782,18.4058],[101.0828,18.3982],[101.0841,18.3946],[101.0825,18.3924],[101.0828,18.3847],[101.0854,18.381],[101.0848,18.377],[101.0821,18.3749],[101.0818,18.369],[101.077,18.3651],[101.0739,18.36],[101.0738,18.3564],[101.0698,18.3577],[101.0659,18.3561],[101.056,18.356],[101.0518,18.3493],[101.046,18.3457],[101.0432,18.3397],[101.0385,18.3382],[101.0342,18.3336],[101.0274,18.3322],[101.0235,18.3259],[101.0179,18.3216],[101.0052,18.3178],[100.999,18.3091],[100.9838,18.3082],[100.9795,18.3057],[100.978,18.3024],[100.9792,18.2988],[100.9773,18.2952],[100.9713,18.2912],[100.9702,18.2877],[100.9653,18.2837],[100.9637,18.2787],[100.9593,18.2776]],[[100.9608,18.3834],[100.9588,18.3779],[100.9512,18.3741],[100.9337,18.3665],[100.9262,18.368],[100.9289,18.3777],[100.9384,18.3753],[100.953,18.39],[100.957,18.3914],[100.9608,18.3834]]]}},{"type":"Feature","properties":{"id":6009661,"name":"\u0e2d\u0e38\u0e17\u0e22\u0e32\u0e19\u0e41\u0e2b\u0e48\u0e07\u0e0a\u0e32\u0e15\u0e34\u0e15\u0e32\u0e14\u0e2b\u0e21\u0e2d\u0e01","name_en":"Tat Mok National Park","boundary":"national_park","protect_class":"2"},"geometry":{"type":"Polygon","coordinates":[[[101.3856,16.3622],[101.3812,16.365],[101.3695,16.3606],[101.3649,16.3614],[101.3615,16.3581],[101.361,16.3545],[101.3527,16.3567],[101.3486,16.3529],[101.3435,16.3533],[101.3433,16.3519],[101.341,16.3525],[101.338,16.3497],[101.3359,16.3513],[101.3344,16.3506],[101.3323,16.3532],[101.3301,16.3508],[101.3266,16.3519],[101.3248,16.3506],[101.3196,16.3536],[101.3177,16.3531],[101.3147,16.3564],[101.3158,16.3605],[101.3146,16.3617],[101.3123,16.3617],[101.3063,16.3561],[101.2964,16.3561],[101.2912,16.3596],[101.2847,16.3574],[101.2826,16.3634],[101.2841,16.3674],[101.2748,16.3821],[101.2791,16.3841],[101.2784,16.3861],[101.2765,16.3853],[101.2781,16.3882],[101.2768,16.3895],[101.2794,16.3935],[101.2812,16.3935],[101.2824,16.4029],[101.2888,16.4048],[101.2889,16.407],[101.2929,16.4074],[101.2931,16.4107],[101.2947,16.4103],[101.2951,16.4068],[101.2997,16.4048],[101.2975,16.4074],[101.2993,16.4089],[101.2978,16.41],[101.299,16.4115],[101.2972,16.415],[101.2994,16.4156],[101.2967,16.4171],[101.2982,16.4205],[101.2962,16.4207],[101.2962,16.423],[101.2998,16.4261],[101.3007,16.4252],[101.3058,16.4295],[101.3156,16.4288],[101.3164,16.4271],[101.3218,16.4249],[101.3232,16.4251],[101.3229,16.4301],[101.3324,16.4304],[101.3279,16.4416],[101.3286,16.4427],[101.3324,16.4417],[101.3312,16.4448],[101.3334,16.4441],[101.3317,16.4462],[101.3314,16.4571],[101.3324,16.4589],[101.3335,16.4583],[101.3333,16.4631],[101.3357,16.4611],[101.337,16.4662],[101.3321,16.4702],[101.3313,16.4794],[101.3297,16.4807],[101.331,16.4838],[101.3291,16.4851],[101.3296,16.4915],[101.3308,16.4922],[101.3291,16.4928],[101.3295,16.5007],[101.33,16.5032],[101.3324,16.5041],[101.328,16.5053],[101.3278,16.5066],[101.332,16.5073],[101.3293,16.5129],[101.3316,16.513],[101.3293,16.5145],[101.3295,16.5164],[101.332,16.5165],[101.3288,16.5175],[101.329,16.5213],[101.3278,16.5199],[101.3269,16.5222],[101.33,16.5242],[101.3283,16.5277],[101.3296,16.5278],[101.3269,16.5296],[101.3272,16.5306],[101.3305,16.5284],[101.3297,16.5322],[101.3303,16.5332],[101.3329,16.532],[101.3317,16.5336],[101.3335,16.5359],[101.3312,16.5368],[101.3307,16.5383],[101.3323,16.539],[101.331,16.5404],[101.3323,16.5412],[101.3278,16.5458],[101.3293,16.5538],[101.3338,16.558],[101.338,16.5573],[101.3451,16.5604],[101.3576,16.561],[101.3534,16.5665],[101.3534,16.5688],[101.3597,16.5793],[101.3587,16.583],[101.368,16.5915],[101.3803,16.5946],[101.4011,16.5935],[101.4074,16.595],[101.4086,16.59],[101.4185,16.5888],[101.4225,16.5844],[101.4165,16.5764],[101.4116,16.5747],[101.4055,16.5666],[101.4048,16.5617],[101.3982,16.5465],[101.399,16.5422],[101.4118,16.5311],[101.4109,16.5226],[101.415,16.5088],[101.4185,16.5039],[101.4239,16.5019],[101.4282,16.5053],[101.4304,16.5052],[101.4357,16.5103],[101.4396,16.5094],[101.4415,16.5131],[101.4393,16.5156],[101.4415,16.5184],[101.4438,16.5152],[101.4453,16.5155],[101.4449,16.5182],[101.4481,16.5167],[101.4499,16.5196],[101.4547,16.516],[101.4555,16.5177],[101.4582,16.5166],[101.4583,16.5188],[101.4605,16.519],[101.4628,16.5221],[101.4643,16.5207],[101.4651,16.5227],[101.467,16.5203],[101.4647,16.5148],[101.4659,16.511],[101.4647,16.5084],[101.4669,16.5032],[101.4637,16.5008],[101.4642,16.4981],[101.4733,16.489],[101.4727,16.4821],[101.4749,16.4807],[101.4733,16.4769],[101.4678,16.4753],[101.4657,16.4691],[101.4606,16.4614],[101.4559,16.4605],[101.4509,16.4563],[101.4488,16.4499],[101.4502,16.4483],[101.4443,16.4383],[101.4312,16.4344],[101.4241,16.4292],[101.4228,16.4242],[101.419,16.4238],[101.4189,16.418],[101.4168,16.4164],[101.4198,16.4126],[101.4171,16.4087],[101.4106,16.4071],[101.407,16.4079],[101.4056,16.4035],[101.4009,16.4016],[101.401,16.3977],[101.4084,16.3933],[101.4097,16.3899],[101.4091,16.3831],[101.4053,16.3779],[101.3994,16.377],[101.3936,16.3736],[101.3925,16.3657],[101.3856,16.3622]]]}},{"type":"Feature","properties":{"id":6009662,"name":"\u0e2d\u0e38\u0e17\u0e22\u0e32\u0e19\u0e41\u0e2b\u0e48\u0e07\u0e0a\u0e32\u0e15\u0e34\u0e15\u0e49\u0e19\u0e2a\u0e31\u0e01\u0e43\u0e2b\u0e0d\u0e48","name_en":"Ton Sak Yai National Park","boundary":"national_park","protect_class":"2"},"geometry":{"type":"Polygon","coordinates":[[[100.735,17.6879],[100.7434,17.6786],[100.7409,17.6775],[100.7409,17.6712],[100.7368,17.6693],[100.7333,17.6623],[100.7182,17.6529],[100.7182,17.6478],[100.7139,17.6423],[100.707,17.6377],[100.7041,17.632],[100.6971,17.6287],[100.6933,17.631],[100.6935,17.6285],[100.6901,17.6285],[100.6925,17.625],[100.6847,17.6214],[100.6852,17.6181],[100.6831,17.6152],[100.6819,17.6167],[100.677,17.6166],[100.6759,17.6138],[100.6732,17.6134],[100.6721,17.6086],[100.6638,17.6026],[100.66,17.6032],[100.653,17.5965],[100.6512,17.5926],[100.652,17.591],[100.6416,17.5847],[100.638,17.5842],[100.6362,17.5819],[100.6336,17.5826],[100.6344,17.5793],[100.6252,17.5797],[100.6243,17.583],[100.6216,17.5766],[100.6239,17.5741],[100.6167,17.5603],[100.6026,17.5556],[100.6026,17.5531],[100.5992,17.549],[100.5995,17.5443],[100.6089,17.5456],[100.6067,17.5423],[100.6138,17.5434],[100.6184,17.5415],[100.6189,17.5381],[100.6243,17.5366],[100.6244,17.5384],[100.627,17.5398],[100.6276,17.5343],[100.6351,17.5444],[100.642,17.5481],[100.6499,17.5485],[100.6554,17.5516],[100.6614,17.5513],[100.6648,17.5422],[100.6659,17.5434],[100.6682,17.5413],[100.6674,17.5382],[100.6692,17.538],[100.6695,17.5326],[100.6723,17.533],[100.671,17.5359],[100.6725,17.5372],[100.6739,17.5356],[100.6752,17.5395],[100.6791,17.5413],[100.6809,17.5445],[100.6827,17.5445],[100.6814,17.5496],[100.6866,17.5575],[100.6844,17.5603],[100.6892,17.5611],[100.693,17.5582],[100.6908,17.563],[100.6955,17.568],[100.6999,17.5684],[100.6986,17.5699],[100.7002,17.5708],[100.6968,17.5727],[100.699,17.5737],[100.6993,17.5759],[100.7079,17.569],[100.7115,17.5683],[100.705,17.5741],[100.7066,17.5754],[100.7014,17.5781],[100.7026,17.5802],[100.6983,17.5802],[100.702,17.5819],[100.7001,17.5848],[100.7036,17.5871],[100.7093,17.5853],[100.7176,17.5923],[100.7124,17.597],[100.7132,17.6061],[100.7077,17.6041],[100.7168,17.6123],[100.7247,17.6147],[100.7289,17.6181],[100.7355,17.6184],[100.7398,17.6219],[100.7407,17.6267],[100.7363,17.6238],[100.7354,17.625],[100.7323,17.6233],[100.7318,17.6213],[100.7257,17.6199],[100.7279,17.6292],[100.7299,17.6299],[100.7328,17.6349],[100.7335,17.642],[100.7373,17.6398],[100.7412,17.6398],[100.7457,17.6322],[100.7649,17.6174],[100.775,17.6127],[100.7814,17.6057],[100.7759,17.6019],[100.7746,17.5974],[100.7724,17.596],[100.7749,17.5859],[100.7736,17.5828],[100.7653,17.5804],[100.7653,17.5731],[100.7629,17.5723],[100.7627,17.5698],[100.759,17.5702],[100.7561,17.5639],[100.7516,17.5632],[100.7508,17.5604],[100.7466,17.5589],[100.742,17.551],[100.7404,17.5426],[100.7356,17.5386],[100.7205,17.5332],[100.7098,17.5324],[100.7087,17.5308],[100.6929,17.5246],[100.6888,17.5221],[100.6839,17.5136],[100.6795,17.511],[100.6753,17.5056],[100.6709,17.504],[100.6693,17.5009],[100.661,17.5004],[100.6569,17.4989],[100.6525,17.4944],[100.6481,17.4938],[100.6456,17.4942],[100.6462,17.5043],[100.642,17.5145],[100.6418,17.5217],[100.6358,17.5273],[100.6269,17.5273],[100.6213,17.5303],[100.6162,17.524],[100.6179,17.5226],[100.6144,17.5174],[100.6162,17.5143],[100.6143,17.5118],[100.6105,17.5105],[100.6077,17.5051],[100.6041,17.5057],[100.6032,17.5005],[100.6009,17.5],[100.5975,17.5042],[100.5975,17.502],[100.5946,17.5019],[100.5978,17.499],[100.5897,17.4943],[100.5712,17.4729],[100.5698,17.4658],[100.5674,17.4636],[100.5676,17.4567],[100.5627,17.456],[100.5618,17.4581],[100.5582,17.4563],[100.5574,17.4575],[100.5577,17.4528],[100.5554,17.454],[100.5491,17.4483],[100.5474,17.4487],[100.5492,17.4546],[100.5513,17.4545],[100.5492,17.4559],[100.5513,17.4583],[100.5518,17.4636],[100.5493,17.4596],[100.5472,17.461],[100.5461,17.46],[100.5475,17.4673],[100.5427,17.4675],[100.545,17.4656],[100.5441,17.4638],[100.5415,17.4647],[100.5434,17.4617],[100.5407,17.4601],[100.5429,17.4585],[100.5402,17.4584],[100.5414,17.4566],[100.5378,17.4567],[100.5419,17.4523],[100.5368,17.4535],[100.5424,17.4495],[100.5378,17.4499],[100.5387,17.4475],[100.5349,17.4479],[100.5359,17.4458],[100.5308,17.4446],[100.5345,17.4442],[100.5336,17.4421],[100.5269,17.4412],[100.5252,17.4373],[100.5273,17.4329],[100.5242,17.4345],[100.524,17.431],[100.521,17.4322],[100.5203,17.4282],[100.5163,17.429],[100.5163,17.4269],[100.5138,17.4281],[100.5149,17.4252],[100.5119,17.426],[100.5113,17.4232],[100.5063,17.427],[100.5074,17.4314],[100.5042,17.4326],[100.496,17.4232],[100.492,17.4226],[100.487,17.4189],[100.4782,17.418],[100.4746,17.4204],[100.469,17.4208],[100.4546,17.418],[100.4522,17.4191],[100.4513,17.4205],[100.4547,17.4293],[100.4582,17.4267],[100.4598,17.4286],[100.4622,17.4272],[100.4626,17.4301],[100.4603,17.43],[100.4602,17.4347],[100.464,17.4346],[100.4638,17.4369],[100.46,17.438],[100.4569,17.437],[100.4557,17.4398],[100.4603,17.4441],[100.4569,17.4502],[100.4631,17.4508],[100.465,17.4495],[100.464,17.446],[100.4657,17.447],[100.4668,17.4457],[100.467,17.4482],[100.4727,17.4474],[100.476,17.4509],[100.4787,17.4512],[100.4763,17.453],[100.4791,17.4552],[100.4782,17.4563],[100.4716,17.4539],[100.4659,17.4548],[100.4671,17.4518],[100.4608,17.4532],[100.4587,17.4525],[100.4587,17.4511],[100.4558,17.4514],[100.4533,17.4489],[100.4566,17.4461],[100.4561,17.4444],[100.4528,17.4488],[100.4536,17.4502],[100.4507,17.4512],[100.4561,17.4559],[100.4597,17.4567],[100.4614,17.4599],[100.4589,17.4605],[100.4522,17.458],[100.4501,17.4609],[100.4446,17.4616],[100.4439,17.4649],[100.4406,17.4589],[100.4371,17.4562],[100.4382,17.4553],[100.4372,17.454],[100.4305,17.4507],[100.4297,17.4526],[100.4357,17.4601],[100.4339,17.4627],[100.4373,17.4634],[100.4359,17.4633],[100.4354,17.4682],[100.4369,17.4664],[100.4405,17.4684],[100.4402,17.4703],[100.4353,17.4732],[100.4364,17.4751],[100.4383,17.475],[100.4378,17.4826],[100.4425,17.4826],[100.4393,17.4842],[100.4406,17.4838],[100.4414,17.4879],[100.435,17.4827],[100.4346,17.4768],[100.4362,17.4778],[100.4351,17.4747],[100.4336,17.476],[100.4323,17.4716],[100.4303,17.4699],[100.4299,17.4717],[100.4285,17.4693],[100.4282,17.4711],[100.4261,17.4712],[100.4262,17.469],[100.4273,17.4701],[100.4286,17.4669],[100.4262,17.4651],[100.4252,17.467],[100.4223,17.463],[100.4242,17.4604],[100.4202,17.456],[100.4195,17.4528],[100.4213,17.453],[100.4205,17.4513],[100.419,17.4519],[100.419,17.4495],[100.4162,17.4563],[100.4188,17.4558],[100.4188,17.458],[100.4175,17.4583],[100.4206,17.4652],[100.4137,17.459],[100.4155,17.4579],[100.4147,17.4554],[100.4165,17.4515],[100.4136,17.4548],[100.4139,17.4503],[100.4089,17.45],[100.397,17.4543],[100.4005,17.4548],[100.4,17.4567],[100.4038,17.4564],[100.4015,17.4582],[100.4049,17.4582],[100.4001,17.4597],[100.4016,17.4617],[100.4045,17.4613],[100.403,17.4631],[100.3985,17.4598],[100.3951,17.4634],[100.3962,17.4651],[100.3942,17.4652],[100.394,17.4669],[100.3962,17.4686],[100.4007,17.4677],[100.3985,17.4686],[100.4021,17.4747],[100.4048,17.4755],[100.4065,17.4739],[100.4105,17.476],[100.4142,17.4726],[100.4198,17.4754],[100.4182,17.4731],[100.4219,17.473],[100.4206,17.4766],[100.4142,17.4753],[100.4141,17.4769],[100.4116,17.4773],[100.4128,17.4823],[100.4101,17.483],[100.407,17.48],[100.4078,17.4824],[100.4057,17.4839],[100.4088,17.4875],[100.4132,17.4875],[100.4133,17.4906],[100.4157,17.491],[100.4156,17.4891],[100.4176,17.488],[100.4196,17.49],[100.4182,17.4922],[100.4228,17.4926],[100.4226,17.4943],[100.4242,17.4952],[100.4226,17.4962],[100.4246,17.4975],[100.4237,17.5002],[100.4215,17.499],[100.4214,17.5009],[100.4233,17.5044],[100.4246,17.5041],[100.4235,17.507],[100.4257,17.5105],[100.4274,17.5104],[100.4259,17.5129],[100.4293,17.5137],[100.4307,17.5172],[100.4329,17.5179],[100.4337,17.5159],[100.4347,17.5177],[100.4405,17.5166],[100.441,17.518],[100.4463,17.5193],[100.4446,17.5202],[100.4468,17.5234],[100.4457,17.5241],[100.4429,17.5213],[100.4388,17.5217],[100.4354,17.519],[100.4326,17.5196],[100.439,17.5263],[100.4453,17.5293],[100.4525,17.525],[100.4522,17.5219],[100.4537,17.5228],[100.4548,17.5237],[100.4541,17.5266],[100.4565,17.5271],[100.4589,17.5337],[100.4629,17.537],[100.4599,17.5402],[100.463,17.5386],[100.4643,17.5426],[100.4703,17.5436],[100.4712,17.5507],[100.4732,17.5499],[100.4741,17.5533],[100.4804,17.5552],[100.4813,17.5586],[100.4858,17.561],[100.4854,17.5628],[100.4907,17.5643],[100.4907,17.5666],[100.4937,17.565],[100.4959,17.5666],[100.4962,17.5614],[100.5027,17.5614],[100.5034,17.5635],[100.501,17.5638],[100.5016,17.5664],[100.5,17.5672],[100.5031,17.5709],[100.5054,17.57],[100.503,17.5723],[100.5037,17.5735],[100.5013,17.574],[100.5001,17.5722],[100.4929,17.5738],[100.4964,17.5764],[100.493,17.5767],[100.4939,17.5777],[100.4963,17.5788],[100.4961,17.5767],[100.4975,17.5768],[100.5008,17.5794],[100.5021,17.5787],[100.5032,17.5812],[100.5045,17.5808],[100.5045,17.5859],[100.503,17.5866],[100.5092,17.5861],[100.5101,17.5845],[100.5113,17.585],[100.5107,17.587],[100.5199,17.5906],[100.5226,17.5892],[100.5284,17.5913],[100.53,17.5893],[100.5312,17.5922],[100.5373,17.5948],[100.5396,17.5929],[100.5422,17.5972],[100.5436,17.5973],[100.5471,17.5927],[100.5486,17.5947],[100.5449,17.5962],[100.5438,17.5998],[100.5515,17.6112],[100.5488,17.6126],[100.5511,17.6137],[100.5539,17.6123],[100.5587,17.617],[100.5564,17.6194],[100.5591,17.6241],[100.5687,17.6232],[100.5674,17.6277],[100.5735,17.6309],[100.5779,17.6362],[100.5857,17.6342],[100.5861,17.6372],[100.5873,17.6354],[100.5906,17.6396],[100.5958,17.6353],[100.6041,17.6354],[100.6054,17.6382],[100.5983,17.6391],[100.5993,17.6409],[100.5912,17.6438],[100.6004,17.6467],[100.6018,17.6514],[100.6284,17.6634],[100.6372,17.6596],[100.6337,17.6631],[100.6342,17.6653],[100.6318,17.6654],[100.6345,17.6707],[100.6334,17.6732],[100.6353,17.674],[100.6366,17.6772],[100.6397,17.677],[100.6419,17.6755],[100.6388,17.6749],[100.6414,17.6739],[100.6517,17.6745],[100.6558,17.6695],[100.6577,17.6704],[100.6605,17.6691],[100.661,17.6678],[100.6585,17.6657],[100.6593,17.6635],[100.6616,17.6642],[100.6622,17.6679],[100.6693,17.6767],[100.6719,17.6722],[100.6741,17.6738],[100.6749,17.6714],[100.6809,17.6686],[100.6708,17.6773],[100.6827,17.6764],[100.6746,17.6788],[100.6738,17.6802],[100.6768,17.6811],[100.673,17.6822],[100.6704,17.681],[100.6686,17.6853],[100.6768,17.6873],[100.6761,17.689],[100.681,17.6927],[100.696,17.7012],[100.7029,17.7012],[100.706,17.7045],[100.712,17.704],[100.7129,17.7013],[100.7188,17.7053],[100.7232,17.7047],[100.7253,17.7008],[100.7228,17.6969],[100.7234,17.6942],[100.7275,17.6942],[100.7277,17.6916],[100.735,17.6879]]]}},{"type":"Feature","properties":{"id":6009663,"name":"\u0e2d\u0e38\u0e17\u0e22\u0e32\u0e19\u0e41\u0e2b\u0e48\u0e07\u0e0a\u0e32\u0e15\u0e34\u0e40\u0e27\u0e35\u0e22\u0e07\u0e42\u0e01\u0e28\u0e31\u0e22","name_en":"Wiang Kosai National Park","boundary":"national_park","protect_class":"2"},"geometry":{"type":"Polygon","coordinates":[[[99.2702,17.775],[99.2702,17.7827],[99.2802,17.7824],[99.2799,17.7881],[99.2749,17.7896],[99.2746,17.7982],[99.2767,17.798],[99.2793,17.7928],[99.2827,17.7934],[99.2799,17.8003],[99.2834,17.7999],[99.2823,17.8027],[99.2872,17.8027],[99.289,17.8092],[99.2929,17.8094],[99.2936,17.8131],[99.2954,17.8123],[99.308,17.8268],[99.3097,17.8261],[99.3197,17.8298],[99.3222,17.8282],[99.3223,17.8227],[99.329,17.8176],[99.3303,17.8103],[99.3343,17.8155],[99.3387,17.8124],[99.3415,17.8056],[99.3411,17.7968],[99.3383,17.7911],[99.348,17.7849],[99.3465,17.7898],[99.3522,17.7887],[99.3587,17.7985],[99.3596,17.8083],[99.3707,17.825],[99.3736,17.8246],[99.3747,17.8276],[99.3813,17.8303],[99.3839,17.8374],[99.3906,17.839],[99.3905,17.8425],[99.3996,17.8482],[99.4022,17.8549],[99.4062,17.8594],[99.4107,17.8612],[99.4106,17.8645],[99.4132,17.8651],[99.4132,17.8697],[99.4193,17.8726],[99.4174,17.876],[99.4209,17.8801],[99.4195,17.8827],[99.4238,17.8823],[99.4206,17.8851],[99.4218,17.8876],[99.425,17.8861],[99.4273,17.8878],[99.4238,17.8894],[99.4248,17.8934],[99.4273,17.8955],[99.427,17.8987],[99.435,17.903],[99.4323,17.9052],[99.4362,17.9084],[99.4384,17.9193],[99.444,17.9282],[99.4592,17.9353],[99.4612,17.9386],[99.4645,17.9386],[99.4647,17.9416],[99.4687,17.9449],[99.4693,17.9485],[99.4787,17.9494],[99.4785,17.9649],[99.486,17.9595],[99.4888,17.9613],[99.4863,17.9687],[99.4973,17.9695],[99.5013,17.967],[99.5066,17.9714],[99.5125,17.9726],[99.5148,17.9747],[99.5152,17.9778],[99.5223,17.9806],[99.5227,17.9837],[99.5263,17.985],[99.5268,17.9875],[99.5289,17.9876],[99.5288,17.9901],[99.532,17.9911],[99.5337,17.9954],[99.5319,17.997],[99.5321,18.0017],[99.5422,18.0054],[99.5446,18.0102],[99.5405,18.0167],[99.5424,18.0188],[99.5475,18.018],[99.5484,18.0203],[99.5546,18.0165],[99.5562,18.0173],[99.5577,18.0245],[99.5676,18.0276],[99.561,18.0335],[99.5645,18.0371],[99.5646,18.0402],[99.5679,18.0425],[99.5695,18.042],[99.5747,18.0524],[99.58,18.0572],[99.5862,18.0546],[99.5929,18.0561],[99.5982,18.0614],[99.6077,18.0655],[99.6098,18.0697],[99.6133,18.0722],[99.6197,18.0708],[99.6247,18.0758],[99.6296,18.0764],[99.6321,18.0747],[99.6341,18.0633],[99.6369,18.0592],[99.6412,18.0559],[99.6497,18.0558],[99.6576,18.0408],[99.6694,18.0427],[99.6734,18.0466],[99.6791,18.0463],[99.6882,18.0552],[99.7172,18.0287],[99.7105,18.0243],[99.7103,18.0198],[99.701,18.0174],[99.6916,18.0094],[99.6728,18.0046],[99.6672,18.0013],[99.6667,17.9982],[99.663,17.9986],[99.6607,17.995],[99.6572,17.997],[99.6525,17.9924],[99.6501,17.9927],[99.6475,17.9901],[99.6494,17.9882],[99.6434,17.9862],[99.6434,17.9834],[99.6381,17.9823],[99.6371,17.9835],[99.6334,17.9808],[99.6331,17.9776],[99.6265,17.9762],[99.6226,17.978],[99.6231,17.9745],[99.6179,17.9744],[99.6148,17.9705],[99.6104,17.9688],[99.6088,17.9697],[99.6072,17.9669],[99.6016,17.9655],[99.5999,17.9629],[99.5956,17.9637],[99.595,17.961],[99.5883,17.9584],[99.5827,17.9502],[99.5776,17.949],[99.5788,17.9459],[99.5761,17.9432],[99.5738,17.9447],[99.5734,17.9405],[99.5764,17.9399],[99.5765,17.9385],[99.57,17.9354],[99.5681,17.9361],[99.5651,17.9336],[99.5646,17.9305],[99.5618,17.9332],[99.5596,17.9311],[99.5601,17.9292],[99.5519,17.9226],[99.5515,17.9172],[99.548,17.9167],[99.5472,17.915],[99.5431,17.915],[99.5453,17.9134],[99.5444,17.9113],[99.5397,17.9133],[99.5393,17.9093],[99.5342,17.9081],[99.5317,17.9092],[99.5255,17.9029],[99.5193,17.9052],[99.5178,17.9027],[99.5083,17.9004],[99.5156,17.8993],[99.5178,17.897],[99.5154,17.8913],[99.5082,17.8894],[99.5048,17.8833],[99.5004,17.8829],[99.495,17.8875],[99.4948,17.8818],[99.489,17.8741],[99.4863,17.8747],[99.4855,17.8694],[99.4822,17.8665],[99.4833,17.8629],[99.4658,17.8328],[99.4663,17.8278],[99.4635,17.824],[99.4641,17.8213],[99.4611,17.8216],[99.464,17.8201],[99.4635,17.8187],[99.4595,17.8174],[99.4522,17.8193],[99.4522,17.8156],[99.4487,17.8155],[99.4472,17.8084],[99.4449,17.8088],[99.4453,17.8177],[99.4405,17.8136],[99.4418,17.8112],[99.4366,17.8076],[99.4337,17.8087],[99.4284,17.8174],[99.4284,17.8102],[99.4369,17.8041],[99.4371,17.7978],[99.434,17.7952],[99.4282,17.799],[99.429,17.8021],[99.4257,17.8044],[99.4232,17.8032],[99.4182,17.8109],[99.4164,17.8093],[99.4168,17.8039],[99.4135,17.8033],[99.4179,17.8007],[99.4171,17.7986],[99.4201,17.7975],[99.4227,17.794],[99.416,17.7953],[99.4151,17.7932],[99.4107,17.7923],[99.4174,17.7885],[99.4195,17.791],[99.4208,17.7887],[99.4239,17.7893],[99.4264,17.7845],[99.426,17.7812],[99.423,17.7824],[99.4217,17.7799],[99.4175,17.7779],[99.4172,17.7832],[99.4157,17.7848],[99.4125,17.7783],[99.4019,17.7705],[99.4087,17.766],[99.4141,17.7676],[99.4143,17.761],[99.4087,17.754],[99.4078,17.7583],[99.4046,17.7613],[99.4018,17.762],[99.3995,17.7605],[99.4015,17.7583],[99.4008,17.7565],[99.4045,17.7563],[99.4058,17.7544],[99.4043,17.7523],[99.4081,17.7502],[99.4061,17.7475],[99.4042,17.7486],[99.4035,17.745],[99.4,17.7452],[99.3953,17.7491],[99.3973,17.739],[99.3998,17.7408],[99.4015,17.7401],[99.3996,17.7335],[99.3976,17.7351],[99.397,17.7337],[99.3955,17.7358],[99.3928,17.7333],[99.3929,17.7365],[99.3901,17.7323],[99.3871,17.7321],[99.385,17.734],[99.385,17.7287],[99.393,17.7283],[99.3937,17.727],[99.3907,17.7245],[99.3886,17.726],[99.3867,17.7245],[99.3829,17.7249],[99.3846,17.724],[99.3844,17.7219],[99.382,17.7222],[99.378,17.7186],[99.3753,17.7223],[99.3763,17.7341],[99.3602,17.7366],[99.3594,17.7299],[99.3657,17.728],[99.3671,17.7224],[99.3649,17.7234],[99.3659,17.7188],[99.3634,17.717],[99.3573,17.7215],[99.3614,17.7153],[99.3604,17.7094],[99.3509,17.7096],[99.3488,17.7135],[99.346,17.7148],[99.3468,17.7184],[99.3428,17.7163],[99.342,17.718],[99.3387,17.7136],[99.3431,17.7134],[99.345,17.7071],[99.3471,17.7067],[99.3479,17.7037],[99.3426,17.7056],[99.3341,17.7121],[99.3316,17.7168],[99.3236,17.7209],[99.3198,17.7281],[99.3111,17.7362],[99.3088,17.7399],[99.3084,17.7469],[99.3047,17.7507],[99.3081,17.7597],[99.3061,17.7619],[99.2884,17.7583],[99.2819,17.7611],[99.2744,17.7714],[99.2702,17.7729],[99.2702,17.775]],[[99.357,17.734],[99.3552,17.7375],[99.3533,17.737],[99.3532,17.742],[99.3583,17.7368],[99.357,17.734]]]}},{"type":"Feature","properties":{"id":6011583,"name":"\u0e2d\u0e38\u0e17\u0e22\u0e32\u0e19\u0e41\u0e2b\u0e48\u0e07\u0e0a\u0e32\u0e15\u0e34\u0e40\u0e02\u0e32\u0e1e\u0e23\u0e30\u0e27\u0e34\u0e2b\u0e32\u0e23","name_en":"Khao Phra Wihan National Park","boundary":"national_park","protect_class":"2"},"geometry":{"type":"Polygon","coordinates":[[[104.8321,14.4481],[104.8387,14.4505],[104.8399,14.4531],[104.8452,14.4536],[104.8456,14.4572],[104.853,14.4602],[104.8559,14.4593],[104.8514,14.4519],[104.8529,14.4444],[104.8547,14.4423],[104.8613,14.4476],[104.8637,14.4542],[104.8636,14.4593],[104.8738,14.4593],[104.8736,14.454],[104.8752,14.4525],[104.8804,14.4557],[104.8832,14.4513],[104.8929,14.4546],[104.8953,14.45],[104.897,14.4497],[104.9,14.4518],[104.9003,14.4606],[104.9099,14.4605],[104.9127,14.4534],[104.917,14.4506],[104.9192,14.454],[104.9206,14.4648],[104.9234,14.4666],[104.9338,14.4659],[104.9436,14.4627],[104.9473,14.4589],[104.9525,14.4573],[104.9518,14.4548],[104.957,14.4534],[104.9646,14.4545],[104.9703,14.4501],[104.9747,14.4518],[104.9719,14.4438],[104.9738,14.4412],[104.9734,14.4361],[104.9751,14.4336],[104.9729,14.4279],[104.9755,14.4213],[104.9715,14.4028],[104.9719,14.4013],[104.9783,14.4003],[104.9828,14.3973],[104.9832,14.3921],[104.9868,14.3863],[104.9872,14.3822],[104.9778,14.387],[104.9738,14.392],[104.9715,14.3924],[104.9649,14.3888],[104.958,14.3913],[104.9553,14.3813],[104.9463,14.3825],[104.9418,14.3852],[104.9368,14.3924],[104.9326,14.3935],[104.9221,14.4015],[104.9162,14.3988],[104.9054,14.3997],[104.899,14.406],[104.8943,14.4062],[104.8783,14.4125],[104.8717,14.4182],[104.8618,14.4089],[104.8576,14.412],[104.8526,14.4067],[104.841,14.4032],[104.8401,14.3992],[104.8379,14.3979],[104.8336,14.4012],[104.8356,14.4074],[104.834,14.4099],[104.8339,14.4158],[104.8275,14.419],[104.8194,14.418],[104.8172,14.4292],[104.8086,14.4366],[104.8058,14.4374],[104.7915,14.4352],[104.7778,14.4251],[104.7669,14.4235],[104.7568,14.4142],[104.7576,14.4112],[104.7547,14.4083],[104.7548,14.4049],[104.7389,14.4145],[104.7316,14.4129],[104.7237,14.4033],[104.7199,14.4075],[104.7237,14.42],[104.7232,14.4228],[104.7185,14.4289],[104.7112,14.434],[104.6987,14.4273],[104.6913,14.4167],[104.6924,14.4121],[104.6851,14.3984],[104.666,14.4024],[104.6659,14.4133],[104.6703,14.4284],[104.6757,14.4368],[104.6782,14.4378],[104.6841,14.4504],[104.6914,14.4548],[104.6947,14.4525],[104.6964,14.4443],[104.7,14.4433],[104.7002,14.4467],[104.7034,14.445],[104.7093,14.4475],[104.7267,14.4437],[104.7312,14.4458],[104.7329,14.441],[104.7274,14.4316],[104.7314,14.4273],[104.7369,14.4272],[104.7385,14.4353],[104.7413,14.4331],[104.7467,14.4348],[104.7529,14.434],[104.7574,14.4366],[104.7574,14.4384],[104.7629,14.4354],[104.7676,14.4362],[104.7731,14.4322],[104.7775,14.4352],[104.7785,14.4376],[104.786,14.4398],[104.7905,14.444],[104.8005,14.447],[104.8143,14.4463],[104.8178,14.4481],[104.8321,14.4481]]]}},{"type":"Feature","properties":{"id":6011584,"name":"\u0e2d\u0e38\u0e17\u0e22\u0e32\u0e19\u0e41\u0e2b\u0e48\u0e07\u0e0a\u0e32\u0e15\u0e34\u0e19\u0e49\u0e33\u0e1e\u0e2d\u0e07","name_en":"Nam Phong National Park","boundary":"national_park","protect_class":"2"},"geometry":{"type":"Polygon","coordinates":[[[102.5565,16.5686],[102.5508,16.5856],[102.5472,16.5915],[102.542,16.5941],[102.5419,16.6003],[102.5529,16.6124],[102.5523,16.6531],[102.5811,16.6544],[102.5844,16.6532],[102.5894,16.6577],[102.599,16.6605],[102.6073,16.6658],[102.6082,16.6644],[102.6189,16.6738],[102.6196,16.6784],[102.616,16.6818],[102.6226,16.6905],[102.6266,16.6888],[102.628,16.6975],[102.6313,16.7038],[102.6294,16.7148],[102.6305,16.7285],[102.629,16.7322],[102.6303,16.7374],[102.6276,16.7417],[102.6303,16.7448],[102.6334,16.7422],[102.6356,16.7352],[102.6392,16.7331],[102.6365,16.7287],[102.642,16.7268],[102.64,16.7231],[102.6456,16.7202],[102.6445,16.7059],[102.6509,16.6974],[102.654,16.6812],[102.6624,16.6726],[102.6622,16.67],[102.6583,16.6673],[102.6526,16.6698],[102.6547,16.6612],[102.6537,16.654],[102.657,16.6495],[102.6565,16.6441],[102.6518,16.6451],[102.649,16.6383],[102.6499,16.6365],[102.6462,16.632],[102.6516,16.6299],[102.6415,16.6201],[102.6417,16.6163],[102.6468,16.6136],[102.6458,16.6109],[102.6408,16.6105],[102.6391,16.6074],[102.6298,16.6078],[102.6237,16.606],[102.6172,16.6012],[102.6178,16.5916],[102.615,16.59],[102.6076,16.5959],[102.6051,16.6015],[102.6028,16.6019],[102.6025,16.5962],[102.5994,16.5967],[102.598,16.5939],[102.5913,16.5937],[102.5884,16.5982],[102.5843,16.599],[102.586,16.5947],[102.5859,16.5914],[102.5835,16.5903],[102.5839,16.584],[102.5784,16.5833],[102.5746,16.596],[102.5713,16.5888],[102.5668,16.5938],[102.5641,16.5947],[102.5627,16.5904],[102.559,16.5895],[102.5639,16.5814],[102.5616,16.5751],[102.5634,16.5711],[102.5608,16.5688],[102.5565,16.5686]]]}},{"type":"Feature","properties":{"id":6011585,"name":"\u0e2d\u0e38\u0e17\u0e22\u0e32\u0e19\u0e41\u0e2b\u0e48\u0e07\u0e0a\u0e32\u0e15\u0e34\u0e1b\u0e48\u0e32\u0e2b\u0e34\u0e19\u0e07\u0e32\u0e21","name_en":"Pa Hin Ngam National Park","boundary":"national_park","protect_class":"2"},"geometry":{"type":"Polygon","coordinates":[[[101.3832,15.3462],[101.3811,15.344],[101.3793,15.3461],[101.3758,15.3767],[101.3765,15.3802],[101.3822,15.3878],[101.3776,15.3904],[101.3777,15.4305],[101.3848,15.4678],[101.3857,15.4865],[101.3737,15.5276],[101.3727,15.5471],[101.3795,15.5448],[101.3811,15.5425],[101.3813,15.5347],[101.3884,15.5177],[101.3966,15.5083],[101.3938,15.5061],[101.3951,15.5044],[101.394,15.4967],[101.3967,15.4872],[101.3947,15.4805],[101.3973,15.4808],[101.3997,15.4903],[101.3965,15.4965],[101.4022,15.4993],[101.4029,15.4935],[101.4006,15.488],[101.4014,15.4748],[101.3977,15.4688],[101.3931,15.4531],[101.3976,15.4506],[101.3978,15.444],[101.395,15.4424],[101.3952,15.4399],[101.3924,15.4377],[101.3936,15.4359],[101.398,15.4372],[101.4034,15.4363],[101.4051,15.4388],[101.4086,15.4378],[101.4049,15.4344],[101.4102,15.4329],[101.4134,15.4281],[101.4164,15.4278],[101.4187,15.4255],[101.418,15.4192],[101.4147,15.4151],[101.4174,15.4106],[101.399,15.4154],[101.392,15.4147],[101.393,15.4132],[101.3911,15.4106],[101.3918,15.4088],[101.3965,15.4101],[101.3999,15.4094],[101.4001,15.4071],[101.3941,15.4012],[101.3888,15.4001],[101.3878,15.3973],[101.3907,15.3939],[101.3868,15.3883],[101.3842,15.37],[101.3823,15.367],[101.3832,15.3462]]]}},{"type":"Feature","properties":{"id":6011586,"name":"\u0e2d\u0e38\u0e17\u0e22\u0e32\u0e19\u0e41\u0e2b\u0e48\u0e07\u0e0a\u0e32\u0e15\u0e34\u0e1c\u0e32\u0e41\u0e15\u0e49\u0e21","name_en":"Pha Taem National Park","boundary":"national_park","protect_class":"2"},"geometry":{"type":"Polygon","coordinates":[[[105.4912,15.3845],[105.4941,15.3864],[105.5244,15.3932],[105.5402,15.3922],[105.5529,15.3963],[105.5554,15.3988],[105.5613,15.3986],[105.5787,15.4082],[105.5889,15.4205],[105.5952,15.4364],[105.5976,15.4481],[105.5964,15.4559],[105.5976,15.4628],[105.6021,15.4722],[105.6026,15.4786],[105.5968,15.4977],[105.5933,15.5042],[105.5928,15.5099],[105.6068,15.5398],[105.6079,15.5462],[105.6216,15.5585],[105.6249,15.5635],[105.628,15.579],[105.6272,15.5954],[105.6286,15.6052],[105.6368,15.6338],[105.6368,15.6511],[105.6347,15.6626],[105.6265,15.6762],[105.6115,15.6902],[105.6059,15.7028],[105.6034,15.7151],[105.5993,15.7223],[105.5819,15.731],[105.5594,15.7393],[105.5566,15.7466],[105.5519,15.7499],[105.5472,15.7508],[105.5378,15.7482],[105.5325,15.7487],[105.5233,15.756],[105.5155,15.7572],[105.5095,15.7657],[105.504,15.7672],[105.4956,15.7663],[105.4733,15.7517],[105.4653,15.744],[105.4708,15.7442],[105.4749,15.7473],[105.481,15.7484],[105.4791,15.7423],[105.476,15.7393],[105.4708,15.7389],[105.4715,15.7372],[105.4699,15.736],[105.471,15.7351],[105.4692,15.7346],[105.4685,15.7323],[105.4797,15.7304],[105.4866,15.7276],[105.4879,15.7226],[105.4869,15.7203],[105.491,15.714],[105.4884,15.7032],[105.4826,15.7014],[105.4764,15.6935],[105.4797,15.6913],[105.486,15.6824],[105.4953,15.6853],[105.5161,15.68],[105.5186,15.6673],[105.5178,15.6544],[105.5138,15.6495],[105.5131,15.6379],[105.5089,15.6385],[105.5074,15.6419],[105.5085,15.646],[105.5055,15.6503],[105.496,15.655],[105.4901,15.6504],[105.4865,15.6501],[105.4853,15.6476],[105.4826,15.6477],[105.4778,15.6418],[105.4796,15.6343],[105.4784,15.6279],[105.4949,15.6165],[105.4916,15.6077],[105.4944,15.6051],[105.4995,15.6083],[105.5068,15.6027],[105.5092,15.6049],[105.5116,15.6049],[105.5206,15.5974],[105.5275,15.6107],[105.5315,15.61],[105.5321,15.6077],[105.5347,15.607],[105.5361,15.6027],[105.5389,15.6033],[105.5433,15.5984],[105.5431,15.5961],[105.5462,15.5943],[105.5453,15.5929],[105.547,15.5912],[105.5487,15.5936],[105.5543,15.5941],[105.5556,15.5652],[105.57,15.564],[105.5832,15.5539],[105.5868,15.5559],[105.588,15.554],[105.5863,15.5534],[105.5855,15.5503],[105.589,15.5495],[105.59,15.5419],[105.5922,15.5411],[105.5935,15.535],[105.5888,15.5272],[105.5868,15.5262],[105.5858,15.5166],[105.5816,15.5086],[105.58,15.5093],[105.5793,15.5123],[105.5732,15.5129],[105.5729,15.5154],[105.5675,15.5198],[105.5661,15.5245],[105.5612,15.522],[105.5553,15.5227],[105.5561,15.5256],[105.5544,15.5326],[105.5506,15.5308],[105.5492,15.533],[105.5411,15.5342],[105.5339,15.5299],[105.5285,15.5319],[105.5265,15.5352],[105.5234,15.5339],[105.5177,15.5248],[105.5196,15.5179],[105.5188,15.5058],[105.5216,15.5016],[105.5268,15.4996],[105.5282,15.5013],[105.5381,15.5014],[105.5382,15.4999],[105.5419,15.4974],[105.5417,15.4956],[105.5468,15.4933],[105.5474,15.4896],[105.5552,15.4797],[105.5744,15.4625],[105.5747,15.451],[105.5616,15.4509],[105.562,15.4376],[105.5563,15.4426],[105.5523,15.4435],[105.5431,15.4447],[105.5368,15.4436],[105.5338,15.4448],[105.5322,15.4425],[105.5289,15.4454],[105.5232,15.4456],[105.5228,15.4443],[105.5183,15.4474],[105.515,15.4431],[105.5164,15.4382],[105.5134,15.4378],[105.511,15.4344],[105.5089,15.4343],[105.5063,15.4278],[105.5008,15.4297],[105.496,15.4261],[105.4968,15.4212],[105.4987,15.4235],[105.502,15.4215],[105.4998,15.4206],[105.4992,15.4043],[105.4954,15.4032],[105.4904,15.395],[105.4898,15.3904],[105.4931,15.3904],[105.4956,15.3933],[105.5118,15.3956],[105.5245,15.3993],[105.5297,15.3984],[105.5443,15.4006],[105.553,15.404],[105.5591,15.4046],[105.5632,15.4065],[105.565,15.41],[105.5645,15.4047],[105.5568,15.4031],[105.5469,15.3969],[105.5012,15.3933],[105.4893,15.3878],[105.4912,15.3845]],[[105.635,15.6465],[105.6346,15.6346],[105.6274,15.6346],[105.6292,15.6388],[105.628,15.6404],[105.6288,15.6425],[105.6269,15.6438],[105.6273,15.6474],[105.6257,15.6488],[105.63,15.6495],[105.635,15.6465]]]}},{"type":"Feature","properties":{"id":6011587,"name":"\u0e2d\u0e38\u0e17\u0e22\u0e32\u0e19\u0e41\u0e2b\u0e48\u0e07\u0e0a\u0e32\u0e15\u0e34\u0e20\u0e39\u0e08\u0e2d\u0e07-\u0e19\u0e32\u0e22\u0e2d\u0e22","name_en":"Phu Chong-Na Yoi National Park","boundary":"national_park","protect_class":"2"},"geometry":{"type":"Polygon","coordinates":[[[105.0737,14.3072],[105.0747,14.311],[105.0723,14.314],[105.0752,14.3215],[105.0773,14.3226],[105.0742,14.3276],[105.0745,14.3375],[105.0847,14.3505],[105.0843,14.3539],[105.0898,14.3594],[105.0883,14.3666],[105.0906,14.3728],[105.0975,14.381],[105.0941,14.3907],[105.0998,14.3976],[105.1043,14.4069],[105.1092,14.4077],[105.1152,14.4046],[105.1169,14.4015],[105.1224,14.4012],[105.1241,14.4037],[105.1271,14.4037],[105.1336,14.409],[105.1412,14.4104],[105.1459,14.4066],[105.156,14.4029],[105.1557,14.3839],[105.1937,14.3726],[105.196,14.3961],[105.1996,14.4018],[105.2096,14.4051],[105.211,14.4376],[105.2238,14.4527],[105.2283,14.4693],[105.2322,14.4707],[105.238,14.4759],[105.2401,14.4821],[105.2496,14.4944],[105.2577,14.5017],[105.2765,14.5249],[105.2988,14.5488],[105.3125,14.5532],[105.3132,14.5578],[105.3159,14.5547],[105.3197,14.5576],[105.3249,14.5505],[105.3309,14.5556],[105.3325,14.5525],[105.3306,14.5495],[105.3313,14.5447],[105.3288,14.5432],[105.3335,14.5392],[105.3336,14.5418],[105.3362,14.5413],[105.3361,14.5441],[105.3412,14.5421],[105.3401,14.5403],[105.3455,14.5397],[105.3426,14.5473],[105.3439,14.55],[105.3534,14.5479],[105.3548,14.5453],[105.3586,14.5455],[105.3468,14.539],[105.3478,14.5357],[105.3522,14.5341],[105.3517,14.5267],[105.3571,14.5251],[105.3575,14.5202],[105.3599,14.5217],[105.3645,14.5213],[105.3623,14.5309],[105.3639,14.5322],[105.3662,14.5255],[105.3655,14.523],[105.3692,14.5243],[105.3718,14.5281],[105.3715,14.5303],[105.373,14.5307],[105.3743,14.5292],[105.3726,14.5211],[105.3702,14.5196],[105.3708,14.5178],[105.3741,14.5166],[105.3741,14.514],[105.372,14.5126],[105.3739,14.5102],[105.3734,14.5065],[105.3785,14.5105],[105.3789,14.5138],[105.383,14.5141],[105.3841,14.5253],[105.3822,14.5296],[105.3845,14.5374],[105.3895,14.5331],[105.391,14.529],[105.3936,14.538],[105.3955,14.5375],[105.3967,14.5332],[105.3972,14.5384],[105.3999,14.5389],[105.3992,14.5478],[105.4023,14.5508],[105.4118,14.5547],[105.4153,14.5541],[105.4188,14.5569],[105.4301,14.5579],[105.435,14.5601],[105.4399,14.5562],[105.4417,14.5617],[105.4418,14.576],[105.4505,14.5729],[105.4604,14.575],[105.4606,14.6156],[105.4625,14.6166],[105.4655,14.6149],[105.4806,14.6185],[105.482,14.6167],[105.4881,14.6149],[105.4955,14.6182],[105.503,14.6189],[105.5096,14.6138],[105.5369,14.6141],[105.5301,14.6086],[105.5289,14.5952],[105.5317,14.5928],[105.5356,14.5922],[105.5388,14.5835],[105.5363,14.5788],[105.5289,14.5718],[105.5304,14.5661],[105.5349,14.5592],[105.5327,14.5526],[105.5241,14.5514],[105.5241,14.5413],[105.5264,14.5361],[105.5224,14.5385],[105.5167,14.5384],[105.5079,14.5235],[105.5008,14.5205],[105.5006,14.5127],[105.4969,14.5128],[105.4833,14.5059],[105.4807,14.5063],[105.4823,14.5034],[105.4877,14.5006],[105.4797,14.493],[105.4785,14.4861],[105.474,14.4814],[105.4695,14.4704],[105.4612,14.4666],[105.4578,14.4619],[105.456,14.4541],[105.45,14.4521],[105.4493,14.4481],[105.4438,14.4421],[105.4417,14.43],[105.4401,14.428],[105.4344,14.4278],[105.4303,14.4246],[105.4291,14.4161],[105.4237,14.4164],[105.4223,14.4206],[105.4132,14.4287],[105.4075,14.429],[105.4074,14.4248],[105.4035,14.4207],[105.404,14.4147],[105.4005,14.4097],[105.3929,14.4065],[105.387,14.4106],[105.3867,14.3961],[105.3819,14.4001],[105.3761,14.3978],[105.3721,14.3993],[105.3611,14.3879],[105.3524,14.3875],[105.3424,14.3843],[105.3406,14.3843],[105.3387,14.3879],[105.3296,14.3952],[105.3234,14.3981],[105.3203,14.3975],[105.3051,14.3751],[105.3035,14.3661],[105.296,14.3687],[105.2912,14.3679],[105.2894,14.3649],[105.2839,14.3658],[105.2821,14.3545],[105.2793,14.3533],[105.2756,14.3538],[105.2665,14.3607],[105.2612,14.3621],[105.2513,14.3616],[105.2469,14.3585],[105.2461,14.3541],[105.2411,14.35],[105.2357,14.35],[105.2336,14.3368],[105.2282,14.3335],[105.2249,14.3338],[105.221,14.3368],[105.2167,14.3349],[105.2101,14.3428],[105.2039,14.344],[105.198,14.3485],[105.1861,14.342],[105.1814,14.3423],[105.1758,14.3455],[105.1684,14.3349],[105.1672,14.3284],[105.1685,14.3257],[105.176,14.3212],[105.1767,14.3147],[105.1743,14.3107],[105.1709,14.309],[105.1692,14.3045],[105.1608,14.301],[105.1603,14.2892],[105.1534,14.2872],[105.1509,14.2835],[105.1501,14.277],[105.1533,14.269],[105.1439,14.2611],[105.1448,14.2589],[105.1512,14.2596],[105.1538,14.2578],[105.1528,14.2518],[105.1419,14.2372],[105.1267,14.2248],[105.1151,14.2215],[105.1121,14.2171],[105.1106,14.2266],[105.1021,14.2307],[105.0972,14.2351],[105.0914,14.2335],[105.0788,14.2444],[105.0805,14.2485],[105.0778,14.2516],[105.0781,14.2566],[105.0825,14.2631],[105.0768,14.2755],[105.0772,14.2783],[105.0687,14.291],[105.0726,14.2933],[105.0756,14.3016],[105.0737,14.3072]]]}},{"type":"Feature","properties":{"id":6011588,"name":"\u0e2d\u0e38\u0e17\u0e22\u0e32\u0e19\u0e41\u0e2b\u0e48\u0e07\u0e0a\u0e32\u0e15\u0e34\u0e20\u0e39\u0e40\u0e01\u0e49\u0e32-\u0e20\u0e39\u0e1e\u0e32\u0e19\u0e04\u0e33","name_en":"Phu Kao-Phu Phan Kham National Park","boundary":"national_park","protect_class":"2"},"geometry":{"type":"Polygon","coordinates":[[[102.5293,16.7481],[102.6136,16.7493],[102.6134,16.7763],[102.615,16.7788],[102.6123,16.7839],[102.6129,16.7909],[102.6229,16.7903],[102.6226,16.7959],[102.624,16.8004],[102.6256,16.8004],[102.6217,16.8091],[102.624,16.8121],[102.623,16.8197],[102.6298,16.8324],[102.6284,16.8381],[102.6353,16.8504],[102.6379,16.8524],[102.6379,16.857],[102.6408,16.8586],[102.6436,16.8673],[102.6461,16.8694],[102.6555,16.8878],[102.6612,16.8931],[102.6641,16.8931],[102.665,16.8992],[102.6789,16.9079],[102.6792,16.9122],[102.6818,16.915],[102.6881,16.9145],[102.691,16.9175],[102.6915,16.921],[102.6968,16.9193],[102.6996,16.9201],[102.7035,16.9267],[102.7018,16.9305],[102.7069,16.931],[102.7084,16.9361],[102.7119,16.9365],[102.7132,16.9401],[102.7164,16.9401],[102.7177,16.9484],[102.7143,16.9503],[102.714,16.9552],[102.7208,16.9537],[102.7195,16.9576],[102.7153,16.9577],[102.7197,16.9658],[102.7162,16.9732],[102.7196,16.978],[102.714,16.9843],[102.7114,16.9923],[102.6914,16.992],[102.6724,16.9848],[102.6664,16.9755],[102.6651,16.9719],[102.6672,16.9604],[102.6627,16.9581],[102.6641,16.9499],[102.6602,16.9428],[102.6615,16.9416],[102.6584,16.9382],[102.6595,16.9322],[102.6523,16.9196],[102.6446,16.9003],[102.6372,16.8902],[102.6333,16.8786],[102.6305,16.876],[102.6284,16.8677],[102.6178,16.8458],[102.6136,16.8286],[102.6111,16.8267],[102.6079,16.8286],[102.6098,16.8306],[102.6106,16.835],[102.6085,16.8343],[102.6094,16.8366],[102.6059,16.8374],[102.6059,16.8416],[102.6018,16.8419],[102.6074,16.8466],[102.6056,16.8495],[102.596,16.8458],[102.5925,16.8468],[102.5881,16.8556],[102.5842,16.8553],[102.5867,16.8591],[102.5892,16.8595],[102.5892,16.8632],[102.5848,16.8617],[102.5826,16.8631],[102.5859,16.8672],[102.5854,16.8688],[102.5794,16.8665],[102.5797,16.8708],[102.573,16.8573],[102.5758,16.8559],[102.5778,16.8515],[102.5758,16.8485],[102.5696,16.851],[102.567,16.8473],[102.5715,16.8445],[102.5755,16.8442],[102.5725,16.8394],[102.5735,16.8367],[102.5762,16.8378],[102.5731,16.8335],[102.5804,16.8241],[102.5862,16.8128],[102.5837,16.8103],[102.5798,16.8152],[102.5779,16.8108],[102.5785,16.8071],[102.5709,16.8081],[102.5712,16.8046],[102.5791,16.8005],[102.5772,16.7986],[102.5789,16.7964],[102.5833,16.7983],[102.5854,16.796],[102.5854,16.7929],[102.5829,16.7918],[102.582,16.789],[102.5788,16.7893],[102.5752,16.787],[102.5726,16.791],[102.5683,16.7933],[102.5689,16.8002],[102.5657,16.8007],[102.553,16.7932],[102.5509,16.7972],[102.5481,16.7966],[102.5459,16.8027],[102.5473,16.8045],[102.5428,16.8069],[102.542,16.8111],[102.5457,16.8171],[102.5385,16.8124],[102.5371,16.8162],[102.5347,16.8119],[102.5277,16.8202],[102.5245,16.8208],[102.5289,16.8283],[102.5241,16.8267],[102.5256,16.8298],[102.5281,16.8301],[102.5305,16.8329],[102.5298,16.8341],[102.5273,16.8333],[102.5263,16.8353],[102.5269,16.8398],[102.5253,16.8389],[102.5232,16.8322],[102.5213,16.8324],[102.5191,16.8363],[102.518,16.8363],[102.5177,16.8329],[102.5144,16.8331],[102.5173,16.8261],[102.5132,16.8219],[102.5129,16.8164],[102.5095,16.8176],[102.5034,16.8247],[102.5059,16.8303],[102.5017,16.8298],[102.5012,16.827],[102.4979,16.8291],[102.4991,16.824],[102.5041,16.8163],[102.5049,16.8112],[102.5031,16.808],[102.4999,16.8091],[102.4972,16.8141],[102.4971,16.8177],[102.4947,16.8193],[102.4921,16.818],[102.4902,16.8125],[102.4881,16.8124],[102.4875,16.8173],[102.4859,16.8181],[102.4874,16.8197],[102.4845,16.8235],[102.4803,16.8189],[102.4802,16.8157],[102.4782,16.8147],[102.4723,16.8184],[102.4752,16.8092],[102.4744,16.8071],[102.4731,16.808],[102.4691,16.8042],[102.4706,16.7991],[102.476,16.7974],[102.4764,16.7939],[102.473,16.7953],[102.475,16.7866],[102.4787,16.7846],[102.4808,16.7961],[102.4868,16.7877],[102.4983,16.7942],[102.5002,16.798],[102.5056,16.7937],[102.5027,16.7863],[102.4959,16.7835],[102.4952,16.7806],[102.4983,16.7799],[102.4999,16.7765],[102.506,16.7753],[102.5072,16.771],[102.5119,16.7724],[102.5151,16.7699],[102.519,16.7777],[102.5221,16.7768],[102.522,16.7806],[102.5201,16.7817],[102.5214,16.7834],[102.5241,16.7831],[102.5269,16.7765],[102.5283,16.7786],[102.5302,16.7773],[102.5286,16.7758],[102.5293,16.7481]],[[102.4589,16.9555],[102.4626,16.9628],[102.4672,16.956],[102.469,16.9563],[102.4685,16.9551],[102.4751,16.9567],[102.4714,16.9518],[102.4725,16.949],[102.4741,16.949],[102.4731,16.9451],[102.475,16.9423],[102.4746,16.9402],[102.4717,16.9379],[102.463,16.9379],[102.4604,16.9404],[102.4587,16.9468],[102.4589,16.9555]]]}},{"type":"Feature","properties":{"id":6011589,"name":"\u0e2d\u0e38\u0e17\u0e22\u0e32\u0e19\u0e41\u0e2b\u0e48\u0e07\u0e0a\u0e32\u0e15\u0e34\u0e20\u0e39\u0e01\u0e23\u0e30\u0e14\u0e36\u0e07","name_en":"Phu Kradueng National Park","boundary":"national_park","protect_class":"2"},"geometry":{"type":"Polygon","coordinates":[[[101.6986,16.9441],[101.6955,16.9458],[101.6914,16.9422],[101.6849,16.9425],[101.6844,16.9372],[101.6923,16.9364],[101.6887,16.9344],[101.6872,16.931],[101.6882,16.926],[101.6922,16.9231],[101.6894,16.9222],[101.6871,16.924],[101.6851,16.9222],[101.6867,16.9193],[101.6829,16.9124],[101.685,16.8996],[101.6818,16.8968],[101.6787,16.8854],[101.6788,16.8832],[101.6827,16.8807],[101.6837,16.877],[101.6835,16.874],[101.6799,16.8719],[101.6843,16.869],[101.677,16.8671],[101.6795,16.8652],[101.6788,16.8613],[101.6814,16.8573],[101.6849,16.8591],[101.6886,16.8579],[101.6862,16.8546],[101.6846,16.8552],[101.6854,16.8468],[101.688,16.8453],[101.6886,16.8476],[101.6908,16.8486],[101.6899,16.8422],[101.6931,16.8354],[101.6984,16.835],[101.7008,16.8316],[101.6991,16.8294],[101.7007,16.8285],[101.7068,16.83],[101.7065,16.8262],[101.7089,16.8227],[101.7186,16.8159],[101.7196,16.8121],[101.7181,16.8091],[101.7219,16.8071],[101.7194,16.8036],[101.7191,16.8002],[101.7205,16.7988],[101.7252,16.7993],[101.732,16.8049],[101.7336,16.8094],[101.7388,16.8106],[101.739,16.8072],[101.7478,16.8082],[101.7524,16.8064],[101.7537,16.8052],[101.7538,16.799],[101.7555,16.7972],[101.7599,16.7986],[101.765,16.7975],[101.7677,16.8045],[101.7814,16.8006],[101.7841,16.7968],[101.7892,16.8019],[101.7954,16.8051],[101.7922,16.8135],[101.7951,16.8174],[101.7945,16.8219],[101.8088,16.8313],[101.8144,16.8323],[101.816,16.8306],[101.8189,16.8306],[101.8209,16.8341],[101.8318,16.8381],[101.831,16.8393],[101.8365,16.8418],[101.8492,16.8525],[101.8562,16.8627],[101.8564,16.8723],[101.8548,16.8768],[101.8522,16.878],[101.8513,16.8827],[101.8424,16.8904],[101.8352,16.9036],[101.8256,16.9348],[101.8127,16.9477],[101.8041,16.9487],[101.8,16.9555],[101.8001,16.9581],[101.7976,16.9595],[101.7943,16.9588],[101.7911,16.9602],[101.7869,16.9562],[101.7827,16.956],[101.7655,16.9612],[101.7652,16.9642],[101.7684,16.9659],[101.7697,16.9702],[101.7679,16.9739],[101.7618,16.9757],[101.7712,16.9754],[101.771,16.9768],[101.7651,16.9794],[101.7499,16.98],[101.7408,16.9759],[101.7358,16.9677],[101.7279,16.9681],[101.7241,16.9664],[101.7194,16.9669],[101.718,16.9653],[101.7164,16.9667],[101.7159,16.9634],[101.7122,16.9637],[101.7114,16.9612],[101.7092,16.9614],[101.7096,16.96],[101.7046,16.9569],[101.7031,16.9534],[101.7051,16.9528],[101.701,16.9491],[101.7019,16.9466],[101.6985,16.9462],[101.6986,16.9441]]]}},{"type":"Feature","properties":{"id":6011590,"name":"\u0e2d\u0e38\u0e17\u0e22\u0e32\u0e19\u0e41\u0e2b\u0e48\u0e07\u0e0a\u0e32\u0e15\u0e34\u0e20\u0e39\u0e41\u0e25\u0e19\u0e04\u0e32","name_en":"Phu Laen Kha National Park","boundary":"national_park","protect_class":"2"},"geometry":{"type":"Polygon","coordinates":[[[101.8955,15.999],[101.8957,16.0025],[101.9021,16.0102],[101.9076,16.0135],[101.9137,16.0212],[101.9199,16.0246],[101.9207,16.0301],[101.9357,16.0371],[101.9383,16.0408],[101.94,16.0413],[101.9425,16.0379],[101.9449,16.0391],[101.9469,16.0529],[101.9525,16.0676],[101.9608,16.085],[101.9656,16.0908],[101.9663,16.0951],[101.9745,16.1043],[101.9824,16.1034],[101.9858,16.1055],[101.9878,16.1128],[101.9841,16.119],[101.9842,16.1216],[101.979,16.1256],[101.9789,16.1284],[101.9854,16.1382],[101.995,16.1447],[102.0021,16.1456],[102.0051,16.1512],[102.011,16.1482],[102.0111,16.1507],[102.0126,16.1514],[102.0185,16.1461],[102.0197,16.1469],[102.0124,16.1597],[102.0107,16.1597],[102.0111,16.1576],[102.0086,16.1573],[102.0036,16.1776],[101.9956,16.185],[101.9933,16.1908],[101.9961,16.2037],[101.9976,16.2044],[102.0036,16.1999],[102.006,16.2008],[102.0095,16.1981],[102.0138,16.2012],[102.0183,16.2003],[102.0242,16.1924],[102.0277,16.1911],[102.0293,16.1954],[102.0318,16.1947],[102.0345,16.1876],[102.0368,16.1879],[102.0404,16.1933],[102.0375,16.2018],[102.0382,16.2093],[102.0255,16.2467],[102.0244,16.2581],[102.0292,16.2609],[102.038,16.258],[102.0641,16.2541],[102.0713,16.2471],[102.0893,16.238],[102.1011,16.242],[102.088,16.263],[102.0831,16.265],[102.081,16.2634],[102.0787,16.2678],[102.0757,16.2684],[102.0744,16.2729],[102.0695,16.273],[102.0669,16.2746],[102.0494,16.2732],[102.0453,16.2793],[102.0395,16.2817],[102.0282,16.2793],[102.019,16.2797],[102.0071,16.2711],[101.9978,16.2595],[102.0007,16.2476],[102.0072,16.2364],[102.0114,16.2248],[102.0109,16.2207],[101.9902,16.2232],[101.985,16.2225],[101.9779,16.2182],[101.9713,16.2013],[101.9725,16.1949],[101.9744,16.1942],[101.9709,16.1883],[101.9704,16.1832],[101.9719,16.1817],[101.9711,16.1768],[101.9747,16.1767],[101.9748,16.1736],[101.9783,16.1705],[101.9777,16.1673],[101.9808,16.1654],[101.979,16.163],[101.9802,16.1585],[101.9768,16.1542],[101.9741,16.1568],[101.973,16.1555],[101.9621,16.1354],[101.9593,16.122],[101.9548,16.1221],[101.9541,16.1204],[101.9586,16.1187],[101.9589,16.1166],[101.9553,16.114],[101.9554,16.1089],[101.9529,16.108],[101.9504,16.1044],[101.9522,16.0982],[101.9494,16.0991],[101.9486,16.0978],[101.9499,16.0969],[101.9459,16.0914],[101.9408,16.0911],[101.9389,16.0888],[101.9376,16.0838],[101.9407,16.0816],[101.9386,16.0746],[101.9333,16.0699],[101.9323,16.0664],[101.9284,16.0644],[101.926,16.0591],[101.9283,16.0572],[101.9248,16.0526],[101.9222,16.0522],[101.9203,16.05],[101.9176,16.0506],[101.914,16.046],[101.9146,16.0443],[101.9084,16.0383],[101.9026,16.0369],[101.9016,16.0339],[101.8996,16.0334],[101.8954,16.0276],[101.8971,16.0242],[101.8957,16.0211],[101.8915,16.0207],[101.8901,16.0181],[101.8926,16.0131],[101.8927,16.0083],[101.8915,16.0072],[101.8717,16.0107],[101.8491,16.0049],[101.8433,16.0007],[101.8314,16.0015],[101.826,15.9984],[101.8134,15.9972],[101.7932,15.9846],[101.7602,15.9901],[101.725,15.9891],[101.7226,15.9869],[101.7193,15.9874],[101.7012,15.9789],[101.6904,15.9596],[101.6955,15.9485],[101.6998,15.9448],[101.7051,15.9451],[101.712,15.941],[101.7199,15.9398],[101.7315,15.9405],[101.7417,15.9436],[101.7441,15.9481],[101.7598,15.9483],[101.7981,15.9572],[101.8048,15.9616],[101.8453,15.9644],[101.8631,15.9705],[101.8683,15.9748],[101.8848,15.9757],[101.8898,15.9782],[101.8936,15.9853],[101.8936,15.9973],[101.8955,15.999]]]}},{"type":"Feature","properties":{"id":6011591,"name":"\u0e2d\u0e38\u0e17\u0e22\u0e32\u0e19\u0e41\u0e2b\u0e48\u0e07\u0e0a\u0e32\u0e15\u0e34\u0e20\u0e39\u0e1c\u0e32\u0e40\u0e2b\u0e25\u0e47\u0e01","name_en":"Phu Pha Lek National Park","boundary":"national_park","protect_class":"2"},"geometry":{"type":"Polygon","coordinates":[[[103.7782,16.9616],[103.7835,16.9581],[103.776,16.9424],[103.7789,16.9339],[103.7813,16.909],[103.7891,16.9037],[103.7923,16.8957],[103.7889,16.8885],[103.7997,16.884],[103.806,16.8846],[103.8065,16.8783],[103.8104,16.8763],[103.8211,16.8749],[103.8241,16.8707],[103.8243,16.8659],[103.8347,16.8657],[103.8367,16.8591],[103.8359,16.8559],[103.8277,16.8604],[103.8203,16.8591],[103.8119,16.849],[103.8047,16.8469],[103.7965,16.8357],[103.7897,16.8309],[103.789,16.8291],[103.7916,16.8265],[103.7893,16.8249],[103.7893,16.8225],[103.7858,16.8246],[103.7825,16.8243],[103.7824,16.8208],[103.7767,16.8148],[103.7756,16.8151],[103.7764,16.8206],[103.7734,16.8216],[103.7746,16.8226],[103.7736,16.8249],[103.7717,16.8239],[103.7713,16.8282],[103.7691,16.8258],[103.765,16.8256],[103.7668,16.83],[103.76,16.831],[103.7604,16.8355],[103.7665,16.8396],[103.7646,16.8435],[103.7671,16.8452],[103.767,16.8564],[103.7689,16.858],[103.7662,16.8616],[103.7629,16.8551],[103.7589,16.8543],[103.7549,16.8563],[103.7534,16.8612],[103.7574,16.8792],[103.7704,16.8915],[103.769,16.8982],[103.7702,16.9015],[103.7674,16.9045],[103.7684,16.9083],[103.7655,16.9086],[103.7627,16.9147],[103.7562,16.919],[103.7506,16.9285],[103.7451,16.9288],[103.7433,16.9341],[103.744,16.939],[103.7588,16.939],[103.764,16.9313],[103.7647,16.9323],[103.7743,16.9316],[103.7678,16.9368],[103.7681,16.9444],[103.7731,16.9508],[103.7736,16.9548],[103.7782,16.9616]],[[103.4485,17.2576],[103.4485,17.2649],[103.451,17.2666],[103.4537,17.2658],[103.4589,17.256],[103.4485,17.2576]]]}},{"type":"Feature","properties":{"id":6011593,"name":"\u0e2d\u0e38\u0e17\u0e22\u0e32\u0e19\u0e41\u0e2b\u0e48\u0e07\u0e0a\u0e32\u0e15\u0e34\u0e20\u0e39\u0e1c\u0e32\u0e22\u0e25","name_en":"Phu Pha Yon National Park","boundary":"national_park","protect_class":"2"},"geometry":{"type":"Polygon","coordinates":[[[104.2265,16.7254],[104.223,16.7304],[104.2224,16.7424],[104.2266,16.7522],[104.2247,16.7633],[104.2102,16.7692],[104.2012,16.7659],[104.1929,16.777],[104.1955,16.7835],[104.1876,16.7862],[104.1841,16.7897],[104.1857,16.7929],[104.1836,16.7964],[104.1698,16.8008],[104.165,16.8005],[104.1583,16.8065],[104.156,16.8149],[104.1596,16.8169],[104.161,16.8162],[104.1614,16.8203],[104.1638,16.8197],[104.1629,16.8223],[104.1655,16.822],[104.1656,16.8261],[104.1625,16.8298],[104.1557,16.8328],[104.1536,16.8413],[104.157,16.8525],[104.156,16.8575],[104.1614,16.8712],[104.1721,16.8791],[104.1786,16.8766],[104.1814,16.8809],[104.1879,16.8789],[104.1907,16.8749],[104.1951,16.8763],[104.2065,16.8686],[104.2085,16.8622],[104.2044,16.8563],[104.2105,16.857],[104.2194,16.8475],[104.222,16.8475],[104.2255,16.8417],[104.226,16.8365],[104.2242,16.8352],[104.2255,16.8334],[104.2309,16.8349],[104.2357,16.8333],[104.2367,16.8298],[104.2393,16.8323],[104.2456,16.8294],[104.2496,16.8296],[104.2517,16.8313],[104.2588,16.8254],[104.2661,16.8245],[104.2672,16.8219],[104.264,16.8147],[104.2588,16.812],[104.2618,16.8069],[104.2641,16.7912],[104.2572,16.7861],[104.2591,16.7824],[104.2575,16.7769],[104.2556,16.7762],[104.256,16.7743],[104.2579,16.7736],[104.2563,16.768],[104.2592,16.7678],[104.2609,16.7711],[104.2625,16.7677],[104.2606,16.7647],[104.2655,16.7604],[104.2642,16.7696],[104.2656,16.7707],[104.2624,16.775],[104.2691,16.7863],[104.2699,16.7942],[104.2676,16.8004],[104.2686,16.8031],[104.2638,16.81],[104.2686,16.8181],[104.2727,16.8193],[104.278,16.8193],[104.2801,16.8155],[104.2845,16.8171],[104.2912,16.8164],[104.2937,16.8205],[104.2974,16.8219],[104.3014,16.8209],[104.3029,16.8171],[104.308,16.8169],[104.3096,16.8131],[104.3076,16.8022],[104.3091,16.8012],[104.3125,16.8032],[104.3158,16.8158],[104.3265,16.8202],[104.3306,16.8193],[104.3312,16.8122],[104.3288,16.8072],[104.3322,16.8017],[104.3371,16.7991],[104.3432,16.7991],[104.3504,16.8025],[104.3635,16.8027],[104.366,16.7988],[104.3721,16.8017],[104.3743,16.8007],[104.3755,16.7964],[104.374,16.7923],[104.3765,16.7886],[104.3832,16.7887],[104.3832,16.7868],[104.3801,16.7838],[104.38,16.7744],[104.3681,16.7746],[104.362,16.7686],[104.3571,16.7683],[104.3571,16.762],[104.3597,16.7638],[104.3624,16.7623],[104.3756,16.7666],[104.3788,16.7623],[104.3768,16.7572],[104.3778,16.7515],[104.3819,16.7449],[104.3803,16.7405],[104.3813,16.7367],[104.3854,16.7321],[104.3824,16.7266],[104.3839,16.7219],[104.3751,16.7297],[104.3726,16.7281],[104.3645,16.7287],[104.347,16.7233],[104.3202,16.7263],[104.3206,16.7282],[104.3119,16.7395],[104.3097,16.7395],[104.3103,16.7436],[104.3087,16.7501],[104.3029,16.76],[104.2996,16.7581],[104.2951,16.7587],[104.2897,16.7565],[104.288,16.7539],[104.2894,16.7442],[104.287,16.7401],[104.2823,16.7399],[104.2787,16.7438],[104.2756,16.7535],[104.2707,16.7504],[104.2669,16.7457],[104.2672,16.7431],[104.2622,16.7412],[104.2684,16.7381],[104.2638,16.7362],[104.2668,16.7308],[104.2646,16.7296],[104.2591,16.7374],[104.2491,16.7368],[104.2419,16.7279],[104.2371,16.7281],[104.2309,16.7249],[104.2265,16.7254]]]}},{"type":"Feature","properties":{"id":6011595,"name":"\u0e2d\u0e38\u0e17\u0e22\u0e32\u0e19\u0e41\u0e2b\u0e48\u0e07\u0e0a\u0e32\u0e15\u0e34\u0e20\u0e39\u0e2a\u0e23\u0e30\u0e14\u0e2d\u0e01\u0e1a\u0e31\u0e27","name_en":"Phu Sa Dok Bua National Park","boundary":"national_park","protect_class":"2"},"geometry":{"type":"Polygon","coordinates":[[[104.611,16.3103],[104.6106,16.3024],[104.615,16.2868],[104.6076,16.2789],[104.6067,16.2712],[104.588,16.2669],[104.5854,16.2686],[104.5862,16.2726],[104.5997,16.2778],[104.5952,16.2849],[104.5963,16.2924],[104.5948,16.2996],[104.5962,16.3033],[104.603,16.3104],[104.611,16.3103]]]}},{"type":"Feature","properties":{"id":6011596,"name":"\u0e2d\u0e38\u0e17\u0e22\u0e32\u0e19\u0e41\u0e2b\u0e48\u0e07\u0e0a\u0e32\u0e15\u0e34\u0e20\u0e39\u0e2a\u0e27\u0e19\u0e17\u0e23\u0e32\u0e22","name_en":"Phu Suan Sai National Park","boundary":"national_park","protect_class":"2"},"geometry":{"type":"Polygon","coordinates":[[[100.925,17.5706],[100.9215,17.5667],[100.9059,17.5617],[100.9052,17.5567],[100.9096,17.5504],[100.9073,17.5509],[100.9099,17.5485],[100.9073,17.5483],[100.9069,17.5467],[100.9098,17.5448],[100.9093,17.5414],[100.9083,17.5401],[100.907,17.5417],[100.9063,17.5408],[100.9078,17.538],[100.9023,17.5393],[100.903,17.5374],[100.9067,17.536],[100.903,17.5323],[100.9033,17.531],[100.9122,17.5344],[100.9109,17.5302],[100.905,17.524],[100.9046,17.5203],[100.9162,17.53],[100.9079,17.5084],[100.9107,17.5059],[100.9099,17.5042],[100.9041,17.507],[100.8988,17.5004],[100.9001,17.4979],[100.9096,17.4971],[100.9076,17.4868],[100.9091,17.4794],[100.9146,17.4742],[100.9199,17.4729],[100.9287,17.4759],[100.9532,17.4753],[100.9559,17.4772],[100.9617,17.4753],[100.9782,17.4752],[100.9779,17.4799],[100.9809,17.4852],[100.9807,17.4885],[100.983,17.4871],[100.9838,17.4883],[100.9826,17.4899],[100.9837,17.4901],[100.9836,17.5],[100.986,17.5019],[100.9736,17.5054],[100.9754,17.5074],[100.9809,17.507],[100.9822,17.5118],[100.9845,17.5136],[100.985,17.5093],[100.9886,17.5138],[100.9899,17.5112],[100.9909,17.5131],[100.9918,17.5122],[100.9948,17.5166],[100.9941,17.5139],[100.996,17.5148],[100.9979,17.5131],[100.9999,17.5153],[100.9999,17.5127],[101.0016,17.515],[101.0032,17.5072],[101.0046,17.512],[101.0072,17.5111],[101.0079,17.5127],[101.0095,17.5092],[101.0101,17.5135],[101.0138,17.5126],[101.0176,17.5138],[101.0175,17.5164],[101.0239,17.5144],[101.0235,17.5158],[101.0256,17.5162],[101.0263,17.5148],[101.0269,17.5179],[101.0285,17.516],[101.0291,17.518],[101.031,17.5159],[101.032,17.5175],[101.0332,17.5153],[101.0357,17.5158],[101.0378,17.5132],[101.0408,17.5139],[101.0425,17.5113],[101.0447,17.5116],[101.0437,17.5093],[101.0499,17.5104],[101.0495,17.515],[101.0528,17.5198],[101.0503,17.5245],[101.0501,17.522],[101.0475,17.5247],[101.0453,17.5223],[101.044,17.5232],[101.0412,17.522],[101.0447,17.53],[101.0467,17.5313],[101.0454,17.5405],[101.0467,17.544],[101.0451,17.5459],[101.0402,17.5411],[101.0378,17.5469],[101.0332,17.5477],[101.0235,17.5529],[101.0139,17.5462],[101.0137,17.5394],[101.0082,17.5395],[101.005,17.5316],[100.9977,17.5324],[100.9981,17.5309],[100.9967,17.5305],[100.9961,17.5321],[100.9944,17.5319],[100.9946,17.5348],[100.9979,17.5365],[100.9938,17.5365],[100.9945,17.5384],[100.9928,17.5381],[100.9946,17.5413],[100.9912,17.5411],[100.9926,17.5494],[100.9959,17.5503],[100.9995,17.5577],[100.9931,17.5634],[100.9931,17.5662],[100.9901,17.5653],[100.9889,17.5677],[100.9851,17.5656],[100.9785,17.572],[100.9751,17.5728],[100.9734,17.5688],[100.9662,17.5715],[100.9651,17.5748],[100.9631,17.5754],[100.9597,17.5755],[100.9561,17.573],[100.9548,17.575],[100.9534,17.5738],[100.9492,17.5746],[100.9475,17.5724],[100.9465,17.5737],[100.9404,17.5731],[100.938,17.5697],[100.9325,17.5688],[100.9307,17.5709],[100.9282,17.5692],[100.925,17.5706]],[[100.9412,17.5727],[100.9401,17.5726],[100.9385,17.5665],[100.9412,17.5659],[100.9414,17.5637],[100.9384,17.5607],[100.9392,17.5592],[100.9422,17.561],[100.9421,17.5541],[100.944,17.5588],[100.9451,17.5585],[100.9459,17.5529],[100.9405,17.5423],[100.9419,17.5386],[100.9419,17.5412],[100.9479,17.5504],[100.9495,17.5508],[100.9496,17.5534],[100.9538,17.5559],[100.9539,17.5578],[100.956,17.5578],[100.9551,17.5597],[100.958,17.5587],[100.9574,17.5561],[100.9587,17.5553],[100.9607,17.559],[100.9592,17.5604],[100.9634,17.5616],[100.9627,17.565],[100.965,17.5627],[100.9658,17.5638],[100.9637,17.5726],[100.9608,17.5741],[100.9429,17.571],[100.9412,17.5727]]]}},{"type":"Feature","properties":{"id":6011597,"name":"\u0e2d\u0e38\u0e17\u0e22\u0e32\u0e19\u0e41\u0e2b\u0e48\u0e07\u0e0a\u0e32\u0e15\u0e34\u0e15\u0e32\u0e14\u0e42\u0e15\u0e19","name_en":"Tat Ton National Park","boundary":"national_park","protect_class":"2"},"geometry":{"type":"Polygon","coordinates":[[[101.9425,16.0379],[101.9453,16.0346],[101.9485,16.0384],[101.946,16.0417],[101.9483,16.0557],[101.9678,16.0475],[101.9768,16.0413],[101.9772,16.0384],[101.9836,16.0335],[101.9919,16.0283],[101.9971,16.0279],[101.9981,16.0258],[102.0017,16.0251],[102.0094,16.0188],[102.0165,16.0184],[102.0275,16.0129],[102.0426,16.0139],[102.0486,16.0101],[102.0465,16.0068],[102.0594,16.004],[102.0701,15.9963],[102.0721,15.9981],[102.0753,15.9975],[102.0772,15.9945],[102.0797,15.9941],[102.0886,15.998],[102.0921,15.9944],[102.0969,15.9931],[102.1002,15.9949],[102.1026,15.9928],[102.1082,15.9916],[102.1139,15.9929],[102.1229,15.9892],[102.12,15.9843],[102.1229,15.9798],[102.1318,15.9828],[102.1365,15.9803],[102.1389,15.984],[102.1439,15.974],[102.1431,15.9691],[102.1522,15.9626],[102.1541,15.9585],[102.1647,15.9497],[102.1588,15.9462],[102.1427,15.9409],[102.1413,15.9381],[102.133,15.9378],[102.1321,15.9349],[102.1292,15.9373],[102.1187,15.9404],[102.1023,15.9381],[102.0988,15.9407],[102.0816,15.9425],[102.0789,15.9408],[102.0758,15.945],[102.071,15.945],[102.0594,15.9514],[102.0569,15.9509],[102.0434,15.9634],[102.033,15.9657],[102.0252,15.9655],[102.0254,15.9628],[102.0232,15.961],[102.0179,15.9598],[102.0156,15.9611],[102.0174,15.9648],[102.016,15.9669],[102.0055,15.9628],[102.0029,15.9601],[101.9982,15.9603],[101.9958,15.9557],[101.9845,15.9506],[101.9839,15.9445],[101.9767,15.9424],[101.9745,15.9386],[101.9648,15.9317],[101.9616,15.9316],[101.9572,15.9274],[101.9566,15.9215],[101.955,15.9212],[101.9527,15.9157],[101.949,15.9122],[101.9394,15.9105],[101.9284,15.9115],[101.926,15.9103],[101.9185,15.9151],[101.9181,15.9179],[101.9145,15.9174],[101.9154,15.9095],[101.9121,15.908],[101.9076,15.9132],[101.9076,15.9157],[101.9024,15.9202],[101.8979,15.9409],[101.8991,15.9437],[101.903,15.9455],[101.9007,15.9491],[101.9013,15.9505],[101.8975,15.9543],[101.8967,15.9659],[101.8947,15.9665],[101.8915,15.9731],[101.8917,15.9787],[101.8939,15.9803],[101.8938,15.9833],[101.8968,15.988],[101.8957,16.0025],[101.9137,16.0212],[101.9199,16.0246],[101.9207,16.0301],[101.9357,16.0371],[101.9383,16.0408],[101.94,16.0413],[101.9425,16.0379]]]}},{"type":"Feature","properties":{"id":6525839,"name":"\u0e2d\u0e38\u0e17\u0e22\u0e32\u0e19\u0e41\u0e2b\u0e48\u0e07\u0e0a\u0e32\u0e15\u0e34\u0e41\u0e01\u0e48\u0e07\u0e01\u0e23\u0e30\u0e08\u0e32\u0e19","name_en":"Kaeng Krachan National Park","boundary":"national_park","protect_class":"2"},"geometry":{"type":"Polygon","coordinates":[[[99.5293,13.2071],[99.5229,13.21],[99.5191,13.2074],[99.5139,13.1995],[99.5149,13.1942],[99.51,13.1908],[99.5087,13.1831],[99.5067,13.1804],[99.5009,13.1806],[99.5002,13.1849],[99.4945,13.187],[99.4904,13.1919],[99.4864,13.1913],[99.4814,13.199],[99.4787,13.2005],[99.4692,13.1928],[99.4639,13.184],[99.4592,13.1864],[99.4425,13.1835],[99.438,13.1858],[99.4333,13.1915],[99.4323,13.1952],[99.4281,13.1984],[99.4202,13.1974],[99.4145,13.199],[99.4071,13.2129],[99.4015,13.2134],[99.3988,13.2176],[99.3965,13.2169],[99.3936,13.2129],[99.3716,13.2208],[99.3717,13.2282],[99.3682,13.2337],[99.3584,13.2332],[99.3503,13.2439],[99.3442,13.2386],[99.3423,13.2346],[99.3385,13.2329],[99.3388,13.2282],[99.3352,13.2207],[99.3233,13.2229],[99.325,13.2155],[99.3215,13.2136],[99.3187,13.2025],[99.3196,13.1898],[99.3247,13.1871],[99.3263,13.183],[99.3242,13.1775],[99.2823,13.1525],[99.2719,13.1488],[99.2701,13.1491],[99.2652,13.1553],[99.2633,13.1609],[99.2471,13.1795],[99.2458,13.1856],[99.2394,13.1875],[99.2276,13.203],[99.2215,13.2046],[99.2162,13.2012],[99.2107,13.2076],[99.2042,13.2041],[99.2033,13.1989],[99.1998,13.194],[99.1975,13.1935],[99.1945,13.1974],[99.1906,13.1931],[99.1865,13.1939],[99.184,13.1925],[99.1816,13.193],[99.1751,13.2021],[99.1662,13.2055],[99.1641,13.2079],[99.1561,13.2084],[99.1466,13.2054],[99.1391,13.2057],[99.1309,13.2026],[99.1233,13.1947],[99.1251,13.1884],[99.1235,13.1822],[99.1203,13.1804],[99.1166,13.1748],[99.1222,13.1699],[99.1265,13.1696],[99.1296,13.1662],[99.1337,13.1646],[99.1372,13.1508],[99.1301,13.1427],[99.1312,13.1375],[99.1354,13.1353],[99.1369,13.1327],[99.1332,13.123],[99.1339,13.1186],[99.1297,13.1186],[99.128,13.1156],[99.1288,13.1088],[99.1273,13.1032],[99.1311,13.0971],[99.1242,13.0953],[99.1198,13.0961],[99.1145,13.0883],[99.1115,13.0881],[99.1076,13.0833],[99.1048,13.0849],[99.1024,13.0831],[99.0996,13.0774],[99.0995,13.0727],[99.1033,13.0683],[99.1036,13.0639],[99.1102,13.0635],[99.1145,13.0584],[99.1137,13.0543],[99.1165,13.0488],[99.1258,13.0382],[99.1343,13.0334],[99.1395,13.0323],[99.1411,13.035],[99.1456,13.0335],[99.1479,13.0267],[99.1543,13.027],[99.1578,13.0198],[99.1628,13.0203],[99.1709,13.0151],[99.1686,13.0098],[99.1735,13.0007],[99.176,13.0002],[99.18,12.9957],[99.1801,12.9933],[99.1893,12.9901],[99.1917,12.9917],[99.1949,12.9906],[99.1902,12.9841],[99.1896,12.9799],[99.187,12.978],[99.1896,12.9683],[99.1932,12.9655],[99.1951,12.96],[99.1954,12.9566],[99.1936,12.9525],[99.1888,12.9519],[99.1841,12.9447],[99.1726,12.9431],[99.1707,12.9343],[99.1684,12.9329],[99.1674,12.9291],[99.1623,12.9283],[99.1654,12.9244],[99.1752,12.9208],[99.1825,12.9112],[99.1832,12.8927],[99.1806,12.8871],[99.1886,12.88],[99.187,12.8764],[99.1874,12.8687],[99.1849,12.8617],[99.1872,12.856],[99.186,12.8502],[99.1886,12.8452],[99.1913,12.8459],[99.1978,12.8442],[99.1984,12.8402],[99.2059,12.8365],[99.2105,12.8261],[99.2175,12.829],[99.2191,12.8232],[99.2221,12.8221],[99.2224,12.8166],[99.2261,12.8081],[99.2257,12.799],[99.2294,12.7963],[99.2278,12.7902],[99.2307,12.7838],[99.2345,12.7804],[99.2327,12.7662],[99.2348,12.7613],[99.2341,12.7513],[99.231,12.7457],[99.2279,12.7439],[99.234,12.7381],[99.2386,12.7266],[99.2476,12.7194],[99.2536,12.7238],[99.2603,12.7257],[99.2642,12.7251],[99.2703,12.7285],[99.2788,12.716],[99.2895,12.715],[99.2884,12.7088],[99.2903,12.7066],[99.2897,12.6991],[99.2958,12.6956],[99.3008,12.6903],[99.2995,12.6848],[99.2953,12.6824],[99.2946,12.6778],[99.3027,12.6744],[99.3073,12.671],[99.3091,12.6676],[99.3139,12.6673],[99.3184,12.6695],[99.3337,12.6655],[99.3381,12.6623],[99.3385,12.6592],[99.3449,12.6483],[99.3438,12.6432],[99.3449,12.641],[99.3482,12.6396],[99.3545,12.6406],[99.3563,12.6362],[99.3652,12.6353],[99.367,12.6331],[99.3652,12.6257],[99.3705,12.6222],[99.3777,12.6219],[99.3789,12.616],[99.3863,12.617],[99.3883,12.6151],[99.3903,12.6162],[99.3967,12.6122],[99.3999,12.6139],[99.4064,12.613],[99.4106,12.6153],[99.4138,12.6146],[99.4211,12.6087],[99.4203,12.6042],[99.4233,12.6016],[99.4254,12.5949],[99.4336,12.5897],[99.4405,12.5815],[99.4323,12.5835],[99.4282,12.5793],[99.4278,12.5767],[99.4309,12.5721],[99.4305,12.5701],[99.4355,12.5654],[99.4303,12.5556],[99.4231,12.5566],[99.4215,12.5519],[99.4234,12.5356],[99.4219,12.5278],[99.4202,12.526],[99.4179,12.5262],[99.4174,12.5242],[99.4203,12.5154],[99.4197,12.5059],[99.4254,12.4969],[99.4252,12.4914],[99.4218,12.4892],[99.4163,12.489],[99.4121,12.4842],[99.4061,12.4809],[99.4066,12.4728],[99.4033,12.4697],[99.4029,12.4628],[99.401,12.4599],[99.4207,12.462],[99.4281,12.4697],[99.4355,12.4708],[99.4367,12.4673],[99.4413,12.468],[99.4429,12.4703],[99.4489,12.4695],[99.4489,12.4676],[99.4805,12.4678],[99.4839,12.4636],[99.4904,12.4673],[99.4968,12.4665],[99.5104,12.458],[99.5177,12.458],[99.5186,12.4562],[99.5234,12.4575],[99.5232,12.4591],[99.5349,12.4599],[99.5421,12.4682],[99.5457,12.4698],[99.545,12.4732],[99.5466,12.4784],[99.5594,12.4693],[99.5742,12.4692],[99.5797,12.474],[99.5777,12.4812],[99.5799,12.4869],[99.5778,12.5003],[99.5703,12.509],[99.5685,12.5082],[99.5648,12.511],[99.5641,12.5152],[99.5614,12.5132],[99.5573,12.5142],[99.5519,12.5114],[99.5512,12.5087],[99.5402,12.5066],[99.5349,12.4993],[99.5316,12.502],[99.522,12.4986],[99.5182,12.5005],[99.5122,12.4997],[99.51,12.5224],[99.5082,12.5228],[99.5106,12.5314],[99.5073,12.5445],[99.5054,12.5465],[99.5057,12.5948],[99.4983,12.5995],[99.4957,12.6039],[99.4977,12.6059],[99.5072,12.6009],[99.5096,12.6016],[99.5086,12.6051],[99.512,12.6054],[99.5177,12.5981],[99.5206,12.5985],[99.5243,12.6059],[99.5277,12.6044],[99.5285,12.6061],[99.5251,12.6103],[99.528,12.6162],[99.53,12.6159],[99.5308,12.618],[99.5284,12.6292],[99.5212,12.6351],[99.5178,12.6355],[99.5174,12.6393],[99.5277,12.6381],[99.534,12.6437],[99.5323,12.6489],[99.5337,12.6492],[99.5366,12.645],[99.5396,12.6456],[99.5429,12.6524],[99.5491,12.6526],[99.5441,12.6288],[99.5475,12.6176],[99.5573,12.6111],[99.5596,12.6162],[99.5641,12.6149],[99.5641,12.6036],[99.5665,12.603],[99.5656,12.596],[99.5623,12.5952],[99.5711,12.5761],[99.5802,12.5803],[99.5883,12.5704],[99.5879,12.5595],[99.5735,12.5509],[99.5736,12.5459],[99.5694,12.5334],[99.5616,12.531],[99.5632,12.5259],[99.5707,12.5253],[99.573,12.5292],[99.58,12.5242],[99.5802,12.5167],[99.5905,12.5066],[99.5892,12.4992],[99.6026,12.4864],[99.6018,12.4769],[99.6075,12.4736],[99.6152,12.4737],[99.6194,12.4796],[99.6204,12.4883],[99.6226,12.4913],[99.6265,12.4927],[99.6321,12.4929],[99.6409,12.488],[99.6432,12.489],[99.6423,12.5009],[99.6436,12.508],[99.6649,12.5228],[99.6707,12.5236],[99.6792,12.5201],[99.6865,12.5208],[99.6895,12.5287],[99.6857,12.5345],[99.685,12.5437],[99.6799,12.5493],[99.6846,12.5598],[99.6809,12.5713],[99.6783,12.5724],[99.6668,12.5617],[99.658,12.5613],[99.6517,12.5682],[99.6501,12.5756],[99.644,12.5834],[99.6437,12.59],[99.6461,12.5948],[99.6523,12.5976],[99.653,12.6021],[99.651,12.6042],[99.6448,12.6088],[99.636,12.6088],[99.6302,12.6232],[99.6243,12.6284],[99.59,12.6275],[99.59,12.6307],[99.6324,12.6573],[99.6398,12.6524],[99.6409,12.6471],[99.6457,12.6476],[99.6466,12.6608],[99.6512,12.6704],[99.6495,12.6874],[99.6445,12.7024],[99.6482,12.7073],[99.6472,12.7106],[99.6376,12.7095],[99.6276,12.7285],[99.6173,12.7403],[99.6113,12.7394],[99.6034,12.7301],[99.6022,12.7197],[99.5982,12.7198],[99.5988,12.7282],[99.5921,12.7253],[99.5905,12.729],[99.6015,12.7332],[99.6016,12.738],[99.5976,12.7425],[99.5908,12.7425],[99.5839,12.7468],[99.5854,12.7514],[99.58,12.7548],[99.5739,12.7617],[99.573,12.7662],[99.5612,12.7777],[99.5544,12.7788],[99.5503,12.7815],[99.5577,12.7927],[99.5557,12.8038],[99.5574,12.8083],[99.5543,12.8219],[99.5673,12.8222],[99.5702,12.8235],[99.5829,12.8209],[99.5831,12.8245],[99.5798,12.8288],[99.5753,12.8289],[99.5652,12.8341],[99.5559,12.8456],[99.5486,12.8477],[99.5395,12.8555],[99.5385,12.8582],[99.5306,12.8635],[99.527,12.8596],[99.5322,12.8535],[99.5289,12.8513],[99.5255,12.8526],[99.5213,12.8579],[99.513,12.864],[99.5149,12.8665],[99.5126,12.874],[99.5344,12.8732],[99.543,12.8663],[99.5503,12.8679],[99.5603,12.8768],[99.5719,12.8912],[99.5969,12.8912],[99.5967,12.883],[99.6143,12.883],[99.615,12.87],[99.6288,12.8753],[99.6356,12.87],[99.6384,12.8595],[99.6532,12.8452],[99.6667,12.8382],[99.6711,12.852],[99.6734,12.8518],[99.6746,12.8553],[99.6676,12.8573],[99.6676,12.8596],[99.6695,12.8598],[99.6694,12.8626],[99.6664,12.8686],[99.6693,12.8689],[99.6688,12.871],[99.6532,12.8772],[99.6452,12.878],[99.64,12.884],[99.6316,12.8889],[99.628,12.908],[99.6248,12.9137],[99.623,12.9364],[99.6149,12.9363],[99.6023,12.9265],[99.6007,12.9317],[99.5977,12.9345],[99.6003,12.9405],[99.5982,12.9446],[99.5995,12.9489],[99.5963,12.952],[99.5966,12.9563],[99.5883,12.9652],[99.5884,12.9767],[99.5805,12.9767],[99.5801,12.9822],[99.5745,12.9855],[99.5676,13.0032],[99.5531,13.0062],[99.5529,13.0201],[99.561,13.0228],[99.5713,13.0314],[99.5846,13.0388],[99.5969,13.0551],[99.5974,13.0616],[99.5837,13.0842],[99.586,13.0916],[99.5923,13.0976],[99.5932,13.1049],[99.59,13.1105],[99.5977,13.1335],[99.5894,13.1439],[99.5947,13.1571],[99.5944,13.1597],[99.5915,13.1613],[99.5859,13.1583],[99.5778,13.162],[99.5765,13.1669],[99.5803,13.1684],[99.5794,13.1728],[99.5686,13.1841],[99.5537,13.1955],[99.5487,13.2049],[99.5445,13.2026],[99.5389,13.2043],[99.5373,13.2077],[99.5345,13.2071],[99.5315,13.2093],[99.5293,13.2071]],[[99.5547,12.8074],[99.5528,12.8066],[99.5505,12.8095],[99.5513,12.811],[99.5533,12.8109],[99.5547,12.8074]]]}},{"type":"Feature","properties":{"id":7175753,"name":"\u0e2d\u0e38\u0e17\u0e22\u0e32\u0e19\u0e41\u0e2b\u0e48\u0e07\u0e0a\u0e32\u0e15\u0e34\u0e18\u0e32\u0e23\u0e40\u0e2a\u0e14\u0e47\u0e08-\u0e40\u0e01\u0e32\u0e30\u0e1e\u0e30\u0e07\u0e31\u0e19","name_en":"Than Sadet-Ko Pha-ngan National Park","boundary":"national_park","protect_class":"2"},"geometry":{"type":"Polygon","coordinates":[[[100.0754,9.682],[100.0761,9.681],[100.0784,9.6836],[100.0752,9.6881],[100.0661,9.693],[100.066,9.6963],[100.0689,9.6963],[100.0713,9.6999],[100.0688,9.7062],[100.0738,9.7268],[100.0733,9.7307],[100.0649,9.7333],[100.0648,9.7351],[100.0743,9.7404],[100.0754,9.7427],[100.0728,9.7475],[100.0731,9.7499],[100.0703,9.7515],[100.0663,9.7511],[100.0637,9.7473],[100.0618,9.7483],[100.0569,9.7548],[100.0622,9.7545],[100.063,9.7584],[100.0667,9.7608],[100.0636,9.7645],[100.0594,9.764],[100.0543,9.7673],[100.048,9.7672],[100.0463,9.766],[100.0515,9.7623],[100.0512,9.7609],[100.0478,9.7611],[100.0479,9.7575],[100.0505,9.7531],[100.0557,9.7521],[100.0574,9.7489],[100.0625,9.7463],[100.0579,9.7449],[100.0579,9.743],[100.0471,9.7449],[100.0435,9.7435],[100.0399,9.7463],[100.0433,9.7488],[100.0463,9.7542],[100.0424,9.7632],[100.0402,9.7745],[100.0322,9.7891],[100.0329,9.7958],[100.0309,9.8011],[100.0251,9.8029],[100.0209,9.7995],[100.0174,9.8],[100.0171,9.797],[100.0142,9.7935],[100.0157,9.7894],[100.0145,9.7865],[100.0182,9.7844],[100.0135,9.775],[100.0145,9.7647],[100.0087,9.7582],[100.0145,9.7509],[100.0132,9.7467],[100.0145,9.7431],[100.0129,9.7406],[100.0138,9.7383],[100.0117,9.7354],[100.0152,9.7262],[100.0138,9.7232],[100.0188,9.7193],[100.0196,9.7232],[100.0229,9.7219],[100.0248,9.7284],[100.0342,9.7273],[100.0341,9.7291],[100.0406,9.7312],[100.0381,9.7285],[100.0396,9.7266],[100.0381,9.7238],[100.0438,9.7197],[100.0459,9.7119],[100.0474,9.7126],[100.0493,9.7088],[100.0511,9.7101],[100.0523,9.7086],[100.0506,9.7068],[100.0542,9.7014],[100.0539,9.6986],[100.0562,9.6974],[100.055,9.6936],[100.0487,9.69],[100.055,9.6853],[100.064,9.6829],[100.0634,9.6872],[100.0602,9.6882],[100.0603,9.6903],[100.0636,9.6914],[100.0754,9.682]]]}},{"type":"Feature","properties":{"id":10671658,"name":"\u0e28\u0e39\u0e19\u0e22\u0e4c\u0e28\u0e36\u0e01\u0e29\u0e32\u0e18\u0e23\u0e23\u0e21\u0e0a\u0e32\u0e15\u0e34\u0e41\u0e25\u0e30\u0e2a\u0e31\u0e15\u0e27\u0e4c\u0e1b\u0e48\u0e32\u0e40\u0e0a\u0e34\u0e07\u0e14\u0e2d\u0e22\u0e2a\u0e38\u0e40\u0e17\u0e1e","name_en":"Choeng Doi Suthep Wildlife and Nature Education Center","boundary":"nature_reserve","protect_class":""},"geometry":{"type":"Polygon","coordinates":[[[98.9437,18.7812],[98.9432,18.7858],[98.9508,18.7849],[98.9489,18.7803],[98.9451,18.7784],[98.9437,18.7812]]]}},{"type":"Feature","properties":{"id":10918362,"name":"\u0e40\u0e02\u0e15\u0e23\u0e31\u0e01\u0e29\u0e32\u0e1e\u0e31\u0e19\u0e18\u0e38\u0e4c\u0e2a\u0e31\u0e15\u0e27\u0e4c\u0e1b\u0e48\u0e32\u0e20\u0e39\u0e02\u0e31\u0e14","name_en":"Phu Khat Wildlife Sanctuary","boundary":"protected_area","protect_class":"1a"},"geometry":{"type":"Polygon","coordinates":[[[101.0341,17.3016],[101.0335,17.2979],[101.0367,17.2912],[101.0351,17.2883],[101.0395,17.2795],[101.0444,17.2819],[101.054,17.2793],[101.0644,17.2807],[101.0704,17.2783],[101.0709,17.2809],[101.0756,17.2812],[101.0775,17.2797],[101.078,17.2814],[101.0821,17.2817],[101.0822,17.2775],[101.0782,17.2731],[101.0777,17.2701],[101.0631,17.2675],[101.0599,17.2543],[101.0529,17.2516],[101.049,17.2545],[101.0447,17.255],[101.044,17.2511],[101.0391,17.251],[101.0389,17.2598],[101.0334,17.2597],[101.0299,17.265],[101.0242,17.2688],[101.0225,17.2675],[101.0312,17.2586],[101.0306,17.2553],[101.0325,17.2547],[101.0334,17.2512],[101.0319,17.2461],[101.0343,17.2437],[101.0316,17.2403],[101.0287,17.2312],[101.0277,17.2318],[101.0254,17.2298],[101.0277,17.2252],[101.023,17.2186],[101.016,17.2149],[101.0095,17.2184],[101.0056,17.2183],[100.9948,17.2104],[100.9885,17.2098],[100.9837,17.212],[100.9744,17.2082],[100.9631,17.2091],[100.9511,17.2145],[100.96,17.2301],[100.9662,17.2353],[100.9673,17.2409],[100.9657,17.2449],[100.9674,17.2543],[100.9726,17.2562],[100.9783,17.2628],[100.9715,17.271],[100.9635,17.2741],[100.9606,17.2785],[100.961,17.284],[100.9599,17.2894],[100.9582,17.2906],[100.9562,17.2898],[100.9546,17.2859],[100.9549,17.281],[100.9526,17.2798],[100.9509,17.2799],[100.9491,17.2836],[100.9444,17.2826],[100.9425,17.2853],[100.9399,17.2854],[100.9409,17.2905],[100.9396,17.2914],[100.9376,17.2916],[100.9327,17.2857],[100.9326,17.2818],[100.9354,17.277],[100.9283,17.2738],[100.9245,17.2686],[100.9242,17.2454],[100.9177,17.2397],[100.917,17.2366],[100.9139,17.236],[100.9099,17.2307],[100.9045,17.2285],[100.9014,17.2244],[100.9021,17.2202],[100.8969,17.2228],[100.8942,17.2255],[100.8948,17.2272],[100.8923,17.228],[100.889,17.2388],[100.8857,17.2371],[100.8804,17.2379],[100.8801,17.2397],[100.885,17.2412],[100.8892,17.2407],[100.8911,17.2486],[100.8815,17.2439],[100.8792,17.2453],[100.8788,17.248],[100.8799,17.2578],[100.8747,17.2535],[100.8733,17.2548],[100.8651,17.2536],[100.8584,17.2604],[100.8521,17.2736],[100.8501,17.2746],[100.8457,17.2824],[100.8443,17.2901],[100.8346,17.2907],[100.8423,17.3018],[100.8466,17.3043],[100.8519,17.3034],[100.8599,17.3161],[100.864,17.3159],[100.8678,17.3238],[100.8728,17.3246],[100.8755,17.3268],[100.8772,17.3334],[100.8892,17.3413],[100.882,17.3487],[100.8845,17.3499],[100.8838,17.3549],[100.8868,17.3562],[100.8867,17.3579],[100.8892,17.3569],[100.8883,17.3616],[100.8909,17.3628],[100.8891,17.3689],[100.8871,17.3699],[100.8925,17.3716],[100.8906,17.3721],[100.8917,17.3728],[100.8905,17.3739],[100.8871,17.3736],[100.8899,17.3782],[100.8912,17.3758],[100.893,17.377],[100.8928,17.3822],[100.8993,17.384],[100.9006,17.386],[100.8987,17.3875],[100.9026,17.389],[100.9047,17.3928],[100.8999,17.3918],[100.8987,17.3952],[100.8948,17.3942],[100.8941,17.3904],[100.8914,17.3902],[100.8889,17.3949],[100.8877,17.3924],[100.8874,17.3957],[100.8887,17.3966],[100.8868,17.3992],[100.8873,17.4018],[100.8931,17.417],[100.8899,17.4256],[100.8937,17.4419],[100.8992,17.4538],[100.8932,17.4652],[100.8949,17.4652],[100.8947,17.4632],[100.8989,17.4582],[100.9037,17.4583],[100.9057,17.4539],[100.909,17.454],[100.911,17.4515],[100.9164,17.4508],[100.9176,17.4439],[100.9143,17.4349],[100.9169,17.4322],[100.9205,17.4317],[100.9224,17.4255],[100.9207,17.423],[100.9246,17.4205],[100.9225,17.4201],[100.9208,17.4152],[100.9227,17.4117],[100.9212,17.4076],[100.923,17.4028],[100.9185,17.4019],[100.917,17.3999],[100.9162,17.3923],[100.9179,17.3895],[100.9168,17.3855],[100.9144,17.3849],[100.9147,17.3802],[100.9127,17.3776],[100.9168,17.373],[100.9145,17.3669],[100.9167,17.3644],[100.917,17.3596],[100.9137,17.3426],[100.9183,17.3426],[100.9186,17.3399],[100.9226,17.3378],[100.9368,17.3354],[100.9438,17.3411],[100.9494,17.3382],[100.9565,17.3374],[100.9633,17.3383],[100.97,17.3423],[100.9736,17.34],[100.9869,17.339],[100.9907,17.3417],[100.9929,17.3414],[101.0077,17.3325],[101.0088,17.3254],[101.0069,17.3232],[101.0107,17.3157],[101.0154,17.3116],[101.0179,17.3123],[101.0197,17.311],[101.022,17.3135],[101.0237,17.3114],[101.0271,17.3111],[101.0341,17.3016]]]}},{"type":"Feature","properties":{"id":10919968,"name":"\u0e40\u0e02\u0e15\u0e23\u0e31\u0e01\u0e29\u0e32\u0e1e\u0e31\u0e19\u0e18\u0e38\u0e4c\u0e2a\u0e31\u0e15\u0e27\u0e4c\u0e1b\u0e48\u0e32\u0e2b\u0e49\u0e27\u0e22\u0e17\u0e31\u0e1a\u0e17\u0e31\u0e19-\u0e2b\u0e49\u0e27\u0e22\u0e2a\u0e33\u0e23\u0e32\u0e0d","name_en":"Huai Thap Than-Huai Samran Wildlife Sanctuary","boundary":"protected_area","protect_class":"1a"},"geometry":{"type":"Polygon","coordinates":[[[103.3013,14.3531],[103.3157,14.3567],[103.3258,14.3522],[103.333,14.3514],[103.3363,14.359],[103.3395,14.3602],[103.3418,14.3602],[103.3482,14.3542],[103.3529,14.3527],[103.3674,14.3521],[103.3799,14.3524],[103.3922,14.3572],[103.402,14.3578],[103.3992,14.3696],[103.412,14.3716],[103.4174,14.3813],[103.436,14.3909],[103.4382,14.3892],[103.4394,14.3791],[103.4461,14.3821],[103.4473,14.3745],[103.4511,14.3683],[103.4677,14.3647],[103.4707,14.3685],[103.4724,14.3759],[103.4804,14.3794],[103.4828,14.3875],[103.4923,14.3859],[103.4969,14.3899],[103.496,14.4027],[103.4982,14.4121],[103.5237,14.4177],[103.5366,14.4258],[103.5492,14.4275],[103.5576,14.4319],[103.5676,14.4326],[103.5738,14.4312],[103.5782,14.4335],[103.5917,14.4291],[103.598,14.4233],[103.6063,14.4219],[103.6104,14.4253],[103.6116,14.4163],[103.6155,14.4082],[103.6177,14.4053],[103.6214,14.4041],[103.642,14.4146],[103.6488,14.4158],[103.6544,14.4133],[103.6568,14.4208],[103.651,14.4237],[103.6416,14.4244],[103.6414,14.4255],[103.6448,14.4337],[103.6501,14.4348],[103.6539,14.4386],[103.6595,14.4398],[103.6664,14.437],[103.6756,14.4366],[103.6889,14.4404],[103.7082,14.4311],[103.7072,14.4126],[103.7029,14.4091],[103.7026,14.3987],[103.7003,14.3919],[103.7058,14.3816],[103.7106,14.3798],[103.7247,14.3813],[103.7316,14.3857],[103.7394,14.3785],[103.7463,14.378],[103.749,14.3733],[103.7521,14.3718],[103.7589,14.3778],[103.769,14.3671],[103.7744,14.3649],[103.7747,14.3608],[103.7798,14.3615],[103.7847,14.3661],[103.795,14.3668],[103.8023,14.3697],[103.8042,14.365],[103.8029,14.3567],[103.8297,14.3532],[103.8308,14.3538],[103.8282,14.3579],[103.8329,14.3676],[103.8372,14.3711],[103.8422,14.3716],[103.8611,14.3666],[103.8624,14.365],[103.8605,14.3576],[103.8684,14.3544],[103.8724,14.3464],[103.8757,14.3461],[103.8817,14.338],[103.8842,14.3395],[103.8854,14.3434],[103.8931,14.3429],[103.9004,14.3452],[103.9014,14.344],[103.8998,14.338],[103.9008,14.3373],[103.9082,14.3384],[103.9137,14.336],[103.9226,14.3365],[103.9298,14.3321],[103.9381,14.332],[103.9422,14.3302],[103.9473,14.3325],[103.9462,14.3435],[103.9489,14.3494],[103.9519,14.351],[103.9714,14.3497],[103.9817,14.3546],[103.9852,14.3515],[103.9872,14.3467],[103.9957,14.3454],[103.9993,14.3518],[104.007,14.3568],[104.0103,14.3551],[104.0108,14.3476],[104.0152,14.3427],[104.028,14.3404],[104.0283,14.3375],[104.0329,14.3402],[104.0566,14.3453],[104.0523,14.356],[104.0479,14.3567],[104.0436,14.3611],[104.0465,14.3674],[104.0469,14.3732],[104.0506,14.379],[104.0468,14.3874],[104.0485,14.3913],[104.0468,14.4079],[104.0482,14.4104],[104.0525,14.4122],[104.0534,14.415],[104.0505,14.4283],[104.0437,14.4302],[104.0405,14.4342],[104.0356,14.4316],[104.0357,14.4286],[104.0316,14.4271],[104.0331,14.4221],[104.0154,14.4219],[104.0115,14.4249],[104.0103,14.4299],[103.9994,14.4299],[103.9982,14.4279],[104.0018,14.4244],[103.9984,14.4226],[103.9907,14.4232],[103.9862,14.4183],[103.9823,14.4196],[103.981,14.4176],[103.9877,14.4079],[103.981,14.4101],[103.978,14.4159],[103.9758,14.4158],[103.9724,14.4188],[103.9711,14.4171],[103.9722,14.4126],[103.9574,14.4128],[103.9564,14.4212],[103.9538,14.4223],[103.9493,14.4192],[103.9444,14.4209],[103.9403,14.4185],[103.9409,14.4161],[103.938,14.4158],[103.9365,14.4132],[103.9395,14.4115],[103.938,14.4084],[103.9347,14.4075],[103.9334,14.405],[103.9227,14.4013],[103.921,14.4062],[103.9161,14.4085],[103.9054,14.4072],[103.9014,14.4093],[103.9001,14.413],[103.9047,14.4249],[103.905,14.4318],[103.9018,14.437],[103.8968,14.4386],[103.8943,14.4459],[103.899,14.4462],[103.9013,14.4432],[103.9049,14.4442],[103.9065,14.4409],[103.9123,14.443],[103.9143,14.4422],[103.9174,14.4366],[103.9203,14.4366],[103.9223,14.4402],[103.9249,14.437],[103.9271,14.4372],[103.9301,14.4532],[103.9289,14.4546],[103.9244,14.4539],[103.9215,14.4577],[103.9193,14.4567],[103.9165,14.4592],[103.9018,14.4579],[103.8969,14.4548],[103.8965,14.4517],[103.8862,14.4455],[103.8832,14.4451],[103.8784,14.447],[103.879,14.4394],[103.8761,14.438],[103.872,14.4392],[103.852,14.4267],[103.851,14.4221],[103.846,14.4236],[103.8415,14.4209],[103.8392,14.4218],[103.8355,14.4279],[103.8214,14.43],[103.8108,14.4407],[103.8057,14.4412],[103.8011,14.4453],[103.7992,14.4423],[103.7929,14.442],[103.7893,14.4386],[103.7839,14.4404],[103.7796,14.4384],[103.7777,14.4407],[103.7843,14.4451],[103.775,14.4502],[103.7632,14.4464],[103.7504,14.4452],[103.7481,14.451],[103.7431,14.4516],[103.74,14.4542],[103.7337,14.4484],[103.7295,14.4474],[103.718,14.449],[103.7105,14.4411],[103.7126,14.4378],[103.7112,14.4365],[103.7031,14.4472],[103.7032,14.4534],[103.7002,14.4518],[103.6972,14.4526],[103.6907,14.4477],[103.687,14.4509],[103.6844,14.4486],[103.6812,14.4498],[103.6769,14.447],[103.6676,14.4506],[103.6648,14.4481],[103.6636,14.4501],[103.6612,14.4499],[103.6621,14.4525],[103.6602,14.453],[103.6588,14.4502],[103.6553,14.4524],[103.6496,14.4522],[103.6477,14.454],[103.6391,14.4529],[103.635,14.4567],[103.6301,14.4588],[103.627,14.4577],[103.6225,14.459],[103.6218,14.4615],[103.6179,14.4626],[103.6066,14.459],[103.6057,14.4636],[103.5705,14.4632],[103.5612,14.4655],[103.5487,14.4713],[103.52,14.4658],[103.52,14.4566],[103.489,14.4527],[103.4543,14.4047],[103.3947,14.4041],[103.394,14.3972],[103.3813,14.3874],[103.3788,14.382],[103.3744,14.3798],[103.3571,14.3811],[103.3481,14.3783],[103.3423,14.379],[103.3408,14.3749],[103.3386,14.3735],[103.3307,14.3737],[103.3232,14.3693],[103.2443,14.3687],[103.2455,14.3663],[103.2426,14.3655],[103.243,14.364],[103.249,14.3616],[103.2424,14.3588],[103.2396,14.3608],[103.2376,14.3594],[103.2361,14.3573],[103.237,14.3508],[103.2346,14.3453],[103.2243,14.3399],[103.226,14.3376],[103.2262,14.3267],[103.237,14.3361],[103.2526,14.3396],[103.2621,14.3468],[103.2816,14.3483],[103.3013,14.3531]],[[103.2684,14.3501],[103.2685,14.3539],[103.2614,14.3538],[103.2613,14.35],[103.2684,14.3501]]]}},{"type":"Feature","properties":{"id":10920567,"name":"\u0e2d\u0e38\u0e17\u0e22\u0e32\u0e19\u0e41\u0e2b\u0e48\u0e07\u0e0a\u0e32\u0e15\u0e34\u0e15\u0e32\u0e1e\u0e23\u0e30\u0e22\u0e32","name_en":"Ta Phraya National Park","boundary":"national_park","protect_class":"2"},"geometry":{"type":"Polygon","coordinates":[[[103.2227,14.3422],[103.226,14.3376],[103.2262,14.3267],[103.2189,14.3236],[103.2146,14.3281],[103.2029,14.327],[103.1884,14.3345],[103.1688,14.3349],[103.1613,14.331],[103.1536,14.3139],[103.1465,14.3248],[103.1419,14.3263],[103.1286,14.3198],[103.1284,14.313],[103.1306,14.3066],[103.1241,14.3027],[103.1153,14.2996],[103.0984,14.2995],[103.0884,14.2961],[103.0835,14.2965],[103.0791,14.2939],[103.0739,14.2858],[103.0573,14.285],[103.0556,14.2813],[103.0569,14.2743],[103.0382,14.2518],[103.0319,14.2502],[103.0332,14.2391],[103.0221,14.2285],[103.0171,14.2312],[103.0133,14.2308],[103.0098,14.2242],[102.9972,14.2135],[102.9896,14.2131],[102.9861,14.2149],[102.9716,14.2105],[102.9625,14.2122],[102.9517,14.2061],[102.9568,14.1989],[102.9562,14.1967],[102.9513,14.196],[102.9447,14.1985],[102.9388,14.1954],[102.9408,14.1862],[102.9365,14.1801],[102.9303,14.1757],[102.9374,14.1651],[102.9372,14.1612],[102.9409,14.1509],[102.9363,14.1421],[102.9288,14.1358],[102.926,14.135],[102.9248,14.1416],[102.9214,14.1477],[102.9076,14.1513],[102.9045,14.149],[102.8959,14.1532],[102.8944,14.1521],[102.8942,14.145],[102.8911,14.1434],[102.8897,14.1406],[102.8561,14.1402],[102.8432,14.1488],[102.8281,14.1491],[102.8158,14.1584],[102.8097,14.1516],[102.8,14.1509],[102.7925,14.1555],[102.7901,14.155],[102.7879,14.1506],[102.7835,14.1468],[102.7767,14.1444],[102.7664,14.1307],[102.7258,14.1302],[102.7077,14.1246],[102.6958,14.124],[102.6901,14.124],[102.6853,14.126],[102.6818,14.1299],[102.6622,14.1296],[102.6529,14.1203],[102.6438,14.1203],[102.6438,14.1124],[102.6542,14.1047],[102.6552,14.1017],[102.6623,14.1],[102.6626,14.0933],[102.6669,14.093],[102.6771,14.0868],[102.6897,14.0857],[102.6906,14.0813],[102.6856,14.0785],[102.6846,14.0755],[102.6907,14.0753],[102.6911,14.0711],[102.6905,14.068],[102.6885,14.0681],[102.6871,14.0656],[102.6872,14.0609],[102.6907,14.0555],[102.6864,14.0437],[102.6853,14.0455],[102.682,14.046],[102.678,14.0429],[102.6747,14.0426],[102.6736,14.0407],[102.6641,14.0445],[102.6575,14.0432],[102.6538,14.0481],[102.6417,14.048],[102.6367,14.0444],[102.6344,14.0443],[102.6232,14.0537],[102.6176,14.0565],[102.6069,14.0567],[102.605,14.0655],[102.5954,14.0589],[102.5887,14.0595],[102.5778,14.0577],[102.5702,14.0588],[102.5702,14.0701],[102.5598,14.0765],[102.5614,14.0833],[102.5419,14.083],[102.5421,14.0741],[102.5355,14.0753],[102.534,14.0771],[102.5352,14.0819],[102.5332,14.0839],[102.5344,14.0875],[102.5324,14.097],[102.5176,14.0915],[102.5157,14.0932],[102.5104,14.0926],[102.4997,14.1052],[102.4981,14.1095],[102.4981,14.1206],[102.503,14.1253],[102.5022,14.1324],[102.508,14.1331],[102.5172,14.142],[102.5241,14.1431],[102.5332,14.1377],[102.5502,14.1348],[102.5685,14.1491],[102.5866,14.1577],[102.5916,14.1659],[102.5984,14.1694],[102.6072,14.1714],[102.612,14.1703],[102.6278,14.152],[102.6357,14.1486],[102.64,14.1516],[102.6453,14.1612],[102.6521,14.1651],[102.6593,14.1548],[102.664,14.1533],[102.6689,14.1542],[102.6695,14.1569],[102.6757,14.1601],[102.6802,14.1658],[102.7173,14.1662],[102.7193,14.1722],[102.7229,14.1751],[102.7282,14.1844],[102.7466,14.1844],[102.7466,14.1936],[102.754,14.1937],[102.7563,14.189],[102.765,14.1886],[102.7649,14.1913],[102.7709,14.2009],[102.7725,14.2006],[102.7776,14.2069],[102.7782,14.2111],[102.7804,14.2127],[102.7825,14.2214],[102.7853,14.2236],[102.7855,14.2262],[102.7904,14.2301],[102.8001,14.2302],[102.7998,14.2531],[102.7965,14.2561],[102.7968,14.2589],[102.7997,14.2595],[102.8027,14.2635],[102.8057,14.2645],[102.8061,14.2698],[102.8059,14.2819],[102.8022,14.2829],[102.8019,14.2901],[102.7986,14.2914],[102.7888,14.2899],[102.784,14.2915],[102.7762,14.2945],[102.7712,14.3019],[102.7883,14.2929],[102.8086,14.2941],[102.8136,14.2967],[102.8304,14.2942],[102.8414,14.3051],[102.8532,14.3097],[102.8621,14.3155],[102.8662,14.3155],[102.8664,14.3121],[102.8642,14.3096],[102.8674,14.3078],[102.8677,14.3028],[102.8658,14.3001],[102.8637,14.3004],[102.8647,14.2982],[102.8635,14.2963],[102.8611,14.2957],[102.8616,14.2934],[102.8598,14.2916],[102.8613,14.2874],[102.8587,14.2873],[102.8589,14.2859],[102.8604,14.2845],[102.8651,14.2873],[102.8735,14.2865],[102.8736,14.258],[102.8848,14.258],[102.8847,14.2403],[102.9664,14.2406],[102.9662,14.2499],[102.9803,14.25],[102.9782,14.2595],[102.9824,14.2629],[102.9818,14.2653],[102.9861,14.2673],[102.984,14.2701],[102.9915,14.2759],[102.9774,14.2862],[102.9757,14.2889],[102.9979,14.3013],[103.029,14.3222],[103.0289,14.3316],[103.0509,14.3323],[103.0487,14.3551],[103.05,14.3579],[103.0524,14.359],[103.0683,14.3604],[103.069,14.3573],[103.0657,14.3455],[103.0663,14.3429],[103.0682,14.341],[103.0736,14.3404],[103.0782,14.3352],[103.0838,14.3347],[103.0835,14.3392],[103.08,14.3407],[103.0777,14.3445],[103.0746,14.3515],[103.0733,14.3612],[103.0851,14.362],[103.0884,14.35],[103.0874,14.341],[103.2227,14.3422]]]}},{"type":"Feature","properties":{"id":10921142,"name":"\u0e2d\u0e38\u0e17\u0e22\u0e32\u0e19\u0e41\u0e2b\u0e48\u0e07\u0e0a\u0e32\u0e15\u0e34\u0e1b\u0e32\u0e07\u0e2a\u0e35\u0e14\u0e32","name_en":"Pang Sida National Park","boundary":"national_park","protect_class":"2"},"geometry":{"type":"Polygon","coordinates":[[[102.4345,14.1546],[102.4281,14.1523],[102.4238,14.158],[102.4182,14.1545],[102.4101,14.1561],[102.4067,14.1545],[102.4002,14.146],[102.3909,14.1447],[102.3825,14.1462],[102.3758,14.1506],[102.3642,14.1649],[102.3622,14.1661],[102.3588,14.1653],[102.358,14.164],[102.3608,14.1513],[102.3571,14.132],[102.353,14.1304],[102.351,14.1267],[102.3483,14.1255],[102.3395,14.1262],[102.3323,14.1206],[102.3302,14.1217],[102.3279,14.1276],[102.3251,14.1278],[102.3152,14.122],[102.308,14.1204],[102.3016,14.1231],[102.2993,14.1276],[102.2903,14.1342],[102.2719,14.1291],[102.2721,14.1414],[102.2688,14.1467],[102.2564,14.1444],[102.2489,14.1406],[102.239,14.1443],[102.2183,14.1445],[102.2147,14.1463],[102.2107,14.1544],[102.2135,14.1653],[102.2116,14.1722],[102.2063,14.1741],[102.2013,14.1787],[102.1969,14.1846],[102.1951,14.1927],[102.1909,14.1958],[102.1817,14.1956],[102.1765,14.1914],[102.1739,14.187],[102.174,14.1831],[102.1668,14.1724],[102.1663,14.1656],[102.1714,14.1609],[102.1716,14.1583],[102.1665,14.1417],[102.151,14.1371],[102.1326,14.1381],[102.122,14.1472],[102.1062,14.1518],[102.1037,14.1397],[102.0976,14.1257],[102.0976,14.1162],[102.0999,14.1108],[102.0984,14.104],[102.0918,14.0978],[102.0907,14.0933],[102.084,14.0876],[102.0778,14.0867],[102.0787,14.085],[102.0729,14.0872],[102.0656,14.0787],[102.0632,14.0802],[102.057,14.0803],[102.0577,14.0749],[102.0556,14.0745],[102.0564,14.0714],[102.0704,14.0643],[102.0709,14.0627],[102.0678,14.0605],[102.0678,14.0584],[102.0718,14.0529],[102.0797,14.0494],[102.092,14.0504],[102.0983,14.0467],[102.1039,14.0402],[102.1112,14.0408],[102.1145,14.0358],[102.1013,14.0283],[102.0873,14.0318],[102.0911,14.0366],[102.0921,14.0412],[102.0971,14.0439],[102.0846,14.0474],[102.0809,14.0452],[102.0744,14.0466],[102.0719,14.0453],[102.0698,14.0489],[102.0659,14.0492],[102.0623,14.0523],[102.0627,14.056],[102.0586,14.0599],[102.0557,14.0601],[102.054,14.0565],[102.0519,14.0566],[102.0505,14.063],[102.0474,14.0673],[102.0452,14.0669],[102.0431,14.0639],[102.0422,14.0532],[102.0394,14.053],[102.0364,14.055],[102.0358,14.0623],[102.0317,14.0634],[102.0277,14.0617],[102.0274,14.056],[102.0201,14.0496],[102.0284,14.0478],[102.0317,14.0447],[102.0321,14.0407],[102.0423,14.0362],[102.047,14.0314],[102.0687,14.0289],[102.0743,14.031],[102.0773,14.0298],[102.0829,14.0312],[102.0882,14.0251],[102.097,14.0218],[102.0987,14.0236],[102.1003,14.0226],[102.1035,14.0189],[102.1052,14.0194],[102.1066,14.0164],[102.1093,14.0159],[102.1115,14.0124],[102.1125,14.0144],[102.1143,14.0144],[102.1139,14.0118],[102.1167,14.0095],[102.1199,14.0101],[102.1193,14.0077],[102.1288,14.0044],[102.1274,13.9976],[102.1294,13.996],[102.1315,13.9863],[102.1272,13.9874],[102.1235,13.9858],[102.1147,13.9873],[102.1067,13.9853],[102.1014,13.9858],[102.0951,13.9892],[102.0924,13.987],[102.0911,13.9834],[102.0924,13.9816],[102.1038,13.9775],[102.1077,13.9769],[102.1129,13.9789],[102.1123,13.9759],[102.1139,13.975],[102.1247,13.9768],[102.1288,13.9752],[102.1282,13.973],[102.1304,13.9711],[102.1323,13.9724],[102.1375,13.9713],[102.1398,13.9731],[102.1457,13.9706],[102.1424,13.9665],[102.1435,13.9651],[102.1485,13.9683],[102.1574,13.9691],[102.161,13.9679],[102.1689,13.9731],[102.1728,13.9722],[102.1746,13.9756],[102.1785,13.9757],[102.1787,13.9732],[102.1804,13.9728],[102.1845,13.9742],[102.1846,13.9769],[102.1863,13.9773],[102.188,13.9755],[102.1995,13.9777],[102.2065,13.9827],[102.2114,13.9788],[102.2161,13.9796],[102.2194,13.9771],[102.2272,13.9774],[102.2326,13.9731],[102.2373,13.9738],[102.238,13.9771],[102.2396,13.9778],[102.2508,13.9775],[102.2508,13.9715],[102.2577,13.971],[102.2604,13.9717],[102.2612,13.9757],[102.2592,13.981],[102.2614,13.9823],[102.268,13.9795],[102.2701,13.9825],[102.2731,13.9789],[102.271,13.9765],[102.2722,13.975],[102.2788,13.9741],[102.2828,13.9714],[102.2925,13.9737],[102.2934,13.9722],[102.2901,13.9675],[102.2925,13.9605],[102.2961,13.9595],[102.304,13.9623],[102.3112,13.9618],[102.3031,13.9573],[102.304,13.9547],[102.3133,13.9547],[102.3143,13.9572],[102.3196,13.9588],[102.3282,13.9588],[102.3278,13.9622],[102.3247,13.9638],[102.3282,13.9648],[102.3263,13.9682],[102.3283,13.9693],[102.3323,13.9683],[102.3373,13.9627],[102.3379,13.9681],[102.3408,13.9658],[102.3418,13.9618],[102.3454,13.9583],[102.3473,13.9586],[102.3488,13.9616],[102.3475,13.9643],[102.3486,13.9666],[102.3447,13.9743],[102.3505,13.9753],[102.3499,13.9797],[102.3531,13.9815],[102.3546,13.9846],[102.359,13.9862],[102.3604,13.9847],[102.3585,13.9807],[102.3591,13.9785],[102.3638,13.9698],[102.3668,13.969],[102.3701,13.972],[102.372,13.9764],[102.3755,13.9772],[102.3778,13.9737],[102.3797,13.9766],[102.3846,13.977],[102.386,13.9747],[102.3884,13.9742],[102.3923,13.9763],[102.397,13.9754],[102.3988,13.9772],[102.3989,13.98],[102.3969,13.9828],[102.3976,13.9843],[102.4,13.9841],[102.4003,13.9823],[102.4055,13.9795],[102.4076,13.9813],[102.4025,13.9868],[102.4047,13.9901],[102.4018,13.995],[102.4073,13.9985],[102.4079,14.0021],[102.4107,14.001],[102.4139,13.9903],[102.4155,13.9888],[102.418,13.9894],[102.4187,13.9979],[102.4222,14.0062],[102.4194,14.0062],[102.4187,14.0078],[102.4212,14.0103],[102.4088,14.0123],[102.3966,14.0087],[102.3906,14.01],[102.3907,14.0164],[102.3931,14.0191],[102.3937,14.0256],[102.396,14.0295],[102.3936,14.0318],[102.3933,14.0353],[102.3967,14.036],[102.3989,14.0338],[102.4046,14.0331],[102.4063,14.0295],[102.4097,14.0293],[102.4111,14.0348],[102.4145,14.035],[102.4163,14.0368],[102.4162,14.0397],[102.413,14.0402],[102.4126,14.0432],[102.4095,14.046],[102.419,14.0468],[102.4192,14.0501],[102.4215,14.0509],[102.4217,14.0535],[102.4234,14.0542],[102.4252,14.0449],[102.428,14.0434],[102.4293,14.0465],[102.4277,14.0493],[102.4336,14.0503],[102.4348,14.0552],[102.4372,14.054],[102.4371,14.0449],[102.4425,14.046],[102.443,14.0445],[102.4392,14.042],[102.4414,14.0332],[102.4401,14.03],[102.4458,14.0226],[102.4464,14.0198],[102.4435,14.0171],[102.4337,14.0141],[102.4356,14.0112],[102.4403,14.0121],[102.4453,14.0085],[102.4467,14.0084],[102.4471,14.0111],[102.45,14.0089],[102.4546,14.0091],[102.455,14.0115],[102.4572,14.0111],[102.4609,14.0018],[102.4628,14.0012],[102.4674,14.0077],[102.4651,14.0097],[102.465,14.0128],[102.467,14.0134],[102.4703,14.0094],[102.4733,14.0098],[102.4767,14.0067],[102.4745,14.003],[102.4685,14.0016],[102.4693,13.9989],[102.4674,13.9959],[102.4624,13.9974],[102.4572,13.9932],[102.4598,13.987],[102.4644,13.9833],[102.4706,13.9829],[102.4698,13.9807],[102.4711,13.9791],[102.4752,13.9782],[102.4763,13.9763],[102.4744,13.9688],[102.4759,13.9679],[102.4827,13.9721],[102.4874,13.9727],[102.4955,13.9816],[102.5113,13.9884],[102.5123,13.991],[102.5178,13.992],[102.5189,13.9958],[102.5219,13.9943],[102.5243,13.9952],[102.527,13.9931],[102.529,13.9943],[102.5289,13.9977],[102.5315,13.9985],[102.5345,13.9965],[102.5335,13.9936],[102.5356,13.9894],[102.5389,13.9871],[102.5373,13.9829],[102.5457,13.9831],[102.5526,13.9867],[102.5597,13.984],[102.5625,13.9866],[102.5581,13.995],[102.5596,14.0052],[102.5582,14.0173],[102.5538,14.0179],[102.549,14.021],[102.5456,14.0288],[102.548,14.0322],[102.5467,14.0392],[102.5369,14.0432],[102.5348,14.046],[102.5352,14.0619],[102.5388,14.0749],[102.5355,14.0753],[102.534,14.0771],[102.5352,14.0819],[102.5332,14.0839],[102.5344,14.0875],[102.5324,14.097],[102.5176,14.0915],[102.5157,14.0932],[102.5104,14.0926],[102.5075,14.095],[102.4981,14.1095],[102.4981,14.1206],[102.503,14.1253],[102.5031,14.1301],[102.4991,14.1364],[102.492,14.1357],[102.4886,14.1404],[102.4826,14.1424],[102.4759,14.1317],[102.4701,14.1319],[102.4604,14.1366],[102.4561,14.1362],[102.4547,14.1421],[102.4529,14.1438],[102.4483,14.1417],[102.4367,14.144],[102.4327,14.1479],[102.4345,14.1546]]]}},{"type":"Feature","properties":{"id":10921178,"name":"\u0e40\u0e02\u0e15\u0e23\u0e31\u0e01\u0e29\u0e32\u0e1e\u0e31\u0e19\u0e18\u0e38\u0e4c\u0e2a\u0e31\u0e15\u0e27\u0e4c\u0e1b\u0e48\u0e32\u0e14\u0e07\u0e43\u0e2b\u0e0d\u0e48","name_en":"Dong Yai Wildlife Sanctuary","boundary":"protected_area","protect_class":"1a"},"geometry":{"type":"Polygon","coordinates":[[[102.6535,14.163],[102.6521,14.1651],[102.6461,14.1619],[102.64,14.1516],[102.6357,14.1486],[102.6278,14.152],[102.612,14.1703],[102.6081,14.1715],[102.6012,14.1702],[102.5927,14.1667],[102.5866,14.1577],[102.5685,14.1491],[102.5502,14.1348],[102.5332,14.1377],[102.5255,14.1426],[102.5214,14.1434],[102.5161,14.1413],[102.508,14.1331],[102.5029,14.1323],[102.4987,14.1366],[102.492,14.1357],[102.4886,14.1404],[102.483,14.1425],[102.4771,14.1354],[102.4763,14.132],[102.4726,14.1313],[102.4604,14.1366],[102.4561,14.1362],[102.4547,14.1421],[102.4529,14.1438],[102.4483,14.1417],[102.4431,14.1437],[102.4384,14.1434],[102.4327,14.1479],[102.4329,14.1521],[102.4387,14.1622],[102.4383,14.1671],[102.44,14.1723],[102.4532,14.1937],[102.4688,14.1919],[102.4738,14.199],[102.4769,14.2],[102.4863,14.1893],[102.4988,14.1861],[102.5041,14.1887],[102.5122,14.2012],[102.5383,14.2022],[102.5423,14.2058],[102.5487,14.2166],[102.5578,14.2176],[102.5779,14.2267],[102.589,14.2363],[102.6002,14.2423],[102.6133,14.2561],[102.6265,14.2662],[102.6466,14.2785],[102.6585,14.2822],[102.6863,14.2992],[102.6773,14.3022],[102.6726,14.3098],[102.6659,14.3167],[102.6428,14.3266],[102.6333,14.3266],[102.6208,14.3198],[102.6027,14.3225],[102.5982,14.3282],[102.5894,14.3324],[102.5873,14.3351],[102.5883,14.3484],[102.5835,14.358],[102.5805,14.36],[102.5808,14.3625],[102.5822,14.3627],[102.5907,14.3595],[102.5903,14.3523],[102.5921,14.3456],[102.5908,14.3405],[102.5952,14.3405],[102.5968,14.3389],[102.6013,14.3394],[102.5987,14.3425],[102.5999,14.3458],[102.6018,14.3459],[102.6012,14.3492],[102.6073,14.3534],[102.6082,14.3524],[102.6038,14.3464],[102.6043,14.3443],[102.6064,14.3443],[102.6079,14.3476],[102.6127,14.3487],[102.6113,14.3548],[102.6125,14.356],[102.6156,14.3527],[102.6158,14.3472],[102.6173,14.347],[102.6168,14.3543],[102.6202,14.3557],[102.6221,14.3548],[102.6223,14.3514],[102.6204,14.3411],[102.6231,14.3371],[102.629,14.3386],[102.6295,14.3402],[102.6324,14.3384],[102.637,14.3394],[102.6418,14.3331],[102.6358,14.3307],[102.636,14.3292],[102.6441,14.328],[102.6469,14.3298],[102.6499,14.3294],[102.6502,14.334],[102.6469,14.335],[102.6486,14.3371],[102.6532,14.3353],[102.6546,14.3377],[102.657,14.338],[102.6587,14.3421],[102.6612,14.3423],[102.6644,14.3393],[102.6667,14.3394],[102.6717,14.3441],[102.6709,14.3465],[102.6734,14.3472],[102.6735,14.3528],[102.6696,14.3591],[102.6719,14.3618],[102.6719,14.3642],[102.6735,14.3644],[102.6756,14.3531],[102.6741,14.3507],[102.6741,14.3402],[102.686,14.3409],[102.6863,14.3312],[102.6892,14.3312],[102.6893,14.3293],[102.6916,14.3291],[102.6916,14.3332],[102.6935,14.3332],[102.6935,14.3351],[102.6955,14.3352],[102.6959,14.3297],[102.702,14.3318],[102.7053,14.3378],[102.7152,14.3356],[102.7095,14.3276],[102.7102,14.3241],[102.7084,14.3192],[102.7046,14.3162],[102.7035,14.313],[102.7122,14.3113],[102.7123,14.3094],[102.7147,14.3074],[102.7133,14.304],[102.7235,14.3],[102.7334,14.2988],[102.7409,14.3008],[102.7429,14.2982],[102.7406,14.2996],[102.7394,14.2987],[102.741,14.2968],[102.7252,14.2877],[102.7238,14.2809],[102.7138,14.2749],[102.7091,14.2694],[102.7094,14.2648],[102.7079,14.2621],[102.7015,14.2647],[102.7014,14.2685],[102.6951,14.2769],[102.6888,14.2788],[102.6908,14.2819],[102.6821,14.2831],[102.6747,14.272],[102.6878,14.2645],[102.6867,14.2602],[102.6887,14.2562],[102.6889,14.2493],[102.6865,14.2463],[102.6861,14.2394],[102.6821,14.2382],[102.6829,14.2318],[102.6815,14.2292],[102.684,14.2278],[102.676,14.2201],[102.6748,14.2154],[102.6713,14.2138],[102.6673,14.2139],[102.6645,14.2169],[102.659,14.2125],[102.6564,14.2157],[102.653,14.2124],[102.6506,14.2133],[102.6502,14.2152],[102.6422,14.2133],[102.642,14.2114],[102.6461,14.2106],[102.6519,14.2046],[102.6561,14.2032],[102.6552,14.2013],[102.6408,14.2105],[102.6398,14.2164],[102.6371,14.2177],[102.6335,14.2163],[102.6339,14.22],[102.6372,14.2216],[102.6358,14.225],[102.6292,14.2219],[102.6302,14.2183],[102.6277,14.2211],[102.6264,14.2205],[102.6243,14.2166],[102.6208,14.2169],[102.621,14.2142],[102.612,14.211],[102.6114,14.2091],[102.614,14.2064],[102.6157,14.2097],[102.6186,14.2089],[102.6254,14.2113],[102.6293,14.2152],[102.6293,14.2124],[102.6322,14.2124],[102.6338,14.2107],[102.6358,14.2031],[102.642,14.2067],[102.6426,14.2043],[102.6467,14.2013],[102.6514,14.2013],[102.6547,14.1946],[102.6566,14.2013],[102.6609,14.1938],[102.6629,14.193],[102.6517,14.1894],[102.6485,14.1937],[102.6462,14.1931],[102.6475,14.191],[102.6464,14.1869],[102.6567,14.1863],[102.6611,14.189],[102.6611,14.1841],[102.6559,14.1771],[102.6523,14.1753],[102.6543,14.172],[102.6517,14.1706],[102.6518,14.1691],[102.656,14.1646],[102.6535,14.163]],[[102.6272,14.185],[102.626,14.1807],[102.6181,14.1784],[102.6213,14.1844],[102.6132,14.1867],[102.6119,14.1848],[102.6077,14.1838],[102.6093,14.1804],[102.6081,14.1787],[102.602,14.1795],[102.5994,14.177],[102.5981,14.1784],[102.5986,14.1817],[102.6066,14.1871],[102.601,14.1873],[102.6003,14.1891],[102.6021,14.1913],[102.6067,14.1913],[102.6081,14.1938],[102.6161,14.1932],[102.6192,14.1898],[102.6245,14.1932],[102.6276,14.1891],[102.6291,14.1932],[102.6306,14.1891],[102.6272,14.185]]]}},{"type":"Feature","properties":{"id":10925148,"name":"\u0e2d\u0e38\u0e17\u0e22\u0e32\u0e19\u0e41\u0e2b\u0e48\u0e07\u0e0a\u0e32\u0e15\u0e34\u0e14\u0e2d\u0e22\u0e08\u0e07","name_en":"Doi Chong National Park","boundary":"national_park","protect_class":"2"},"geometry":{"type":"Polygon","coordinates":[[[99.0497,17.6125],[99.0549,17.6228],[99.0596,17.6263],[99.0592,17.6302],[99.0624,17.6372],[99.0611,17.6403],[99.0633,17.6445],[99.0599,17.6607],[99.0615,17.669],[99.0648,17.6707],[99.0651,17.6727],[99.0623,17.6832],[99.0643,17.6845],[99.0657,17.693],[99.0716,17.6958],[99.071,17.6981],[99.076,17.7033],[99.0727,17.7054],[99.0722,17.7137],[99.0693,17.7132],[99.0679,17.7151],[99.0663,17.7142],[99.0662,17.7158],[99.0623,17.713],[99.0645,17.7177],[99.0686,17.7182],[99.0697,17.7218],[99.0686,17.7294],[99.0698,17.7332],[99.0741,17.7349],[99.0736,17.7386],[99.0747,17.7388],[99.0705,17.7444],[99.0675,17.7438],[99.0644,17.7462],[99.0646,17.75],[99.0628,17.7488],[99.0582,17.7495],[99.0574,17.752],[99.0546,17.7509],[99.0519,17.7524],[99.0525,17.7495],[99.0487,17.7514],[99.0487,17.754],[99.0544,17.7544],[99.0517,17.7598],[99.0553,17.7601],[99.0578,17.7633],[99.0572,17.7646],[99.0518,17.7642],[99.0498,17.7699],[99.0472,17.7715],[99.0485,17.7743],[99.0539,17.7783],[99.0511,17.7796],[99.056,17.7868],[99.0561,17.7941],[99.0507,17.795],[99.0509,17.8004],[99.0468,17.8068],[99.0491,17.8116],[99.0463,17.8124],[99.0446,17.8151],[99.0413,17.8114],[99.039,17.8163],[99.0323,17.8191],[99.0357,17.8227],[99.0361,17.8265],[99.0416,17.8264],[99.0466,17.8298],[99.0526,17.8257],[99.0564,17.8207],[99.0553,17.8181],[99.0583,17.8142],[99.0634,17.8136],[99.068,17.8151],[99.0734,17.8205],[99.0745,17.8177],[99.0825,17.8126],[99.088,17.8123],[99.0971,17.8083],[99.11,17.8162],[99.1158,17.8164],[99.1232,17.8192],[99.1276,17.8159],[99.1352,17.8211],[99.1433,17.8173],[99.1471,17.8132],[99.1544,17.8134],[99.1589,17.808],[99.1641,17.8098],[99.1742,17.8099],[99.1744,17.8146],[99.1687,17.8167],[99.1725,17.8179],[99.1735,17.8216],[99.1694,17.8243],[99.1675,17.8289],[99.1642,17.8308],[99.164,17.8339],[99.1591,17.8432],[99.162,17.8463],[99.1654,17.8472],[99.1809,17.8464],[99.1836,17.8499],[99.1844,17.8567],[99.1825,17.8675],[99.1903,17.8766],[99.1918,17.8808],[99.1955,17.8829],[99.2027,17.8818],[99.2105,17.8833],[99.2106,17.8862],[99.2065,17.8948],[99.2062,17.9028],[99.2089,17.911],[99.2145,17.9128],[99.2108,17.9162],[99.2129,17.9317],[99.2078,17.9451],[99.1989,17.9559],[99.2058,17.964],[99.209,17.9656],[99.212,17.965],[99.2213,17.9563],[99.2245,17.9485],[99.231,17.9452],[99.2349,17.9399],[99.2343,17.9328],[99.2448,17.9252],[99.2466,17.9201],[99.2504,17.9199],[99.2488,17.9134],[99.2531,17.9158],[99.2531,17.9215],[99.2605,17.922],[99.2622,17.9166],[99.2608,17.9139],[99.2614,17.9044],[99.2659,17.9041],[99.2727,17.8975],[99.2715,17.8934],[99.274,17.8886],[99.2812,17.8876],[99.2879,17.8833],[99.2884,17.8761],[99.2859,17.8705],[99.2827,17.869],[99.2805,17.8632],[99.2797,17.8584],[99.2819,17.8558],[99.2769,17.8507],[99.2799,17.8454],[99.2779,17.8315],[99.2705,17.8314],[99.2684,17.8275],[99.2689,17.8232],[99.2613,17.8128],[99.2575,17.818],[99.2541,17.8174],[99.252,17.815],[99.2489,17.8161],[99.2472,17.8152],[99.2472,17.8179],[99.2446,17.8188],[99.2433,17.8241],[99.244,17.819],[99.2423,17.8183],[99.2453,17.8151],[99.244,17.8113],[99.2483,17.8026],[99.2483,17.799],[99.2411,17.7864],[99.2342,17.7895],[99.233,17.7937],[99.229,17.7825],[99.2276,17.7663],[99.2261,17.7805],[99.2204,17.7809],[99.2185,17.7832],[99.2175,17.8003],[99.2132,17.8064],[99.2115,17.8172],[99.2072,17.8221],[99.2065,17.8269],[99.2015,17.8261],[99.2016,17.8276],[99.1984,17.8292],[99.2014,17.8322],[99.2009,17.8341],[99.1975,17.8307],[99.1941,17.8308],[99.2023,17.8218],[99.2007,17.8158],[99.2078,17.8079],[99.2049,17.7946],[99.2114,17.7817],[99.2098,17.7723],[99.2132,17.7636],[99.2069,17.7512],[99.2082,17.7497],[99.1976,17.7422],[99.1876,17.7504],[99.1868,17.7537],[99.18,17.7559],[99.1753,17.7635],[99.1742,17.7704],[99.1756,17.7831],[99.1711,17.781],[99.1726,17.7713],[99.1583,17.77],[99.1558,17.7731],[99.1583,17.7769],[99.1511,17.7851],[99.1529,17.7864],[99.1533,17.7939],[99.1506,17.7959],[99.1417,17.7944],[99.1416,17.7825],[99.1447,17.7794],[99.1413,17.7738],[99.1496,17.7645],[99.1498,17.758],[99.1468,17.7539],[99.1546,17.7516],[99.158,17.752],[99.1653,17.7411],[99.1744,17.7405],[99.1791,17.7428],[99.1797,17.7371],[99.1859,17.7362],[99.1851,17.7306],[99.1833,17.729],[99.1884,17.7238],[99.1838,17.7213],[99.1793,17.726],[99.1783,17.731],[99.1747,17.7344],[99.1687,17.7361],[99.1612,17.7322],[99.1629,17.7288],[99.1626,17.7214],[99.1361,17.7379],[99.1347,17.7323],[99.1367,17.7312],[99.1344,17.7238],[99.1405,17.718],[99.1405,17.7155],[99.1381,17.7142],[99.1377,17.7111],[99.1293,17.7113],[99.1271,17.705],[99.1227,17.7027],[99.1246,17.6986],[99.1308,17.6969],[99.1366,17.6983],[99.1422,17.6956],[99.1418,17.6927],[99.1465,17.6902],[99.1415,17.6905],[99.1397,17.6857],[99.1364,17.6836],[99.1393,17.6755],[99.1205,17.6743],[99.1209,17.6809],[99.1175,17.6828],[99.1094,17.684],[99.1079,17.6785],[99.1041,17.6773],[99.1058,17.6739],[99.1099,17.674],[99.1117,17.6758],[99.1125,17.6743],[99.1182,17.6729],[99.1186,17.6674],[99.1165,17.6659],[99.1194,17.6613],[99.1218,17.6607],[99.1203,17.6584],[99.1179,17.6608],[99.1159,17.6601],[99.1133,17.6629],[99.1134,17.6653],[99.1121,17.6635],[99.1109,17.6666],[99.1086,17.66],[99.1038,17.6547],[99.1118,17.6502],[99.1193,17.649],[99.1228,17.6501],[99.1248,17.6483],[99.1244,17.646],[99.1172,17.6384],[99.1162,17.6332],[99.1103,17.6319],[99.105,17.6339],[99.1037,17.6325],[99.0999,17.6344],[99.0975,17.6377],[99.0948,17.6356],[99.0978,17.6357],[99.104,17.6279],[99.1103,17.6265],[99.1124,17.6237],[99.1102,17.6182],[99.1135,17.6137],[99.1063,17.6085],[99.107,17.6039],[99.1047,17.6011],[99.099,17.6042],[99.0918,17.5999],[99.0825,17.603],[99.0762,17.607],[99.0705,17.608],[99.0651,17.6062],[99.059,17.6118],[99.054,17.6107],[99.0497,17.6125]],[[99.0937,17.6836],[99.0944,17.6846],[99.0949,17.6827],[99.0937,17.6836]]]}},{"type":"Feature","properties":{"id":11577997,"name":"\u0e2d\u0e38\u0e17\u0e22\u0e32\u0e19\u0e41\u0e2b\u0e48\u0e07\u0e0a\u0e32\u0e15\u0e34\u0e41\u0e21\u0e48\u0e15\u0e30\u0e44\u0e04\u0e23\u0e49","name_en":"Mae Takhrai National Park","boundary":"national_park","protect_class":"2"},"geometry":{"type":"Polygon","coordinates":[[[99.205,18.5436],[99.1962,18.5516],[99.1912,18.552],[99.1846,18.5499],[99.1803,18.5527],[99.1713,18.5527],[99.162,18.5574],[99.1554,18.5584],[99.1549,18.5607],[99.1477,18.5586],[99.1384,18.561],[99.1384,18.5641],[99.1368,18.5645],[99.1351,18.5682],[99.1425,18.5693],[99.1455,18.5715],[99.1406,18.5778],[99.1313,18.5814],[99.1347,18.582],[99.1349,18.5843],[99.1381,18.5835],[99.139,18.5851],[99.142,18.5848],[99.1494,18.5907],[99.1518,18.5864],[99.149,18.5722],[99.1529,18.5761],[99.1577,18.5747],[99.1586,18.579],[99.1659,18.5733],[99.17,18.5734],[99.1726,18.5725],[99.1739,18.5694],[99.1782,18.5689],[99.1735,18.5725],[99.1724,18.5753],[99.1662,18.5746],[99.1611,18.5814],[99.1653,18.582],[99.1694,18.5963],[99.1719,18.5953],[99.1742,18.5978],[99.1767,18.5969],[99.1752,18.601],[99.176,18.6022],[99.1794,18.6013],[99.1779,18.6033],[99.183,18.6157],[99.1822,18.6177],[99.1865,18.6239],[99.1829,18.631],[99.1852,18.6325],[99.1866,18.6306],[99.1879,18.6315],[99.1853,18.6333],[99.1861,18.6382],[99.1849,18.64],[99.1878,18.6412],[99.1876,18.6391],[99.1892,18.6407],[99.1944,18.6383],[99.1959,18.6391],[99.1983,18.6362],[99.2024,18.6401],[99.1983,18.6382],[99.1971,18.6405],[99.1949,18.6401],[99.1939,18.6417],[99.1922,18.6406],[99.1883,18.6423],[99.1874,18.6451],[99.1855,18.6452],[99.1894,18.6458],[99.1915,18.6489],[99.1866,18.6472],[99.187,18.6491],[99.1817,18.6506],[99.1815,18.653],[99.1824,18.6539],[99.1828,18.6527],[99.1839,18.6552],[99.1824,18.6552],[99.1819,18.6585],[99.1888,18.6602],[99.1864,18.6617],[99.1826,18.6604],[99.1811,18.6652],[99.1822,18.6689],[99.187,18.6682],[99.188,18.6689],[99.185,18.6706],[99.189,18.6724],[99.1821,18.6715],[99.1774,18.675],[99.1774,18.6775],[99.1741,18.6778],[99.1725,18.68],[99.1784,18.6837],[99.1814,18.6808],[99.1822,18.6823],[99.1853,18.6812],[99.1827,18.6837],[99.1835,18.6869],[99.1817,18.6872],[99.1786,18.6946],[99.1795,18.6973],[99.183,18.699],[99.182,18.7101],[99.1859,18.7182],[99.1896,18.72],[99.1931,18.7193],[99.1971,18.7171],[99.1967,18.715],[99.1995,18.7134],[99.1986,18.7117],[99.1943,18.7103],[99.1943,18.7067],[99.1917,18.7054],[99.1924,18.7041],[99.1947,18.7062],[99.2004,18.706],[99.1985,18.7019],[99.2,18.7006],[99.2004,18.6966],[99.195,18.6942],[99.1946,18.6928],[99.1965,18.6912],[99.1918,18.6866],[99.1915,18.6825],[99.1969,18.6863],[99.1986,18.6851],[99.2004,18.686],[99.2012,18.684],[99.2041,18.6852],[99.2038,18.6901],[99.2069,18.6897],[99.209,18.6934],[99.2064,18.6929],[99.2062,18.7],[99.2086,18.703],[99.2115,18.7039],[99.2125,18.7066],[99.2167,18.7072],[99.2189,18.7114],[99.2189,18.7151],[99.2209,18.7171],[99.224,18.7164],[99.2297,18.7192],[99.236,18.7129],[99.2369,18.7163],[99.2291,18.7267],[99.2383,18.7284],[99.2447,18.7344],[99.2513,18.7242],[99.2585,18.7228],[99.2627,18.7182],[99.2686,18.7176],[99.2715,18.7194],[99.2798,18.7354],[99.2815,18.7423],[99.2801,18.7461],[99.2854,18.759],[99.2846,18.7666],[99.2882,18.7702],[99.2894,18.7756],[99.2786,18.7794],[99.2783,18.7843],[99.2759,18.7843],[99.2755,18.7857],[99.2766,18.7873],[99.2704,18.7935],[99.2737,18.7932],[99.2759,18.7996],[99.2798,18.7999],[99.2843,18.8043],[99.2851,18.8074],[99.2834,18.8135],[99.2889,18.8155],[99.2903,18.8198],[99.2896,18.8237],[99.2932,18.8249],[99.2984,18.8235],[99.3041,18.8176],[99.3031,18.8138],[99.2991,18.8125],[99.2996,18.8095],[99.3046,18.8056],[99.3231,18.8147],[99.3303,18.8108],[99.3327,18.8122],[99.3315,18.8052],[99.3354,18.8006],[99.3341,18.7987],[99.3301,18.797],[99.3243,18.7985],[99.3199,18.7978],[99.3219,18.7933],[99.3226,18.7848],[99.321,18.7809],[99.3112,18.7824],[99.3073,18.7801],[99.3073,18.7779],[99.309,18.7761],[99.3149,18.7758],[99.3204,18.7705],[99.3346,18.772],[99.3479,18.779],[99.3479,18.7828],[99.3524,18.7867],[99.3549,18.7957],[99.3521,18.8],[99.348,18.8002],[99.3464,18.8026],[99.3494,18.8045],[99.3507,18.8139],[99.3476,18.8208],[99.344,18.8237],[99.3398,18.8337],[99.3404,18.8429],[99.3363,18.8444],[99.3386,18.8476],[99.3542,18.8498],[99.3593,18.8524],[99.3694,18.8615],[99.3702,18.8695],[99.3802,18.8651],[99.374,18.858],[99.3526,18.8475],[99.3531,18.8432],[99.3504,18.8362],[99.353,18.8295],[99.3554,18.8282],[99.3529,18.8231],[99.3573,18.817],[99.3572,18.8079],[99.3593,18.8057],[99.359,18.8014],[99.3643,18.7981],[99.3661,18.7872],[99.3704,18.7837],[99.3707,18.779],[99.3648,18.7736],[99.3534,18.7727],[99.339,18.7681],[99.3331,18.764],[99.3222,18.7642],[99.312,18.7671],[99.297,18.7781],[99.2959,18.7725],[99.2998,18.7549],[99.2959,18.7548],[99.2984,18.7473],[99.2895,18.7283],[99.2854,18.7289],[99.2806,18.7212],[99.2823,18.7182],[99.278,18.7131],[99.2736,18.7123],[99.2716,18.707],[99.2739,18.7034],[99.2725,18.7001],[99.2748,18.6991],[99.2753,18.6971],[99.2725,18.6969],[99.2743,18.6935],[99.2725,18.6906],[99.2756,18.6884],[99.274,18.6867],[99.2742,18.6816],[99.2718,18.6781],[99.2746,18.6732],[99.2787,18.6711],[99.2702,18.6666],[99.2689,18.6643],[99.2714,18.6628],[99.2731,18.6568],[99.2686,18.6548],[99.2683,18.6518],[99.2629,18.647],[99.2607,18.6491],[99.2541,18.6451],[99.2523,18.6428],[99.2514,18.6388],[99.253,18.6364],[99.2512,18.6329],[99.2389,18.6259],[99.2336,18.62],[99.2352,18.6188],[99.2347,18.6159],[99.2267,18.6113],[99.2229,18.607],[99.2232,18.6029],[99.2175,18.592],[99.2248,18.5893],[99.2242,18.586],[99.2199,18.578],[99.2151,18.5751],[99.2135,18.5721],[99.2152,18.5643],[99.2123,18.5591],[99.2084,18.5569],[99.2071,18.5476],[99.2048,18.547],[99.205,18.5436]]]}},{"type":"Feature","properties":{"id":11607060,"name":"","name_en":"","boundary":"nature_reserve","protect_class":""},"geometry":{"type":"Polygon","coordinates":[[[98.9269,18.7669],[98.9238,18.7668],[98.925,18.7694],[98.9279,18.7697],[98.9289,18.7675],[98.9269,18.7669]]]}},{"type":"Feature","properties":{"id":12088736,"name":"\u0e27\u0e19\u0e2d\u0e38\u0e17\u0e22\u0e32\u0e19\u0e1a\u0e48\u0e2d\u0e19\u0e49\u0e33\u0e23\u0e49\u0e2d\u0e19\u0e01\u0e31\u0e19\u0e15\u0e31\u0e07","name_en":"Bo Nam Ron Kantang Forest Park","boundary":"protected_area","protect_class":"3"},"geometry":{"type":"Polygon","coordinates":[[[99.4628,7.4099],[99.4619,7.411],[99.4639,7.4133],[99.4645,7.4116],[99.4628,7.4099]]]}},{"type":"Feature","properties":{"id":12088739,"name":"\u0e40\u0e02\u0e15\u0e2b\u0e49\u0e32\u0e21\u0e25\u0e48\u0e32\u0e2a\u0e31\u0e15\u0e27\u0e4c\u0e1b\u0e48\u0e32\u0e1a\u0e48\u0e2d\u0e25\u0e49\u0e2d","name_en":"Bo Lo Non-Hunting Area","boundary":"protected_area","protect_class":"4"},"geometry":{"type":"Polygon","coordinates":[[[100.0423,8.0131],[100.0392,8.0104],[100.0216,8.0102],[100.0165,8.0144],[100.0109,8.0104],[100.0061,8.0151],[100.0141,8.0247],[100.0191,8.0273],[100.0099,8.036],[100.0041,8.0393],[100.003,8.0444],[100.0068,8.045],[100.0176,8.0313],[100.0224,8.0351],[100.0147,8.0505],[100.0099,8.0494],[99.9995,8.0611],[99.9994,8.0653],[99.9947,8.0666],[99.9949,8.0685],[100.0016,8.0687],[100.0017,8.073],[99.9975,8.0761],[99.9961,8.0807],[100.0012,8.0811],[100.0021,8.0788],[100.0036,8.0795],[100.0052,8.0754],[100.0027,8.0736],[100.0059,8.0734],[100.0049,8.0711],[100.0085,8.0703],[100.0069,8.0809],[100.0082,8.0816],[100.0155,8.0821],[100.0354,8.0741],[100.0336,8.073],[100.0337,8.0696],[100.0365,8.0717],[100.0422,8.0671],[100.0394,8.0651],[100.0412,8.0626],[100.039,8.0615],[100.0385,8.059],[100.0406,8.0614],[100.043,8.0615],[100.0432,8.0592],[100.0418,8.0586],[100.0429,8.056],[100.0409,8.0529],[100.0479,8.0552],[100.0527,8.053],[100.0526,8.0553],[100.0452,8.0565],[100.046,8.0579],[100.0432,8.0639],[100.05,8.0644],[100.0505,8.0656],[100.0452,8.0666],[100.0436,8.0697],[100.0461,8.0705],[100.0461,8.0738],[100.0491,8.0738],[100.0516,8.071],[100.0578,8.0702],[100.0573,8.0744],[100.0605,8.075],[100.063,8.0796],[100.0643,8.0792],[100.0637,8.0804],[100.0691,8.0838],[100.0767,8.0828],[100.0766,8.0811],[100.0697,8.0792],[100.0586,8.0669],[100.0641,8.0653],[100.0616,8.0616],[100.0644,8.061],[100.067,8.0559],[100.0695,8.0545],[100.0688,8.0533],[100.0621,8.0569],[100.0591,8.0557],[100.0601,8.0525],[100.0654,8.0501],[100.0656,8.0482],[100.0604,8.0478],[100.0669,8.0424],[100.0686,8.046],[100.0712,8.0459],[100.0718,8.0495],[100.073,8.0483],[100.0719,8.0397],[100.0785,8.04],[100.0766,8.0408],[100.0765,8.043],[100.0806,8.0462],[100.0788,8.0505],[100.0844,8.0478],[100.0806,8.0394],[100.0672,8.0247],[100.0573,8.03],[100.0491,8.0312],[100.0465,8.0271],[100.0415,8.0359],[100.0359,8.0316],[100.0423,8.0131]],[[100.0161,8.0631],[100.0109,8.0612],[100.0096,8.0644],[100.0129,8.0684],[100.0214,8.073],[100.0234,8.0708],[100.0206,8.0612],[100.0161,8.0631]]]}},{"type":"Feature","properties":{"id":12088740,"name":"\u0e40\u0e02\u0e15\u0e2b\u0e49\u0e32\u0e21\u0e25\u0e48\u0e32\u0e2a\u0e31\u0e15\u0e27\u0e4c\u0e1b\u0e48\u0e32\u0e17\u0e30\u0e40\u0e25\u0e19\u0e49\u0e2d\u0e22","name_en":"Thale Noi Non-Hunting Area","boundary":"protected_area","protect_class":"4"},"geometry":{"type":"Polygon","coordinates":[[[100.1479,7.7293],[100.1529,7.7351],[100.1691,7.7465],[100.1657,7.751],[100.166,7.7552],[100.171,7.7562],[100.1779,7.7548],[100.1822,7.7575],[100.1851,7.7625],[100.1889,7.7599],[100.1921,7.7645],[100.1942,7.7636],[100.1971,7.7659],[100.199,7.7707],[100.2023,7.772],[100.2037,7.7752],[100.2011,7.7759],[100.2004,7.7778],[100.2036,7.7805],[100.2094,7.7817],[100.2083,7.7832],[100.2095,7.785],[100.2122,7.7858],[100.2173,7.7838],[100.2212,7.784],[100.226,7.7812],[100.2308,7.7823],[100.2388,7.78],[100.2502,7.782],[100.2531,7.7855],[100.2449,7.8034],[100.2414,7.8191],[100.2334,7.8282],[100.2251,7.8646],[100.2225,7.8646],[100.2189,7.8813],[100.2172,7.8815],[100.2174,7.9121],[100.2133,7.9662],[100.1908,7.9668],[100.1897,7.9699],[100.1947,7.9774],[100.1941,7.9795],[100.1965,7.9857],[100.1933,7.9844],[100.1929,7.9922],[100.1903,7.9907],[100.1868,7.992],[100.1869,7.9956],[100.1819,7.9964],[100.1805,8.0009],[100.1757,8.0005],[100.1747,7.9976],[100.1716,7.999],[100.1712,7.9959],[100.1685,7.9957],[100.168,7.9942],[100.1694,7.9915],[100.1648,7.9916],[100.1572,7.9884],[100.1564,7.9859],[100.1531,7.9852],[100.1508,7.9822],[100.151,7.9753],[100.147,7.9708],[100.1341,7.9716],[100.1282,7.9669],[100.1222,7.966],[100.1165,7.9776],[100.1221,7.9921],[100.1218,7.9965],[100.1163,7.9972],[100.1085,8.0009],[100.1034,8.001],[100.099,7.9988],[100.0966,8.0024],[100.1002,8.0046],[100.1004,8.0074],[100.0985,8.0093],[100.1014,8.0109],[100.099,8.0169],[100.1059,8.0175],[100.1069,8.0188],[100.1051,8.0266],[100.0995,8.0278],[100.0986,8.0243],[100.0915,8.0238],[100.0894,8.0223],[100.0901,8.0199],[100.088,8.0197],[100.0841,8.0211],[100.0821,8.025],[100.0785,8.0203],[100.0764,8.0125],[100.0641,8.0075],[100.0595,8.0107],[100.0598,8.0193],[100.0556,8.0206],[100.0497,8.015],[100.0485,8.0119],[100.0495,8.0082],[100.0534,8.0049],[100.056,7.9972],[100.0544,7.9955],[100.0506,7.9959],[100.0468,7.9931],[100.0462,7.9847],[100.04,7.9823],[100.0371,7.9785],[100.0362,7.9755],[100.0412,7.9685],[100.0346,7.9656],[100.0348,7.9631],[100.0312,7.958],[100.0327,7.9512],[100.0385,7.9506],[100.0468,7.942],[100.0498,7.9412],[100.0505,7.9384],[100.0512,7.9329],[100.0495,7.9261],[100.0407,7.9137],[100.0482,7.8789],[100.0949,7.8091],[100.1166,7.7962],[100.1267,7.7988],[100.1225,7.7735],[100.1168,7.7736],[100.115,7.737],[100.1103,7.737],[100.1106,7.73],[100.1197,7.7293],[100.1246,7.7331],[100.1292,7.7331],[100.1347,7.7376],[100.1381,7.7338],[100.1414,7.7327],[100.1416,7.7286],[100.1438,7.7271],[100.1479,7.7293]]]}},{"type":"Feature","properties":{"id":12088741,"name":"\u0e40\u0e02\u0e15\u0e2b\u0e49\u0e32\u0e21\u0e25\u0e48\u0e32\u0e2a\u0e31\u0e15\u0e27\u0e4c\u0e1b\u0e48\u0e32\u0e17\u0e30\u0e40\u0e25\u0e2b\u0e25\u0e27\u0e07","name_en":"Thale Luang Non-Hunting Area","boundary":"protected_area","protect_class":"4"},"geometry":{"type":"Polygon","coordinates":[[[100.1625,7.5939],[100.1573,7.6084],[100.1558,7.6172],[100.1557,7.622],[100.1589,7.624],[100.1592,7.6259],[100.1556,7.6272],[100.1528,7.6316],[100.1486,7.6535],[100.1463,7.6843],[100.1475,7.7211],[100.1462,7.7277],[100.1529,7.7351],[100.1691,7.7465],[100.1657,7.751],[100.166,7.7552],[100.171,7.7562],[100.1779,7.7548],[100.1822,7.7575],[100.1851,7.7625],[100.1889,7.7599],[100.1921,7.7645],[100.1942,7.7636],[100.1971,7.7659],[100.199,7.7707],[100.2023,7.772],[100.2037,7.7752],[100.2011,7.7759],[100.2004,7.7778],[100.2036,7.7805],[100.2094,7.7817],[100.2083,7.7832],[100.2095,7.785],[100.2122,7.7858],[100.2173,7.7838],[100.2212,7.784],[100.226,7.7812],[100.2308,7.7823],[100.2388,7.78],[100.2502,7.782],[100.2553,7.7878],[100.2552,7.7898],[100.2588,7.7905],[100.2581,7.7932],[100.2606,7.7925],[100.2605,7.7944],[100.2656,7.7977],[100.2654,7.8004],[100.2661,7.7986],[100.2763,7.8024],[100.2805,7.8015],[100.2905,7.7867],[100.2992,7.7683],[100.3025,7.7702],[100.3005,7.7682],[100.3005,7.7657],[100.3125,7.7325],[100.321,7.6834],[100.323,7.662],[100.3219,7.6326],[100.3182,7.6052],[100.3126,7.5897],[100.3056,7.5838],[100.2955,7.5918],[100.2897,7.5945],[100.2885,7.5938],[100.2878,7.589],[100.2846,7.5857],[100.2852,7.5837],[100.2798,7.571],[100.2717,7.5648],[100.2687,7.559],[100.266,7.559],[100.2645,7.557],[100.2668,7.5545],[100.2643,7.5477],[100.267,7.5465],[100.269,7.5423],[100.2674,7.5303],[100.2735,7.5228],[100.2774,7.5214],[100.2897,7.5055],[100.3071,7.4783],[100.3038,7.4598],[100.2975,7.4498],[100.297,7.4443],[100.3009,7.432],[100.3012,7.4172],[100.3044,7.4023],[100.3205,7.3651],[100.3205,7.3605],[100.3277,7.3533],[100.3242,7.3535],[100.3197,7.3507],[100.317,7.3472],[100.3164,7.3403],[100.3136,7.3379],[100.306,7.3378],[100.304,7.3359],[100.2969,7.3368],[100.2931,7.3538],[100.2905,7.3576],[100.2924,7.3611],[100.2865,7.3603],[100.2807,7.3669],[100.2752,7.3792],[100.2712,7.3834],[100.2674,7.3859],[100.2569,7.3884],[100.2539,7.3947],[100.2526,7.4066],[100.2367,7.4349],[100.2248,7.4672],[100.2257,7.4704],[100.2233,7.4812],[100.2271,7.4979],[100.225,7.4991],[100.221,7.4965],[100.217,7.4864],[100.214,7.4845],[100.2134,7.4885],[100.2036,7.4911],[100.1962,7.5051],[100.1903,7.5092],[100.1833,7.509],[100.185,7.5118],[100.183,7.5155],[100.1818,7.5136],[100.1802,7.5142],[100.1795,7.512],[100.1776,7.5135],[100.1791,7.5167],[100.1765,7.5194],[100.1781,7.5212],[100.1785,7.5267],[100.17,7.558],[100.1707,7.5635],[100.1746,7.5679],[100.174,7.5691],[100.1702,7.5674],[100.1692,7.5693],[100.1625,7.5939]]]}},{"type":"Feature","properties":{"id":12088742,"name":"\u0e40\u0e02\u0e15\u0e2b\u0e49\u0e32\u0e21\u0e25\u0e48\u0e32\u0e2a\u0e31\u0e15\u0e27\u0e4c\u0e1b\u0e48\u0e32\u0e17\u0e30\u0e40\u0e25\u0e2a\u0e32\u0e1a\u0e2a\u0e07\u0e02\u0e25\u0e32","name_en":"Thale Sap Songkhla Non-Hunting Area","boundary":"protected_area","protect_class":"4"},"geometry":{"type":"Polygon","coordinates":[[[100.3651,7.3102],[100.3659,7.3081],[100.3576,7.3037],[100.3562,7.2964],[100.364,7.3023],[100.3728,7.3022],[100.3749,7.304],[100.3751,7.3109],[100.3767,7.3124],[100.3787,7.3094],[100.3783,7.2989],[100.3836,7.2899],[100.3819,7.2817],[100.3837,7.2767],[100.3877,7.2723],[100.3952,7.2687],[100.4011,7.2616],[100.4094,7.2623],[100.4134,7.2667],[100.4137,7.2698],[100.4208,7.2711],[100.4318,7.2781],[100.4322,7.2849],[100.4277,7.295],[100.4317,7.3039],[100.4316,7.3098],[100.4258,7.3203],[100.4261,7.3588],[100.4225,7.3669],[100.4217,7.374],[100.4179,7.3762],[100.4162,7.381],[100.4164,7.3876],[100.4206,7.4038],[100.4195,7.4142],[100.412,7.4282],[100.4091,7.4372],[100.4131,7.4469],[100.4132,7.4599],[100.408,7.4873],[100.4089,7.4914],[100.4062,7.5134],[100.4022,7.5262],[100.3972,7.5532],[100.3939,7.5624],[100.3907,7.5667],[100.377,7.5729],[100.3648,7.5781],[100.3467,7.5811],[100.3353,7.5807],[100.3218,7.578],[100.316,7.5696],[100.3086,7.5624],[100.3049,7.5559],[100.2999,7.5372],[100.2939,7.5304],[100.2886,7.5158],[100.2868,7.5151],[100.283,7.5213],[100.2794,7.5224],[100.2774,7.5214],[100.2897,7.5055],[100.3071,7.4783],[100.3038,7.4598],[100.2975,7.4498],[100.297,7.4443],[100.3009,7.432],[100.3012,7.4172],[100.3044,7.4023],[100.3205,7.3651],[100.3205,7.3605],[100.3226,7.3571],[100.3297,7.3528],[100.3309,7.3467],[100.3319,7.3477],[100.3332,7.346],[100.3439,7.3436],[100.3478,7.34],[100.3518,7.3398],[100.3553,7.3346],[100.3615,7.3312],[100.3627,7.327],[100.3555,7.3226],[100.3537,7.3184],[100.3538,7.3126],[100.3566,7.3082],[100.3617,7.3083],[100.3651,7.3102]]]}},{"type":"Feature","properties":{"id":12088743,"name":"\u0e2d\u0e38\u0e17\u0e22\u0e32\u0e19\u0e41\u0e2b\u0e48\u0e07\u0e0a\u0e32\u0e15\u0e34\u0e40\u0e02\u0e32\u0e1b\u0e39\u0e48-\u0e40\u0e02\u0e32\u0e22\u0e48\u0e32","name_en":"Khao Pu - Khao Ya National Park","boundary":"national_park","protect_class":"2"},"geometry":{"type":"Polygon","coordinates":[[[99.8373,7.5884],[99.8416,7.5904],[99.8413,7.5993],[99.8532,7.5982],[99.8553,7.5994],[99.8553,7.6013],[99.8532,7.6022],[99.8523,7.6077],[99.8535,7.6117],[99.8577,7.605],[99.8613,7.6108],[99.8623,7.61],[99.8593,7.6055],[99.8601,7.6026],[99.8679,7.6007],[99.8661,7.5969],[99.8668,7.5949],[99.8698,7.5952],[99.8709,7.5978],[99.8722,7.5964],[99.8743,7.5996],[99.8742,7.5979],[99.8786,7.5962],[99.8795,7.5987],[99.8839,7.5964],[99.8855,7.597],[99.8859,7.5952],[99.8912,7.5913],[99.8945,7.5916],[99.9021,7.5875],[99.9069,7.5875],[99.9079,7.5888],[99.9049,7.5933],[99.9087,7.591],[99.9153,7.5799],[99.9202,7.5778],[99.9214,7.5746],[99.9315,7.5701],[99.9355,7.5695],[99.936,7.5714],[99.9326,7.5747],[99.9261,7.5876],[99.9243,7.5859],[99.9235,7.5873],[99.9251,7.5882],[99.9247,7.5903],[99.9195,7.5905],[99.9218,7.5916],[99.9219,7.5941],[99.918,7.5964],[99.9181,7.5983],[99.9229,7.597],[99.9231,7.6],[99.9189,7.6002],[99.9183,7.6044],[99.9135,7.6013],[99.9123,7.602],[99.9126,7.6071],[99.9093,7.6089],[99.9092,7.6112],[99.9058,7.6099],[99.8989,7.6133],[99.8992,7.617],[99.8942,7.6149],[99.8916,7.6172],[99.8891,7.6221],[99.8861,7.623],[99.8846,7.6346],[99.882,7.636],[99.881,7.6332],[99.8759,7.6341],[99.8746,7.6375],[99.8693,7.639],[99.8695,7.6346],[99.8595,7.6338],[99.8565,7.6392],[99.8589,7.6406],[99.858,7.6429],[99.8525,7.6421],[99.8534,7.636],[99.8413,7.6343],[99.84,7.63],[99.8286,7.6312],[99.8281,7.6351],[99.8147,7.6304],[99.806,7.6353],[99.8087,7.6385],[99.8135,7.6387],[99.8156,7.6441],[99.8256,7.6489],[99.829,7.6593],[99.8256,7.661],[99.8273,7.6657],[99.8286,7.6845],[99.8173,7.7055],[99.8232,7.7169],[99.8118,7.7353],[99.8108,7.7442],[99.8183,7.7501],[99.8173,7.754],[99.828,7.7627],[99.8283,7.7664],[99.834,7.7724],[99.8268,7.7734],[99.8302,7.7778],[99.8268,7.7846],[99.8245,7.7948],[99.8281,7.796],[99.8278,7.8054],[99.8407,7.809],[99.8389,7.8142],[99.8441,7.8168],[99.8396,7.8328],[99.8309,7.8331],[99.8352,7.8469],[99.8329,7.8532],[99.8297,7.8479],[99.8237,7.8481],[99.8244,7.8545],[99.8178,7.8559],[99.8211,7.8607],[99.818,7.8641],[99.8225,7.8663],[99.823,7.869],[99.8129,7.8751],[99.8139,7.8814],[99.8089,7.8877],[99.8041,7.8867],[99.8017,7.8806],[99.8053,7.877],[99.8036,7.8751],[99.7916,7.8795],[99.79,7.8828],[99.7923,7.8897],[99.7833,7.9011],[99.7806,7.9112],[99.7895,7.921],[99.791,7.92],[99.7866,7.9047],[99.7898,7.8942],[99.798,7.8876],[99.8024,7.8964],[99.8087,7.8936],[99.8146,7.903],[99.817,7.8948],[99.8223,7.8969],[99.825,7.9027],[99.8268,7.8964],[99.8319,7.8974],[99.8322,7.905],[99.8357,7.9076],[99.8446,7.8998],[99.8484,7.9023],[99.848,7.9304],[99.8456,7.9317],[99.8443,7.9299],[99.8386,7.9331],[99.8359,7.929],[99.8396,7.9268],[99.8405,7.9229],[99.8312,7.9251],[99.8317,7.9385],[99.8362,7.9421],[99.8319,7.9492],[99.8292,7.9504],[99.8278,7.9457],[99.8226,7.944],[99.8187,7.9477],[99.8221,7.9533],[99.8225,7.9593],[99.8185,7.9625],[99.8125,7.9583],[99.8103,7.9591],[99.8087,7.97],[99.8005,7.9759],[99.8005,7.9821],[99.7871,7.9904],[99.7722,7.9894],[99.7687,7.9906],[99.7598,7.986],[99.758,7.9831],[99.7604,7.9811],[99.7574,7.9659],[99.7531,7.9686],[99.7514,7.9654],[99.7519,7.9589],[99.7468,7.9481],[99.7396,7.9458],[99.7387,7.9499],[99.7416,7.9533],[99.7437,7.9674],[99.7511,7.9712],[99.7523,7.9778],[99.7371,7.9863],[99.7129,7.9812],[99.7148,7.9739],[99.7114,7.9686],[99.703,7.9679],[99.7001,7.9634],[99.7026,7.9571],[99.7023,7.9453],[99.6996,7.9411],[99.7011,7.9353],[99.7045,7.9336],[99.705,7.9309],[99.6989,7.9285],[99.6992,7.9096],[99.7016,7.9035],[99.7004,7.8991],[99.695,7.8952],[99.6941,7.8885],[99.6904,7.8835],[99.687,7.8651],[99.6914,7.8638],[99.6945,7.8653],[99.6947,7.8568],[99.6909,7.8453],[99.6874,7.8415],[99.6881,7.8386],[99.6936,7.8389],[99.6939,7.8362],[99.6887,7.8308],[99.6894,7.8215],[99.6941,7.8214],[99.6943,7.8193],[99.6868,7.8127],[99.688,7.8069],[99.6915,7.8054],[99.6958,7.8071],[99.6882,7.7963],[99.6984,7.7759],[99.7008,7.7758],[99.7024,7.7806],[99.7056,7.7819],[99.7055,7.7767],[99.7143,7.7701],[99.7135,7.7683],[99.7095,7.7695],[99.7061,7.7665],[99.7003,7.7666],[99.6962,7.7704],[99.6957,7.7771],[99.6909,7.784],[99.682,7.789],[99.6741,7.7886],[99.6746,7.7853],[99.6815,7.7789],[99.68,7.7772],[99.6746,7.7787],[99.6699,7.7774],[99.6709,7.7707],[99.6623,7.7691],[99.6556,7.7573],[99.6581,7.7493],[99.6657,7.7327],[99.6689,7.7306],[99.6688,7.7178],[99.6707,7.717],[99.6713,7.7182],[99.6696,7.7221],[99.6717,7.7248],[99.6749,7.7219],[99.6754,7.7245],[99.6829,7.7337],[99.6837,7.7323],[99.6812,7.7249],[99.6867,7.7198],[99.6933,7.7184],[99.6947,7.7152],[99.6938,7.7112],[99.6975,7.7049],[99.699,7.7103],[99.707,7.7114],[99.7125,7.7087],[99.7183,7.7113],[99.7214,7.7181],[99.7204,7.7268],[99.722,7.7373],[99.7206,7.7398],[99.7226,7.7449],[99.7244,7.7442],[99.7268,7.7397],[99.7286,7.7399],[99.7308,7.7442],[99.733,7.7437],[99.7332,7.7417],[99.7361,7.7407],[99.7372,7.7383],[99.7371,7.7323],[99.7405,7.7276],[99.739,7.7161],[99.7438,7.7071],[99.748,7.7074],[99.754,7.701],[99.7537,7.6984],[99.7605,7.6896],[99.766,7.6884],[99.7638,7.6853],[99.753,7.6812],[99.7367,7.6841],[99.7302,7.6879],[99.7229,7.6891],[99.7179,7.6929],[99.7193,7.689],[99.7161,7.6891],[99.7151,7.6973],[99.709,7.697],[99.7072,7.6951],[99.7081,7.6924],[99.7142,7.6896],[99.7105,7.684],[99.7132,7.6822],[99.7129,7.681],[99.7103,7.681],[99.7107,7.6749],[99.7079,7.6734],[99.7105,7.6669],[99.7093,7.6653],[99.7047,7.668],[99.7058,7.666],[99.7026,7.6662],[99.7038,7.662],[99.7008,7.6609],[99.7046,7.6566],[99.7045,7.6526],[99.7089,7.6418],[99.7113,7.6406],[99.7147,7.6429],[99.7172,7.6428],[99.7182,7.6411],[99.7148,7.6378],[99.7159,7.6367],[99.7266,7.6361],[99.7283,7.628],[99.7332,7.6214],[99.7317,7.6175],[99.7359,7.6141],[99.7444,7.6167],[99.7435,7.6128],[99.7387,7.6115],[99.7413,7.6067],[99.7398,7.6027],[99.7468,7.6034],[99.7504,7.6061],[99.7525,7.6046],[99.7497,7.6006],[99.7499,7.5965],[99.7477,7.5917],[99.7508,7.5942],[99.752,7.5891],[99.7546,7.5881],[99.7542,7.5845],[99.7505,7.5844],[99.7504,7.5813],[99.7427,7.5731],[99.7519,7.5716],[99.7505,7.5683],[99.7559,7.5671],[99.7529,7.5626],[99.7572,7.5597],[99.7592,7.5602],[99.7592,7.5565],[99.7559,7.558],[99.7551,7.5553],[99.7502,7.5555],[99.7526,7.5537],[99.7528,7.5506],[99.7553,7.5507],[99.7626,7.5562],[99.7647,7.563],[99.7707,7.5617],[99.7705,7.5657],[99.7684,7.5689],[99.772,7.5719],[99.7745,7.5695],[99.7778,7.5697],[99.7773,7.5673],[99.7754,7.5677],[99.7789,7.5612],[99.7828,7.5616],[99.7856,7.5656],[99.7826,7.5731],[99.7885,7.5806],[99.8006,7.5806],[99.8068,7.5825],[99.8203,7.5938],[99.8254,7.595],[99.8307,7.5933],[99.8373,7.5884]],[[99.7626,7.8608],[99.7448,7.8494],[99.7364,7.8495],[99.7329,7.8529],[99.7292,7.8504],[99.7253,7.8529],[99.7268,7.8581],[99.722,7.8583],[99.7216,7.86],[99.7256,7.8617],[99.7244,7.8664],[99.7166,7.8696],[99.7173,7.8752],[99.727,7.8815],[99.7274,7.8857],[99.7323,7.8892],[99.7341,7.8871],[99.7333,7.885],[99.7378,7.8834],[99.7352,7.8797],[99.739,7.8771],[99.7468,7.8759],[99.7517,7.8815],[99.7592,7.8839],[99.7691,7.8942],[99.773,7.8937],[99.7669,7.8826],[99.7665,7.8791],[99.7609,7.8771],[99.755,7.8793],[99.7505,7.8708],[99.7519,7.8643],[99.7625,7.8624],[99.7626,7.8608]]]}},{"type":"Feature","properties":{"id":12088744,"name":"\u0e40\u0e02\u0e15\u0e23\u0e31\u0e01\u0e29\u0e32\u0e1e\u0e31\u0e19\u0e18\u0e38\u0e4c\u0e2a\u0e31\u0e15\u0e27\u0e4c\u0e1b\u0e48\u0e32\u0e40\u0e02\u0e32\u0e1a\u0e23\u0e23\u0e17\u0e31\u0e14","name_en":"Khao Banthat Wildlife Sanctuary","boundary":"protected_area","protect_class":"1a"},"geometry":{"type":"Polygon","coordinates":[[[99.8752,7.5494],[99.8749,7.5528],[99.867,7.5541],[99.8623,7.5603],[99.8613,7.5628],[99.868,7.5637],[99.8666,7.5698],[99.865,7.571],[99.8608,7.57],[99.8592,7.5728],[99.8509,7.5748],[99.8429,7.579],[99.8357,7.5881],[99.8322,7.588],[99.8294,7.5933],[99.8259,7.5947],[99.8213,7.5938],[99.8069,7.5822],[99.7881,7.5778],[99.7835,7.5709],[99.786,7.5653],[99.7807,7.5442],[99.7696,7.5342],[99.7675,7.5255],[99.7868,7.4867],[99.7984,7.4741],[99.7974,7.4666],[99.8026,7.4592],[99.8001,7.4483],[99.8118,7.4101],[99.8283,7.389],[99.8276,7.3689],[99.8383,7.3533],[99.8443,7.3352],[99.8513,7.3311],[99.8553,7.3236],[99.8645,7.3204],[99.8856,7.2923],[99.8853,7.2847],[99.8814,7.2846],[99.8777,7.2874],[99.8745,7.2835],[99.87,7.286],[99.8681,7.2836],[99.8714,7.2772],[99.87,7.2736],[99.862,7.2776],[99.8493,7.2634],[99.8468,7.2402],[99.8264,7.1905],[99.8153,7.1821],[99.8108,7.153],[99.8032,7.136],[99.8046,7.1251],[99.7959,7.112],[99.7993,7.1029],[99.8058,7.0975],[99.8156,7.1053],[99.8118,7.1222],[99.8146,7.1239],[99.8252,7.1184],[99.8273,7.1116],[99.8189,7.1046],[99.8171,7.0667],[99.8214,7.0648],[99.8262,7.077],[99.8249,7.0866],[99.8269,7.0936],[99.8322,7.0922],[99.8316,7.0718],[99.8377,7.0675],[99.842,7.0759],[99.8441,7.0757],[99.8456,7.0624],[99.8477,7.0656],[99.8522,7.0636],[99.8546,7.0523],[99.857,7.0511],[99.8597,7.0563],[99.8623,7.0547],[99.865,7.0438],[99.869,7.0396],[99.8849,7.037],[99.8889,7.0467],[99.9031,7.0464],[99.904,7.0416],[99.9344,7.0399],[99.9349,7.0345],[99.9382,7.0324],[99.9433,7.0338],[99.9433,7.0258],[99.9502,7.0188],[99.9546,7.0193],[99.9572,7.0152],[99.9696,7.0067],[99.9756,7.0091],[99.9763,7.0203],[99.979,7.0212],[99.9816,7.0164],[99.9881,7.012],[99.9916,7.0189],[99.9945,7.0207],[99.9965,7.0115],[100.0027,7.0128],[100.0017,7.051],[100.0467,7.052],[100.058,7.0249],[100.0669,7.0292],[100.0679,7.0183],[100.0757,7.0132],[100.08,7.0152],[100.0786,7.0281],[100.0963,7.0339],[100.1141,7.0316],[100.1191,7.0414],[100.115,7.0529],[100.1165,7.0619],[100.1254,7.0648],[100.1254,7.0685],[100.1191,7.0695],[100.1177,7.0743],[100.1218,7.0767],[100.1186,7.097],[100.1062,7.1017],[100.1057,7.1046],[100.1123,7.1052],[100.1232,7.1128],[100.1026,7.1547],[100.0935,7.1542],[100.0904,7.1627],[100.0762,7.1603],[100.0751,7.1552],[100.0681,7.1523],[100.0654,7.1544],[100.0736,7.1639],[100.0764,7.1728],[100.0848,7.1775],[100.0853,7.1922],[100.0786,7.1975],[100.0688,7.1936],[100.0659,7.1975],[100.076,7.2027],[100.0727,7.2113],[100.0642,7.2123],[100.0497,7.2235],[100.0552,7.2443],[100.0394,7.2538],[100.0329,7.2654],[100.0257,7.268],[100.0202,7.2787],[100.0146,7.2807],[100.0116,7.292],[100.0061,7.2925],[99.9981,7.3026],[99.9912,7.2976],[99.9891,7.2996],[99.9941,7.3104],[99.983,7.3214],[99.9775,7.3208],[99.9696,7.3243],[99.9685,7.3279],[99.9764,7.3265],[99.9773,7.341],[99.9706,7.3553],[99.9766,7.3654],[99.9735,7.3688],[99.9653,7.3618],[99.9536,7.3849],[99.9423,7.3917],[99.9406,7.4166],[99.9351,7.42],[99.9327,7.434],[99.9282,7.435],[99.9224,7.4438],[99.9224,7.4527],[99.9158,7.4753],[99.922,7.4889],[99.9241,7.49],[99.9246,7.483],[99.9282,7.4809],[99.9318,7.4871],[99.9263,7.4985],[99.9203,7.5],[99.9047,7.4818],[99.8897,7.506],[99.8687,7.5226],[99.8643,7.5289],[99.8656,7.5329],[99.8699,7.5325],[99.8723,7.5341],[99.8722,7.5376],[99.8656,7.5426],[99.8664,7.544],[99.8739,7.5443],[99.8756,7.5457],[99.8752,7.5494]]]}},{"type":"Feature","properties":{"id":12088745,"name":"\u0e40\u0e02\u0e15\u0e2b\u0e49\u0e32\u0e21\u0e25\u0e48\u0e32\u0e2a\u0e31\u0e15\u0e27\u0e4c\u0e1b\u0e48\u0e32\u0e40\u0e01\u0e32\u0e30\u0e25\u0e34\u0e1a\u0e07","name_en":"Ko Libong Non-Hunting Area","boundary":"protected_area","protect_class":"4"},"geometry":{"type":"Polygon","coordinates":[[[99.3723,7.3516],[99.376,7.3542],[99.3785,7.3539],[99.38,7.3497],[99.3745,7.3484],[99.3778,7.3416],[99.3811,7.3434],[99.3849,7.3413],[99.3856,7.3459],[99.3878,7.3438],[99.3941,7.3455],[99.3992,7.3402],[99.3974,7.3382],[99.4016,7.3373],[99.4033,7.3326],[99.4081,7.3308],[99.4064,7.3224],[99.4023,7.3136],[99.3985,7.3125],[99.4051,7.3098],[99.405,7.2938],[99.3782,7.2937],[99.3782,7.3008],[99.3646,7.3142],[99.3387,7.189],[99.554,7.2136],[99.5414,7.2304],[99.5242,7.2464],[99.5221,7.2499],[99.5221,7.2564],[99.5283,7.2656],[99.5321,7.282],[99.5464,7.2852],[99.5548,7.2895],[99.5596,7.2892],[99.5629,7.294],[99.5732,7.3174],[99.5735,7.3269],[99.5762,7.3377],[99.5857,7.3553],[99.5852,7.3567],[99.5644,7.3628],[99.5626,7.3622],[99.5538,7.3662],[99.5501,7.3704],[99.5501,7.3788],[99.5467,7.3882],[99.5467,7.3929],[99.5402,7.399],[99.5203,7.4067],[99.5081,7.405],[99.5069,7.4109],[99.5007,7.411],[99.4966,7.4164],[99.4912,7.4172],[99.4846,7.4151],[99.4769,7.4098],[99.4733,7.404],[99.4696,7.4015],[99.4603,7.3977],[99.4482,7.4004],[99.4431,7.4042],[99.4319,7.4029],[99.3959,7.4035],[99.3978,7.4008],[99.398,7.3928],[99.3943,7.3931],[99.3895,7.3977],[99.3895,7.3948],[99.3866,7.395],[99.3916,7.3822],[99.391,7.3801],[99.3872,7.3801],[99.3848,7.3829],[99.3811,7.3941],[99.3723,7.3516]]]}},{"type":"Feature","properties":{"id":12088746,"name":"\u0e2d\u0e38\u0e17\u0e22\u0e32\u0e19\u0e41\u0e2b\u0e48\u0e07\u0e0a\u0e32\u0e15\u0e34\u0e2b\u0e32\u0e14\u0e40\u0e08\u0e49\u0e32\u0e44\u0e2b\u0e21","name_en":"Hat Chao Mai National Park","boundary":"national_park","protect_class":"2"},"geometry":{"type":"Polygon","coordinates":[[[99.4645,7.4116],[99.4614,7.4086],[99.4615,7.4126],[99.4686,7.4189],[99.466,7.422],[99.4721,7.433],[99.4725,7.443],[99.4699,7.446],[99.4739,7.4596],[99.4764,7.4584],[99.4777,7.4542],[99.4829,7.4477],[99.4862,7.4502],[99.4873,7.4544],[99.4839,7.4656],[99.4865,7.467],[99.4865,7.4708],[99.4835,7.4747],[99.4823,7.4829],[99.4789,7.4888],[99.4772,7.5],[99.4706,7.5006],[99.4673,7.4954],[99.4636,7.4942],[99.459,7.4891],[99.4572,7.4809],[99.4597,7.4758],[99.4593,7.4719],[99.4559,7.4704],[99.4511,7.4713],[99.4485,7.4744],[99.446,7.475],[99.43,7.469],[99.4279,7.4718],[99.4274,7.4802],[99.4203,7.4829],[99.4089,7.4839],[99.4082,7.4756],[99.4054,7.4703],[99.3923,7.4748],[99.3837,7.4754],[99.3776,7.4736],[99.3743,7.4591],[99.3708,7.458],[99.3723,7.4533],[99.3716,7.4466],[99.3673,7.4463],[99.364,7.4401],[99.3646,7.4338],[99.36,7.4297],[99.3596,7.4263],[99.3574,7.4259],[99.3562,7.4267],[99.3581,7.4317],[99.3575,7.4339],[99.3529,7.4341],[99.3506,7.4308],[99.3505,7.4263],[99.3483,7.4256],[99.3481,7.4441],[99.3371,7.4683],[99.3373,7.4714],[99.3323,7.4837],[99.3357,7.4884],[99.3348,7.4936],[99.3322,7.4957],[99.3294,7.4957],[99.3246,7.5018],[99.3131,7.5084],[99.3106,7.5126],[99.3084,7.5133],[99.3025,7.508],[99.2973,7.5087],[99.2943,7.5114],[99.2989,7.5149],[99.2987,7.5165],[99.3025,7.5171],[99.3052,7.5195],[99.3078,7.5251],[99.3078,7.53],[99.2779,7.5301],[99.2777,7.4957],[99.2869,7.4956],[99.2867,7.4856],[99.3128,7.4858],[99.3131,7.4057],[99.2445,7.4076],[99.2278,7.4127],[99.2195,7.3939],[99.2402,7.3939],[99.2403,7.3754],[99.2748,7.3754],[99.275,7.3471],[99.24,7.3472],[99.2397,7.2937],[99.2694,7.2944],[99.2693,7.3387],[99.3506,7.3389],[99.3499,7.3286],[99.3782,7.3008],[99.3782,7.2937],[99.405,7.2938],[99.4051,7.3098],[99.3985,7.3125],[99.4023,7.3136],[99.4064,7.3224],[99.4081,7.3308],[99.4033,7.3326],[99.4016,7.3373],[99.3974,7.3382],[99.3992,7.3402],[99.3941,7.3455],[99.3878,7.3438],[99.3856,7.3459],[99.3849,7.3413],[99.3811,7.3434],[99.3778,7.3416],[99.3745,7.3484],[99.38,7.3497],[99.3783,7.3542],[99.376,7.3542],[99.3713,7.3509],[99.3678,7.3513],[99.3614,7.3582],[99.3614,7.3625],[99.3588,7.3648],[99.3617,7.3646],[99.362,7.3685],[99.3607,7.3696],[99.362,7.3697],[99.3592,7.3728],[99.3561,7.3734],[99.3583,7.3779],[99.3561,7.3783],[99.3521,7.383],[99.354,7.388],[99.3486,7.3914],[99.3508,7.4045],[99.3552,7.4038],[99.3517,7.4104],[99.3564,7.412],[99.3574,7.4155],[99.3597,7.4136],[99.3622,7.4141],[99.3602,7.4154],[99.3639,7.4164],[99.3642,7.4208],[99.369,7.4241],[99.369,7.42],[99.3721,7.4163],[99.3731,7.411],[99.371,7.403],[99.3728,7.3974],[99.3723,7.3962],[99.3698,7.3965],[99.3704,7.3913],[99.3735,7.3891],[99.3771,7.3889],[99.3773,7.3951],[99.3819,7.394],[99.3848,7.3829],[99.3872,7.3801],[99.391,7.3801],[99.3916,7.3822],[99.3866,7.395],[99.3895,7.3948],[99.3895,7.3977],[99.3943,7.3931],[99.398,7.3928],[99.3978,7.4008],[99.3874,7.4139],[99.385,7.4157],[99.3766,7.4173],[99.3759,7.4349],[99.3878,7.4353],[99.3912,7.4305],[99.3949,7.4303],[99.4039,7.4417],[99.4098,7.4422],[99.4093,7.4302],[99.4073,7.4282],[99.4007,7.4283],[99.3994,7.4254],[99.3995,7.4149],[99.4016,7.4121],[99.4057,7.4116],[99.4076,7.4152],[99.4071,7.4215],[99.4154,7.4116],[99.4179,7.4119],[99.4164,7.4159],[99.4182,7.4163],[99.4179,7.4194],[99.4158,7.4224],[99.418,7.4242],[99.418,7.427],[99.4158,7.4287],[99.418,7.4301],[99.4184,7.4332],[99.4157,7.4363],[99.4166,7.4572],[99.4187,7.4566],[99.4247,7.4441],[99.4285,7.4412],[99.4289,7.4265],[99.4329,7.4244],[99.4325,7.4181],[99.4353,7.4151],[99.4375,7.4161],[99.4395,7.4215],[99.437,7.4243],[99.4411,7.4255],[99.4413,7.4291],[99.4464,7.4287],[99.4491,7.4137],[99.4547,7.4153],[99.457,7.4093],[99.4571,7.3984],[99.4625,7.3998],[99.4622,7.4064],[99.463,7.4049],[99.4687,7.4068],[99.4663,7.4114],[99.4645,7.4116]],[[99.2554,7.3076],[99.2541,7.3164],[99.2588,7.3101],[99.2554,7.3076]]]}},{"type":"Feature","properties":{"id":12088747,"name":"\u0e2d\u0e38\u0e17\u0e22\u0e32\u0e19\u0e41\u0e2b\u0e48\u0e07\u0e0a\u0e32\u0e15\u0e34\u0e17\u0e30\u0e40\u0e25\u0e1a\u0e31\u0e19","name_en":"Thale Ban National Park","boundary":"national_park","protect_class":"2"},"geometry":{"type":"Polygon","coordinates":[[[100.1027,6.6352],[100.1151,6.6085],[100.1149,6.5937],[100.1182,6.5813],[100.1251,6.5703],[100.1231,6.5665],[100.1085,6.5694],[100.1069,6.5758],[100.11,6.5763],[100.1113,6.5785],[100.1092,6.5805],[100.1087,6.5867],[100.1029,6.5925],[100.1042,6.5937],[100.101,6.6019],[100.1011,6.6063],[100.0955,6.6051],[100.0947,6.6081],[100.0967,6.6135],[100.1046,6.6123],[100.0998,6.6222],[100.1,6.6359],[100.1027,6.6352]]]}},{"type":"Feature","properties":{"id":12088748,"name":"\u0e2d\u0e38\u0e17\u0e22\u0e32\u0e19\u0e41\u0e2b\u0e48\u0e07\u0e0a\u0e32\u0e15\u0e34\u0e40\u0e02\u0e32\u0e19\u0e49\u0e33\u0e04\u0e49\u0e32\u0e07","name_en":"Khao Nam Khang National Park","boundary":"national_park","protect_class":"2"},"geometry":{"type":"Polygon","coordinates":[[[100.6081,6.4721],[100.6092,6.4692],[100.6138,6.4658],[100.614,6.4621],[100.6181,6.4597],[100.6263,6.4578],[100.6463,6.4584],[100.646,6.4533],[100.6426,6.45],[100.6456,6.4486],[100.6466,6.4463],[100.6504,6.4458],[100.6521,6.4426],[100.6621,6.451],[100.6791,6.4541],[100.6847,6.4537],[100.6839,6.4567],[100.6866,6.4619],[100.6858,6.464],[100.6869,6.4652],[100.6926,6.4654],[100.6928,6.4672],[100.69,6.4693],[100.6797,6.4707],[100.6772,6.4755],[100.6655,6.4847],[100.6626,6.4905],[100.6373,6.5079],[100.6344,6.5229],[100.6391,6.5256],[100.6397,6.5294],[100.6344,6.5342],[100.6406,6.5367],[100.6348,6.5505],[100.6406,6.5664],[100.638,6.5705],[100.6603,6.5949],[100.6581,6.6049],[100.6519,6.6075],[100.6396,6.6032],[100.6241,6.6042],[100.6124,6.6223],[100.6099,6.639],[100.6056,6.6404],[100.6034,6.6322],[100.5973,6.6307],[100.5973,6.636],[100.5932,6.6416],[100.591,6.6523],[100.5831,6.6505],[100.5893,6.6581],[100.586,6.6658],[100.5858,6.6701],[100.5931,6.675],[100.5924,6.6815],[100.5872,6.6842],[100.5836,6.6805],[100.5767,6.681],[100.5615,6.6714],[100.5551,6.644],[100.5474,6.6319],[100.5503,6.6167],[100.5462,6.6124],[100.5517,6.6042],[100.556,6.5613],[100.5494,6.558],[100.5412,6.5427],[100.5462,6.5342],[100.5462,6.5316],[100.5392,6.5309],[100.5383,6.518],[100.5306,6.5174],[100.5267,6.5218],[100.5252,6.5215],[100.5258,6.5148],[100.5243,6.5117],[100.5257,6.5099],[100.5257,6.5021],[100.5208,6.4994],[100.5143,6.5049],[100.5066,6.5081],[100.5007,6.5162],[100.5012,6.5225],[100.4978,6.5285],[100.4931,6.5313],[100.4919,6.5281],[100.4962,6.5213],[100.4958,6.5181],[100.4927,6.5166],[100.4928,6.5116],[100.4964,6.5059],[100.4997,6.5068],[100.5019,6.4995],[100.5056,6.4987],[100.508,6.5005],[100.5116,6.4923],[100.5152,6.4932],[100.5188,6.4886],[100.524,6.4904],[100.5255,6.4873],[100.532,6.4898],[100.5369,6.4868],[100.5421,6.4912],[100.5483,6.4845],[100.5528,6.4914],[100.558,6.4927],[100.5625,6.496],[100.5732,6.4826],[100.5849,6.4777],[100.5892,6.4792],[100.5952,6.4774],[100.6023,6.4684],[100.6046,6.4718],[100.6081,6.4721]],[[100.6072,6.6106],[100.6054,6.613],[100.607,6.6259],[100.6091,6.6263],[100.6137,6.617],[100.6119,6.6123],[100.6072,6.6106]]]}},{"type":"Feature","properties":{"id":12088749,"name":"\u0e2d\u0e38\u0e17\u0e22\u0e32\u0e19\u0e41\u0e2b\u0e48\u0e07\u0e0a\u0e32\u0e15\u0e34\u0e1a\u0e39\u0e42\u0e14-\u0e2a\u0e38\u0e44\u0e2b\u0e07\u0e1b\u0e32\u0e14\u0e35","name_en":"Budo-Su-ngai Padi National Park","boundary":"national_park","protect_class":"2"},"geometry":{"type":"Polygon","coordinates":[[[101.8167,6.016],[101.8049,6.013],[101.7978,6.021],[101.7979,6.0253],[101.7955,6.0258],[101.7927,6.0209],[101.7791,6.0293],[101.7787,6.0438],[101.7739,6.048],[101.7712,6.0567],[101.7787,6.0636],[101.776,6.0709],[101.7725,6.0699],[101.7715,6.0637],[101.7634,6.0655],[101.7629,6.0695],[101.7664,6.0705],[101.7653,6.0736],[101.7609,6.0742],[101.7607,6.0812],[101.7645,6.0861],[101.764,6.0967],[101.7712,6.0999],[101.7719,6.1148],[101.7621,6.1257],[101.7518,6.1279],[101.7439,6.1371],[101.7434,6.1452],[101.7332,6.1539],[101.732,6.1672],[101.7428,6.1761],[101.7434,6.181],[101.7473,6.1846],[101.7643,6.1694],[101.7731,6.1665],[101.7749,6.1691],[101.7701,6.1759],[101.7691,6.1808],[101.7662,6.1837],[101.7681,6.189],[101.7725,6.1924],[101.7717,6.1964],[101.7677,6.1989],[101.7693,6.2047],[101.7751,6.2087],[101.7758,6.2145],[101.7806,6.2165],[101.7804,6.2237],[101.7878,6.2267],[101.7952,6.2226],[101.8046,6.2233],[101.8081,6.2201],[101.8098,6.2039],[101.8088,6.1988],[101.8149,6.1936],[101.8132,6.1865],[101.8191,6.1633],[101.8247,6.1609],[101.8328,6.1452],[101.8328,6.1216],[101.8311,6.1172],[101.8326,6.1103],[101.8312,6.1037],[101.8422,6.0952],[101.8445,6.0897],[101.8508,6.0847],[101.8488,6.0745],[101.8316,6.0538],[101.8331,6.0504],[101.8316,6.048],[101.8357,6.0455],[101.8383,6.0364],[101.8352,6.0327],[101.8366,6.0282],[101.834,6.0221],[101.827,6.0183],[101.8259,6.0158],[101.8214,6.0143],[101.8167,6.016]]]}},{"type":"Feature","properties":{"id":12088750,"name":"\u0e40\u0e02\u0e15\u0e23\u0e31\u0e01\u0e29\u0e32\u0e1e\u0e31\u0e19\u0e18\u0e38\u0e4c\u0e2a\u0e31\u0e15\u0e27\u0e4c\u0e1b\u0e48\u0e32\u0e2e\u0e32\u0e25\u0e32-\u0e1a\u0e32\u0e25\u0e32","name_en":"Hala-Bala Wildlife Sanctuary","boundary":"protected_area","protect_class":"1a"},"geometry":{"type":"Polygon","coordinates":[[[101.8415,5.804],[101.8349,5.8004],[101.8254,5.8071],[101.8211,5.8074],[101.8184,5.8031],[101.8167,5.8061],[101.8056,5.8058],[101.8028,5.8107],[101.7981,5.8107],[101.7981,5.8057],[101.7957,5.8044],[101.7885,5.8035],[101.7862,5.8045],[101.7805,5.8014],[101.7788,5.8046],[101.7766,5.8046],[101.7708,5.7971],[101.7659,5.7971],[101.7635,5.7987],[101.7621,5.8083],[101.7585,5.8104],[101.7597,5.8194],[101.7632,5.8249],[101.7649,5.8258],[101.7664,5.8233],[101.7697,5.827],[101.7721,5.8422],[101.7739,5.8436],[101.7749,5.8426],[101.7741,5.8384],[101.7758,5.8377],[101.7782,5.8424],[101.7807,5.8429],[101.7826,5.8412],[101.7848,5.8431],[101.7866,5.8419],[101.7864,5.8456],[101.7787,5.8473],[101.7771,5.851],[101.7771,5.8586],[101.7791,5.8601],[101.7794,5.8634],[101.7789,5.8686],[101.7832,5.873],[101.7813,5.8759],[101.7838,5.88],[101.7844,5.8868],[101.7877,5.8913],[101.789,5.8988],[101.7971,5.905],[101.7969,5.9168],[101.8028,5.9179],[101.7991,5.9226],[101.8013,5.9238],[101.8002,5.9302],[101.8014,5.9337],[101.8052,5.9325],[101.8076,5.9367],[101.807,5.9407],[101.804,5.945],[101.8065,5.95],[101.8138,5.9387],[101.8136,5.9343],[101.8178,5.928],[101.8241,5.9225],[101.8246,5.9162],[101.827,5.9149],[101.8274,5.9128],[101.825,5.9115],[101.8249,5.9018],[101.8272,5.8965],[101.8228,5.8955],[101.821,5.8928],[101.8226,5.8835],[101.8274,5.8807],[101.8288,5.8746],[101.8247,5.8681],[101.8253,5.864],[101.8269,5.8628],[101.8287,5.8676],[101.8324,5.8707],[101.8346,5.8712],[101.8386,5.8676],[101.8382,5.8607],[101.8339,5.8613],[101.8353,5.8569],[101.8379,5.8554],[101.8414,5.8496],[101.841,5.8452],[101.8452,5.8432],[101.8472,5.8378],[101.8464,5.8366],[101.8428,5.8373],[101.8428,5.8322],[101.8351,5.8324],[101.835,5.8308],[101.8401,5.8284],[101.8454,5.8203],[101.8443,5.8101],[101.8415,5.804]]]}},{"type":"Feature","properties":{"id":12088751,"name":"\u0e2d\u0e38\u0e17\u0e22\u0e32\u0e19\u0e41\u0e2b\u0e48\u0e07\u0e0a\u0e32\u0e15\u0e34\u0e1a\u0e32\u0e07\u0e25\u0e32\u0e07","name_en":"Bang Lang National Park","boundary":"national_park","protect_class":"2"},"geometry":{"type":"Polygon","coordinates":[[[101.3988,6.0317],[101.4265,6.02],[101.4306,6.0206],[101.436,6.0143],[101.4435,6.0142],[101.4435,6.0167],[101.4469,6.0197],[101.4478,6.0155],[101.4458,6.013],[101.4473,6.0107],[101.4458,6.0096],[101.4469,6.0066],[101.4449,6.0044],[101.4383,6.0054],[101.4356,5.9994],[101.4302,6.0025],[101.4259,6.0019],[101.4222,5.9936],[101.4207,5.9947],[101.4187,5.9921],[101.4169,5.9932],[101.4157,5.9978],[101.4145,5.9982],[101.4138,5.995],[101.4078,5.9987],[101.4068,5.997],[101.4146,5.9896],[101.4075,5.9889],[101.4045,5.9829],[101.3995,5.9856],[101.3977,5.9847],[101.4005,5.9801],[101.3922,5.981],[101.3912,5.9801],[101.3975,5.9734],[101.395,5.9685],[101.3916,5.9703],[101.3911,5.969],[101.3993,5.9628],[101.3945,5.9592],[101.3951,5.9579],[101.3992,5.9601],[101.3998,5.9569],[101.3982,5.9539],[101.401,5.95],[101.4034,5.9519],[101.406,5.9463],[101.4081,5.9497],[101.4101,5.9494],[101.4101,5.9444],[101.414,5.9439],[101.4151,5.94],[101.4181,5.9413],[101.4187,5.9398],[101.4248,5.9404],[101.4243,5.938],[101.4157,5.9367],[101.4177,5.9341],[101.4157,5.9335],[101.416,5.9301],[101.4222,5.9279],[101.4173,5.9228],[101.4229,5.9203],[101.4239,5.9173],[101.4262,5.917],[101.426,5.914],[101.4296,5.9127],[101.4266,5.9068],[101.4292,5.9056],[101.4302,5.9025],[101.4366,5.8995],[101.4385,5.9045],[101.4369,5.9077],[101.4414,5.9063],[101.4478,5.9109],[101.4484,5.9085],[101.4436,5.9016],[101.4437,5.8961],[101.4501,5.8946],[101.4549,5.8907],[101.4538,5.8893],[101.4497,5.8912],[101.4438,5.8914],[101.4411,5.8895],[101.4372,5.8908],[101.4393,5.8852],[101.4346,5.8781],[101.4199,5.8824],[101.4179,5.8868],[101.4161,5.8864],[101.4127,5.8813],[101.4039,5.8826],[101.4013,5.8793],[101.3947,5.8811],[101.3906,5.9026],[101.3848,5.9149],[101.3712,5.9081],[101.3694,5.9057],[101.3821,5.886],[101.3868,5.8717],[101.3851,5.8606],[101.3749,5.8522],[101.3723,5.8461],[101.3672,5.8475],[101.3655,5.8441],[101.3661,5.8405],[101.3643,5.8388],[101.357,5.8444],[101.3557,5.8405],[101.3515,5.8389],[101.3517,5.8341],[101.3451,5.8319],[101.3422,5.8291],[101.3402,5.8292],[101.3387,5.8332],[101.3364,5.8339],[101.3347,5.8293],[101.3366,5.8226],[101.3323,5.8183],[101.3223,5.8211],[101.3161,5.8177],[101.3139,5.8189],[101.3123,5.8238],[101.3069,5.8308],[101.3018,5.8333],[101.2954,5.833],[101.2785,5.8242],[101.2751,5.825],[101.2745,5.8291],[101.2782,5.839],[101.2909,5.8505],[101.2961,5.8601],[101.294,5.8626],[101.2952,5.8659],[101.2909,5.8712],[101.2927,5.8741],[101.3063,5.8787],[101.307,5.8841],[101.3019,5.8858],[101.3011,5.8885],[101.3042,5.8909],[101.3103,5.8915],[101.3111,5.9205],[101.3212,5.9302],[101.3196,5.9384],[101.323,5.9402],[101.3266,5.9504],[101.3314,5.956],[101.3259,5.9637],[101.3281,5.9724],[101.3254,5.9767],[101.3259,5.9909],[101.3278,5.999],[101.3262,6.0064],[101.3278,6.0129],[101.335,6.0151],[101.3372,6.0194],[101.3489,6.0241],[101.3523,6.0322],[101.3679,6.0429],[101.3662,6.0447],[101.3672,6.0435],[101.3662,6.0425],[101.361,6.0405],[101.3645,6.0455],[101.3602,6.0468],[101.3598,6.0518],[101.358,6.0515],[101.3575,6.055],[101.3522,6.0548],[101.3515,6.0565],[101.346,6.0555],[101.3448,6.0515],[101.3405,6.0495],[101.342,6.042],[101.339,6.0503],[101.3407,6.0515],[101.3347,6.059],[101.334,6.0625],[101.3323,6.0615],[101.3287,6.0645],[101.328,6.0705],[101.3268,6.071],[101.3227,6.067],[101.3235,6.0655],[101.321,6.0633],[101.3215,6.0605],[101.3195,6.063],[101.3213,6.0663],[101.3192,6.0667],[101.3187,6.0708],[101.3145,6.0693],[101.3173,6.072],[101.314,6.0758],[101.3127,6.0735],[101.311,6.0747],[101.3097,6.0728],[101.3063,6.0758],[101.304,6.0708],[101.3047,6.0752],[101.3035,6.0775],[101.3053,6.0812],[101.298,6.081],[101.2985,6.0853],[101.2965,6.084],[101.2963,6.0818],[101.2935,6.086],[101.2922,6.0857],[101.2927,6.0845],[101.291,6.0855],[101.29,6.0842],[101.2927,6.082],[101.2897,6.0805],[101.2887,6.0818],[101.2843,6.0788],[101.2855,6.0773],[101.2843,6.0732],[101.2845,6.0765],[101.2823,6.0793],[101.2843,6.0803],[101.284,6.0825],[101.2865,6.086],[101.285,6.0877],[101.2807,6.0808],[101.2745,6.0765],[101.2738,6.0777],[101.2753,6.0799],[101.2741,6.0809],[101.2668,6.0833],[101.2665,6.0817],[101.263,6.084],[101.2586,6.081],[101.2593,6.0768],[101.2576,6.0797],[101.2575,6.0772],[101.2547,6.0793],[101.2512,6.0764],[101.2516,6.0746],[101.2484,6.0739],[101.2493,6.072],[101.2444,6.0657],[101.2412,6.0657],[101.2441,6.0638],[101.2453,6.065],[101.2454,6.0616],[101.2486,6.0611],[101.2495,6.0572],[101.2514,6.0576],[101.2516,6.0557],[101.2544,6.055],[101.2523,6.0541],[101.2543,6.0502],[101.2492,6.0503],[101.2491,6.0485],[101.2527,6.0472],[101.2518,6.0456],[101.2502,6.0461],[101.2519,6.0423],[101.2559,6.0432],[101.2564,6.0448],[101.2561,6.0392],[101.2579,6.0391],[101.2566,6.0381],[101.2585,6.0375],[101.2576,6.0365],[101.259,6.0348],[101.2571,6.0255],[101.2612,6.0249],[101.2607,6.0218],[101.2589,6.0236],[101.2538,6.0213],[101.2545,6.0254],[101.2533,6.0259],[101.2558,6.0298],[101.2545,6.0384],[101.2533,6.0369],[101.2502,6.0373],[101.2486,6.0403],[101.246,6.0387],[101.2469,6.0395],[101.2449,6.0415],[101.2467,6.0408],[101.2496,6.0425],[101.2462,6.0441],[101.2484,6.045],[101.2439,6.0523],[101.2467,6.0555],[101.241,6.0597],[101.24,6.0586],[101.239,6.0609],[101.2342,6.0604],[101.2324,6.0591],[101.2322,6.056],[101.2307,6.0565],[101.2318,6.0551],[101.2302,6.055],[101.2315,6.0545],[101.2292,6.0531],[101.2298,6.0498],[101.2316,6.0487],[101.2296,6.0488],[101.231,6.0477],[101.2299,6.0472],[101.231,6.0439],[101.2278,6.049],[101.2237,6.0513],[101.2251,6.0489],[101.2243,6.0471],[101.2203,6.0458],[101.223,6.0435],[101.2263,6.0433],[101.223,6.0424],[101.2188,6.0335],[101.2164,6.0333],[101.2156,6.035],[101.2136,6.0337],[101.2136,6.0296],[101.2152,6.0296],[101.2159,6.0266],[101.2123,6.0279],[101.2096,6.0254],[101.2094,6.0227],[101.2044,6.0196],[101.2024,6.0202],[101.2026,6.0162],[101.2043,6.0146],[101.2019,6.0149],[101.2003,6.0116],[101.1972,6.0099],[101.194,5.9984],[101.1967,5.9966],[101.1945,5.9941],[101.1831,5.9926],[101.177,5.9946],[101.1713,6.0001],[101.1699,6.006],[101.1637,6.0081],[101.1597,6.0041],[101.1505,6.0032],[101.1468,6.0003],[101.1322,5.9829],[101.1233,5.9819],[101.1178,5.9834],[101.114,5.9865],[101.1148,5.9885],[101.1103,5.9886],[101.1069,5.9907],[101.1062,6.0003],[101.1116,5.9972],[101.1146,5.9977],[101.1184,6.0018],[101.1269,5.9994],[101.1404,6.0046],[101.1446,6.0029],[101.1469,6.0076],[101.1503,6.0074],[101.1507,6.0097],[101.1621,6.014],[101.1641,6.012],[101.1656,6.0142],[101.1684,6.0132],[101.1666,6.0124],[101.168,6.0107],[101.174,6.0104],[101.1746,6.0079],[101.1771,6.0066],[101.1765,6.0044],[101.1785,6.0035],[101.1769,6.0014],[101.1779,6.0002],[101.1874,5.997],[101.1937,5.9974],[101.1962,6.0097],[101.2017,6.016],[101.2006,6.0216],[101.2078,6.025],[101.2069,6.0255],[101.2118,6.0306],[101.2088,6.0346],[101.2149,6.0364],[101.2123,6.0375],[101.2124,6.0409],[101.205,6.041],[101.2048,6.0424],[101.202,6.0405],[101.203,6.0446],[101.2013,6.044],[101.1997,6.0396],[101.2006,6.0475],[101.196,6.0477],[101.1919,6.0437],[101.1911,6.0458],[101.1873,6.0457],[101.184,6.0439],[101.1816,6.0378],[101.178,6.0459],[101.18,6.0444],[101.1825,6.0477],[101.1857,6.0472],[101.1859,6.0514],[101.184,6.054],[101.1886,6.0522],[101.1886,6.0483],[101.1932,6.0475],[101.1937,6.0508],[101.1912,6.0531],[101.1925,6.0548],[101.1974,6.0523],[101.1962,6.0489],[101.1989,6.0484],[101.2033,6.0521],[101.2032,6.0473],[101.2056,6.0485],[101.2051,6.0468],[101.2076,6.0463],[101.2078,6.0485],[101.2065,6.0487],[101.2087,6.05],[101.2122,6.0598],[101.2135,6.0541],[101.2092,6.0505],[101.2131,6.0473],[101.2122,6.0456],[101.2148,6.0464],[101.2152,6.0418],[101.2197,6.0402],[101.2211,6.043],[101.217,6.046],[101.2153,6.0494],[101.2188,6.0492],[101.2192,6.0511],[101.2207,6.0498],[101.2228,6.059],[101.2254,6.0581],[101.2272,6.0592],[101.2246,6.0607],[101.224,6.0649],[101.2215,6.0646],[101.2214,6.0682],[101.2134,6.0692],[101.2111,6.0662],[101.2102,6.0699],[101.2024,6.073],[101.1982,6.0699],[101.1902,6.0731],[101.1878,6.0713],[101.1875,6.0735],[101.1901,6.0756],[101.1827,6.0801],[101.1834,6.0819],[101.1776,6.0849],[101.1775,6.0864],[101.1819,6.0891],[101.1819,6.0854],[101.1839,6.0863],[101.1873,6.0798],[101.1904,6.0782],[101.1934,6.08],[101.1987,6.0793],[101.1999,6.0892],[101.202,6.0929],[101.2038,6.093],[101.2031,6.0869],[101.2063,6.0882],[101.2009,6.0795],[101.2011,6.0765],[101.2037,6.0788],[101.2035,6.076],[101.2053,6.0741],[101.2121,6.0743],[101.2124,6.0728],[101.223,6.0696],[101.2228,6.0719],[101.2269,6.0659],[101.23,6.0651],[101.2332,6.0675],[101.2331,6.0662],[101.2361,6.0648],[101.2369,6.0688],[101.2358,6.0691],[101.2373,6.0716],[101.2357,6.0742],[101.239,6.0717],[101.2385,6.0773],[101.2424,6.0714],[101.2437,6.0784],[101.2464,6.0804],[101.2487,6.0797],[101.2486,6.0816],[101.2506,6.0787],[101.2522,6.081],[101.2543,6.0808],[101.2551,6.0835],[101.2561,6.0823],[101.258,6.084],[101.2572,6.0877],[101.2593,6.0847],[101.2588,6.0876],[101.2602,6.0864],[101.2602,6.0888],[101.2619,6.089],[101.2615,6.0865],[101.2628,6.0881],[101.2643,6.0858],[101.2676,6.0854],[101.265,6.0907],[101.2651,6.0946],[101.2659,6.0923],[101.267,6.0928],[101.2665,6.091],[101.2676,6.0924],[101.2672,6.0889],[101.2698,6.0842],[101.2725,6.0868],[101.2734,6.0849],[101.2743,6.0864],[101.2753,6.0858],[101.2758,6.0877],[101.2775,6.0857],[101.2793,6.092],[101.2837,6.0955],[101.2807,6.095],[101.2815,6.0965],[101.2795,6.0972],[101.2799,6.0983],[101.2819,6.1002],[101.2846,6.0989],[101.2826,6.1022],[101.2852,6.1025],[101.2862,6.1043],[101.2825,6.1037],[101.28,6.0998],[101.2796,6.1048],[101.2775,6.1048],[101.2811,6.1049],[101.2837,6.1068],[101.2795,6.1063],[101.2785,6.1072],[101.2806,6.1082],[101.2788,6.1087],[101.2808,6.1096],[101.2782,6.1109],[101.2753,6.1091],[101.2748,6.1112],[101.2768,6.112],[101.2749,6.1156],[101.2744,6.1129],[101.2716,6.1143],[101.2701,6.1113],[101.2685,6.1131],[101.2659,6.1093],[101.2658,6.1129],[101.2675,6.1134],[101.2655,6.1151],[101.2681,6.1141],[101.2737,6.118],[101.2731,6.1202],[101.2714,6.1175],[101.267,6.1176],[101.2694,6.1178],[101.2703,6.1189],[101.2682,6.12],[101.271,6.122],[101.2687,6.124],[101.2699,6.1243],[101.2679,6.1281],[101.2686,6.1316],[101.2658,6.1286],[101.2674,6.1247],[101.2667,6.122],[101.265,6.1224],[101.2654,6.1204],[101.2613,6.1232],[101.2629,6.1166],[101.2617,6.1161],[101.2607,6.1197],[101.2594,6.1189],[101.26,6.1211],[101.2587,6.1213],[101.2571,6.1186],[101.2582,6.1125],[101.2569,6.1136],[101.2553,6.1126],[101.2563,6.1143],[101.255,6.115],[101.2554,6.1188],[101.253,6.1174],[101.2507,6.1184],[101.2485,6.1122],[101.2494,6.1192],[101.2463,6.1195],[101.2456,6.1178],[101.2454,6.1197],[101.2429,6.1195],[101.2419,6.1176],[101.2432,6.1273],[101.2371,6.1214],[101.2335,6.1214],[101.2356,6.1231],[101.2363,6.1272],[101.2395,6.126],[101.2417,6.128],[101.2444,6.1277],[101.2452,6.1263],[101.243,6.1213],[101.2476,6.1227],[101.2479,6.1205],[101.251,6.1215],[101.2524,6.12],[101.2519,6.1269],[101.2532,6.1227],[101.256,6.122],[101.2576,6.1262],[101.2594,6.1251],[101.2624,6.1263],[101.2608,6.1267],[101.2599,6.1296],[101.2619,6.1328],[101.2587,6.1334],[101.2609,6.1362],[101.2622,6.1345],[101.2614,6.1375],[101.2639,6.1417],[101.2607,6.1402],[101.2606,6.1429],[101.2607,6.1448],[101.2621,6.1438],[101.2628,6.1458],[101.2704,6.1418],[101.2665,6.1398],[101.2666,6.1378],[101.2694,6.1366],[101.2748,6.1372],[101.2739,6.1396],[101.276,6.1393],[101.2772,6.141],[101.28,6.1365],[101.2832,6.1418],[101.2823,6.1372],[101.287,6.137],[101.2883,6.1387],[101.2867,6.139],[101.2867,6.1415],[101.2892,6.1415],[101.2898,6.1398],[101.291,6.1418],[101.2905,6.139],[101.2917,6.138],[101.2903,6.1353],[101.2952,6.136],[101.2965,6.1345],[101.2955,6.132],[101.2977,6.133],[101.2985,6.1318],[101.2957,6.13],[101.2993,6.1275],[101.2985,6.1262],[101.2943,6.1292],[101.2975,6.1265],[101.2968,6.124],[101.2985,6.1232],[101.2973,6.1223],[101.299,6.119],[101.298,6.1165],[101.3047,6.1102],[101.3005,6.1093],[101.3035,6.1075],[101.3012,6.105],[101.3042,6.1057],[101.3047,6.1037],[101.306,6.104],[101.3075,6.1018],[101.3053,6.098],[101.3093,6.0968],[101.3033,6.094],[101.303,6.0925],[101.305,6.089],[101.3053,6.0915],[101.3072,6.0912],[101.3067,6.0877],[101.3107,6.0903],[101.3153,6.09],[101.3118,6.0895],[101.3053,6.0847],[101.3093,6.0812],[101.3093,6.0773],[101.3132,6.0797],[101.3173,6.0782],[101.321,6.0797],[101.318,6.0765],[101.3217,6.0685],[101.3252,6.0738],[101.3307,6.074],[101.3312,6.0658],[101.3328,6.0648],[101.3355,6.067],[101.3347,6.0643],[101.3363,6.0605],[101.343,6.0525],[101.3478,6.0598],[101.3492,6.058],[101.3517,6.0587],[101.3517,6.0617],[101.3552,6.0575],[101.3552,6.0592],[101.3565,6.0598],[101.357,6.0578],[101.3635,6.063],[101.3625,6.064],[101.3653,6.0635],[101.3665,6.0605],[101.3658,6.0633],[101.3672,6.0665],[101.3656,6.0716],[101.3667,6.0726],[101.366,6.071],[101.369,6.0652],[101.3713,6.066],[101.3708,6.0648],[101.373,6.0628],[101.3715,6.057],[101.373,6.0565],[101.3722,6.0518],[101.3745,6.0492],[101.375,6.052],[101.3738,6.0525],[101.3755,6.0533],[101.374,6.0557],[101.3761,6.0582],[101.3751,6.0589],[101.3771,6.0588],[101.3777,6.0606],[101.379,6.0597],[101.3823,6.0624],[101.3863,6.0615],[101.3822,6.0615],[101.3772,6.0574],[101.3773,6.0512],[101.379,6.0537],[101.3816,6.0534],[101.3816,6.0497],[101.3844,6.0511],[101.388,6.0477],[101.389,6.0541],[101.3908,6.053],[101.3916,6.055],[101.3948,6.0518],[101.3962,6.0538],[101.3999,6.0533],[101.4015,6.0547],[101.4019,6.0524],[101.4001,6.0503],[101.3976,6.0528],[101.395,6.0509],[101.3927,6.0533],[101.3915,6.0513],[101.3892,6.0518],[101.3913,6.0478],[101.3895,6.0452],[101.3846,6.0482],[101.3817,6.0474],[101.3794,6.0515],[101.3795,6.0475],[101.3773,6.0488],[101.3735,6.048],[101.3768,6.043],[101.373,6.0397],[101.3768,6.037],[101.3768,6.034],[101.3795,6.0343],[101.3822,6.032],[101.3875,6.0358],[101.3918,6.0332],[101.3948,6.0373],[101.3967,6.0373],[101.3988,6.036],[101.3988,6.0317]]]}},{"type":"Feature","properties":{"id":12092896,"name":"\u0e40\u0e02\u0e15\u0e2b\u0e49\u0e32\u0e21\u0e25\u0e48\u0e32\u0e2a\u0e31\u0e15\u0e27\u0e4c\u0e1b\u0e48\u0e32\u0e40\u0e02\u0e32\u0e17\u0e48\u0e32\u0e40\u0e1e\u0e0a\u0e23","name_en":"Khao Tha Phet Non-Hunting Area","boundary":"protected_area","protect_class":"4"},"geometry":{"type":"Polygon","coordinates":[[[99.3488,9.0832],[99.3508,9.0899],[99.3536,9.0896],[99.3546,9.0877],[99.3613,9.0957],[99.3657,9.1046],[99.3659,9.1087],[99.3627,9.1087],[99.36,9.1124],[99.356,9.111],[99.3498,9.1121],[99.3482,9.1076],[99.3444,9.1072],[99.3455,9.1004],[99.3475,9.1001],[99.3447,9.0971],[99.3462,9.0967],[99.3446,9.087],[99.3463,9.0827],[99.3488,9.0832]]]}},{"type":"Feature","properties":{"id":12092897,"name":"\u0e2d\u0e38\u0e17\u0e22\u0e32\u0e19\u0e41\u0e2b\u0e48\u0e07\u0e0a\u0e32\u0e15\u0e34\u0e19\u0e49\u0e33\u0e15\u0e01\u0e2a\u0e35\u0e48\u0e02\u0e35\u0e14","name_en":"Namtok Si Khit National Park","boundary":"national_park","protect_class":"2"},"geometry":{"type":"Polygon","coordinates":[[[99.7785,9.0003],[99.7756,9.0006],[99.775,9.0038],[99.7793,9.0024],[99.7785,9.0003]],[[99.7491,8.9975],[99.7479,8.9969],[99.7466,9.0024],[99.7491,9.0019],[99.7491,8.9975]]]}},{"type":"Feature","properties":{"id":12092898,"name":"\u0e2d\u0e38\u0e17\u0e22\u0e32\u0e19\u0e41\u0e2b\u0e48\u0e07\u0e0a\u0e32\u0e15\u0e34\u0e43\u0e15\u0e49\u0e23\u0e48\u0e21\u0e40\u0e22\u0e47\u0e19","name_en":"Tai Rom Yen National Park","boundary":"national_park","protect_class":"2"},"geometry":{"type":"Polygon","coordinates":[[[99.3873,8.8478],[99.3828,8.8181],[99.3736,8.8055],[99.37,8.8072],[99.3794,8.8264],[99.3785,8.8347],[99.3851,8.8496],[99.3873,8.8478]],[[99.4369,8.841],[99.434,8.8411],[99.4355,8.8465],[99.4374,8.846],[99.4369,8.841]]]}},{"type":"Feature","properties":{"id":12092899,"name":"\u0e2d\u0e38\u0e17\u0e22\u0e32\u0e19\u0e41\u0e2b\u0e48\u0e07\u0e0a\u0e32\u0e15\u0e34\u0e40\u0e02\u0e32\u0e19\u0e31\u0e19","name_en":"Khao Nan National Park","boundary":"national_park","protect_class":"2"},"geometry":{"type":"Polygon","coordinates":[[[99.6179,8.8838],[99.6117,8.8874],[99.6118,8.8899],[99.6103,8.8903],[99.6096,8.8879],[99.6074,8.8885],[99.6069,8.8929],[99.6125,8.9018],[99.6135,8.9003],[99.613,8.9118],[99.6197,8.9125],[99.6174,8.898],[99.6219,8.8913],[99.6206,8.8891],[99.6182,8.8888],[99.619,8.8853],[99.6179,8.8838]],[[99.5981,8.768],[99.5977,8.7619],[99.5961,8.7623],[99.5942,8.7717],[99.6014,8.7716],[99.6017,8.7649],[99.5981,8.768]]]}},{"type":"Feature","properties":{"id":12092900,"name":"\u0e2d\u0e38\u0e17\u0e22\u0e32\u0e19\u0e41\u0e2b\u0e48\u0e07\u0e0a\u0e32\u0e15\u0e34\u0e40\u0e02\u0e32\u0e2b\u0e25\u0e27\u0e07","name_en":"Khao Luang National Park","boundary":"national_park","protect_class":"2"},"geometry":{"type":"Polygon","coordinates":[[[99.637,8.6924],[99.6311,8.7178],[99.633,8.7229],[99.6371,8.7241],[99.6364,8.7312],[99.638,8.7343],[99.6484,8.7397],[99.6549,8.7383],[99.6604,8.7439],[99.6685,8.7431],[99.6741,8.7502],[99.6887,8.7483],[99.6937,8.7349],[99.7226,8.7344],[99.7256,8.7224],[99.7337,8.7124],[99.7433,8.7124],[99.7459,8.6842],[99.7524,8.6723],[99.7485,8.6628],[99.7571,8.6504],[99.7462,8.6391],[99.7588,8.6243],[99.7689,8.624],[99.773,8.6304],[99.7727,8.6369],[99.7771,8.6382],[99.7893,8.6302],[99.7912,8.6219],[99.7857,8.6107],[99.7823,8.6111],[99.782,8.6185],[99.7653,8.6148],[99.7634,8.6058],[99.7574,8.6048],[99.7517,8.6073],[99.7462,8.6007],[99.7509,8.5927],[99.7474,8.5868],[99.7761,8.5876],[99.7862,8.5785],[99.7849,8.5739],[99.7892,8.5698],[99.7785,8.5613],[99.7881,8.5467],[99.7965,8.5435],[99.8026,8.5467],[99.8053,8.5444],[99.7986,8.5354],[99.8038,8.5068],[99.8087,8.5102],[99.8094,8.5081],[99.8067,8.5038],[99.8076,8.4997],[99.8017,8.4972],[99.8151,8.4852],[99.8185,8.4867],[99.8171,8.4911],[99.8195,8.4922],[99.8257,8.4881],[99.8267,8.4804],[99.8318,8.4759],[99.8364,8.4798],[99.843,8.4775],[99.8436,8.4744],[99.8492,8.4736],[99.8504,8.4682],[99.8589,8.4565],[99.8599,8.4516],[99.8563,8.4507],[99.853,8.4521],[99.8456,8.4619],[99.8363,8.4635],[99.8301,8.4691],[99.8301,8.4725],[99.8228,8.4743],[99.8223,8.4677],[99.8181,8.4686],[99.8154,8.4728],[99.811,8.4704],[99.8128,8.4639],[99.8208,8.4515],[99.824,8.4553],[99.8324,8.4513],[99.8315,8.4481],[99.8177,8.4444],[99.8074,8.4498],[99.7996,8.4478],[99.7904,8.4527],[99.789,8.4625],[99.7771,8.4677],[99.7723,8.4736],[99.7703,8.4728],[99.7697,8.4677],[99.7644,8.4671],[99.7596,8.4697],[99.7577,8.4658],[99.7547,8.4653],[99.76,8.4563],[99.7583,8.4545],[99.7476,8.4639],[99.7411,8.4634],[99.7476,8.4552],[99.7457,8.453],[99.7377,8.453],[99.7426,8.4472],[99.7507,8.4467],[99.7514,8.4435],[99.7421,8.4398],[99.743,8.4369],[99.7615,8.4337],[99.7626,8.4311],[99.7533,8.427],[99.7562,8.4247],[99.7653,8.4233],[99.7675,8.4213],[99.777,8.4279],[99.7878,8.4158],[99.7872,8.4135],[99.7896,8.4115],[99.7874,8.4066],[99.7822,8.4075],[99.7804,8.4059],[99.7745,8.4057],[99.7723,8.4116],[99.7676,8.41],[99.7708,8.3948],[99.7742,8.3914],[99.7864,8.3946],[99.7923,8.3907],[99.7976,8.3746],[99.7953,8.3739],[99.7914,8.3776],[99.7904,8.3764],[99.791,8.3615],[99.7863,8.3613],[99.7803,8.3692],[99.7731,8.3697],[99.7701,8.379],[99.7617,8.3851],[99.7531,8.3827],[99.7528,8.3688],[99.7002,8.3566],[99.6934,8.3674],[99.6652,8.3664],[99.6398,8.3926],[99.6364,8.4255],[99.6518,8.4333],[99.6505,8.4391],[99.6347,8.4381],[99.6261,8.451],[99.6388,8.4551],[99.6532,8.4717],[99.6541,8.4783],[99.6383,8.4761],[99.6371,8.4798],[99.659,8.5014],[99.6613,8.5094],[99.6479,8.5141],[99.6529,8.5259],[99.6596,8.525],[99.6597,8.5148],[99.6625,8.5136],[99.6711,8.5223],[99.6767,8.5221],[99.676,8.5299],[99.6803,8.5376],[99.6786,8.5415],[99.6561,8.5382],[99.647,8.5484],[99.6426,8.5673],[99.6453,8.5678],[99.6487,8.5629],[99.6527,8.5724],[99.6457,8.5741],[99.6481,8.5785],[99.6534,8.5763],[99.6599,8.588],[99.6551,8.5948],[99.6469,8.5963],[99.646,8.6048],[99.6388,8.608],[99.6338,8.6033],[99.6307,8.606],[99.6357,8.616],[99.6206,8.6282],[99.6213,8.6469],[99.641,8.6698],[99.6429,8.6815],[99.637,8.6924]]]}},{"type":"Feature","properties":{"id":12092901,"name":"\u0e2d\u0e38\u0e17\u0e22\u0e32\u0e19\u0e41\u0e2b\u0e48\u0e07\u0e0a\u0e32\u0e15\u0e34\u0e19\u0e49\u0e33\u0e15\u0e01\u0e42\u0e22\u0e07","name_en":"Namtok Yong National Park","boundary":"national_park","protect_class":"2"},"geometry":{"type":"Polygon","coordinates":[[[99.7897,8.1653],[99.7797,8.1632],[99.7795,8.166],[99.765,8.1658],[99.7646,8.1638],[99.7571,8.1632],[99.7515,8.16],[99.7462,8.1614],[99.7445,8.1709],[99.7397,8.1707],[99.74,8.177],[99.7371,8.1804],[99.7426,8.1857],[99.7419,8.1873],[99.7318,8.1837],[99.7307,8.1852],[99.741,8.1923],[99.7439,8.1976],[99.7546,8.206],[99.756,8.2104],[99.746,8.2087],[99.7364,8.2021],[99.7342,8.2025],[99.7343,8.2065],[99.7323,8.2071],[99.7363,8.2175],[99.746,8.2203],[99.7465,8.2266],[99.7408,8.2309],[99.7351,8.2286],[99.7338,8.2294],[99.7353,8.2344],[99.7337,8.236],[99.7289,8.2318],[99.722,8.233],[99.7153,8.2313],[99.7133,8.2349],[99.7174,8.2418],[99.7151,8.2422],[99.7071,8.2352],[99.6974,8.2395],[99.6974,8.2436],[99.6927,8.2441],[99.6924,8.248],[99.6888,8.2465],[99.6923,8.2608],[99.6881,8.2645],[99.6836,8.2613],[99.6849,8.2563],[99.6833,8.2549],[99.6816,8.246],[99.6729,8.2444],[99.6699,8.249],[99.6654,8.2471],[99.6655,8.2541],[99.6581,8.2597],[99.658,8.2619],[99.654,8.2654],[99.6505,8.2719],[99.6538,8.2756],[99.6493,8.2749],[99.6456,8.2792],[99.6451,8.2838],[99.6473,8.2844],[99.6479,8.2879],[99.6439,8.2907],[99.6439,8.2948],[99.6484,8.297],[99.6518,8.3054],[99.6503,8.3071],[99.6511,8.3085],[99.6572,8.3109],[99.6569,8.3124],[99.6523,8.3121],[99.6524,8.3167],[99.6552,8.3178],[99.6549,8.3235],[99.6608,8.3301],[99.6664,8.3308],[99.6701,8.3271],[99.6692,8.3232],[99.673,8.3249],[99.6758,8.3216],[99.6738,8.3203],[99.6821,8.3173],[99.6787,8.3211],[99.681,8.3217],[99.6812,8.3255],[99.6771,8.3297],[99.684,8.3332],[99.6798,8.3364],[99.6832,8.3398],[99.6913,8.3357],[99.7016,8.3362],[99.6998,8.3403],[99.6963,8.3418],[99.6979,8.3433],[99.7022,8.3418],[99.7026,8.3394],[99.7058,8.3418],[99.7106,8.3398],[99.7093,8.3382],[99.7126,8.339],[99.7123,8.3373],[99.7145,8.3386],[99.7198,8.3364],[99.7214,8.3383],[99.7272,8.3372],[99.7323,8.3327],[99.7291,8.3326],[99.7269,8.3305],[99.727,8.3285],[99.7303,8.3268],[99.7305,8.3291],[99.7347,8.3305],[99.733,8.3369],[99.7341,8.3382],[99.736,8.3377],[99.7361,8.3352],[99.7404,8.3363],[99.7449,8.333],[99.7446,8.331],[99.7398,8.3294],[99.7462,8.3245],[99.7505,8.324],[99.7484,8.3231],[99.7495,8.3205],[99.7408,8.3201],[99.7445,8.3156],[99.7378,8.3109],[99.7371,8.3077],[99.7405,8.3083],[99.7442,8.3057],[99.7434,8.3099],[99.7482,8.3124],[99.7522,8.3107],[99.7527,8.3081],[99.7555,8.308],[99.7553,8.3055],[99.7486,8.306],[99.7554,8.3011],[99.754,8.2998],[99.7553,8.2985],[99.7568,8.3001],[99.7612,8.2997],[99.7612,8.2981],[99.7635,8.2999],[99.7641,8.297],[99.7656,8.2994],[99.7644,8.2921],[99.7668,8.2958],[99.7671,8.302],[99.7689,8.3034],[99.7705,8.3024],[99.77,8.3004],[99.7756,8.2972],[99.7686,8.2914],[99.7689,8.2901],[99.7774,8.2912],[99.7815,8.2942],[99.7771,8.284],[99.778,8.2819],[99.7868,8.2926],[99.7989,8.2891],[99.8004,8.2901],[99.8111,8.2851],[99.8148,8.2817],[99.8138,8.2787],[99.8177,8.2779],[99.8177,8.274],[99.8159,8.2739],[99.8191,8.27],[99.8153,8.2664],[99.8116,8.2678],[99.8067,8.2617],[99.7923,8.2533],[99.7838,8.2527],[99.7783,8.248],[99.7836,8.2507],[99.7846,8.2487],[99.7877,8.2497],[99.7904,8.248],[99.7891,8.2423],[99.8044,8.2497],[99.8078,8.2473],[99.8165,8.2485],[99.8146,8.2435],[99.8168,8.2367],[99.825,8.237],[99.8282,8.2302],[99.8315,8.2295],[99.8285,8.2223],[99.8237,8.2249],[99.8111,8.2196],[99.8118,8.2185],[99.8225,8.2191],[99.823,8.2177],[99.8176,8.2155],[99.8242,8.2134],[99.8202,8.211],[99.8155,8.2115],[99.8078,8.2057],[99.8098,8.2043],[99.8223,8.2043],[99.8224,8.1982],[99.8185,8.1917],[99.8078,8.1895],[99.8071,8.1796],[99.8041,8.1769],[99.8011,8.1773],[99.7977,8.1745],[99.7932,8.1757],[99.7926,8.1739],[99.7954,8.173],[99.7951,8.1716],[99.7904,8.1714],[99.7915,8.168],[99.7897,8.1653]],[[99.7485,8.2975],[99.748,8.2997],[99.7493,8.2993],[99.7485,8.2975]]]}},{"type":"Feature","properties":{"id":12092902,"name":"\u0e40\u0e02\u0e15\u0e23\u0e31\u0e01\u0e29\u0e32\u0e1e\u0e31\u0e19\u0e18\u0e38\u0e4c\u0e2a\u0e31\u0e15\u0e27\u0e4c\u0e1b\u0e48\u0e32\u0e04\u0e25\u0e2d\u0e07\u0e1e\u0e23\u0e30\u0e22\u0e32","name_en":"Khlong Phraya Wildlife Sanctuary","boundary":"protected_area","protect_class":"1a"},"geometry":{"type":"Polygon","coordinates":[[[98.9307,8.3257],[98.9219,8.3254],[98.918,8.3187],[98.9121,8.3151],[98.9093,8.3157],[98.9034,8.3136],[98.9009,8.316],[98.9018,8.3189],[98.8989,8.3201],[98.8958,8.3191],[98.8973,8.3265],[98.9018,8.3253],[98.9032,8.3225],[98.9042,8.3283],[98.9027,8.3301],[98.9065,8.3314],[98.9079,8.3301],[98.9119,8.3307],[98.9114,8.3327],[98.9086,8.333],[98.9071,8.3352],[98.9028,8.3343],[98.9016,8.3366],[98.9098,8.3448],[98.9122,8.3452],[98.9111,8.3521],[98.9187,8.3562],[98.918,8.3579],[98.9138,8.3566],[98.91,8.358],[98.9088,8.3623],[98.9107,8.3666],[98.9166,8.3674],[98.9186,8.3695],[98.9188,8.3745],[98.9166,8.3762],[98.9166,8.3785],[98.9235,8.3815],[98.9218,8.3817],[98.9213,8.3839],[98.9166,8.3848],[98.9147,8.3866],[98.9162,8.3891],[98.9119,8.3917],[98.9035,8.3852],[98.9006,8.3885],[98.8981,8.3888],[98.8979,8.3913],[98.8946,8.3906],[98.8924,8.3983],[98.8885,8.3983],[98.888,8.4031],[98.8895,8.405],[98.8848,8.4131],[98.8817,8.4134],[98.88,8.4223],[98.8815,8.4253],[98.8903,8.4258],[98.8931,8.4293],[98.8927,8.4461],[98.9011,8.4548],[98.9036,8.4632],[98.9065,8.4663],[98.9062,8.4791],[98.9109,8.4837],[98.9097,8.4872],[98.9061,8.4882],[98.9064,8.5046],[98.9093,8.5146],[98.9131,8.5138],[98.9135,8.5158],[98.9097,8.5188],[98.9093,8.5231],[98.9133,8.5253],[98.9167,8.5298],[98.9153,8.5371],[98.9171,8.5437],[98.9215,8.5476],[98.9206,8.5499],[98.9243,8.5552],[98.9222,8.5556],[98.9236,8.5575],[98.9256,8.5573],[98.9243,8.5607],[98.9269,8.5619],[98.9267,8.565],[98.9319,8.5682],[98.9346,8.5667],[98.9345,8.5725],[98.9374,8.5743],[98.9403,8.5727],[98.9407,8.5688],[98.9432,8.5696],[98.9436,8.5683],[98.9412,8.5652],[98.9437,8.5663],[98.9431,8.5643],[98.9446,8.5635],[98.9421,8.5615],[98.9421,8.5593],[98.9454,8.5621],[98.9466,8.5654],[98.9509,8.5645],[98.9513,8.5631],[98.9498,8.5544],[98.9464,8.5516],[98.9399,8.553],[98.9392,8.5516],[98.9417,8.5513],[98.9448,8.5481],[98.9415,8.5458],[98.9427,8.5426],[98.9439,8.5419],[98.9465,8.545],[98.9482,8.5448],[98.9475,8.5472],[98.9491,8.5498],[98.9506,8.5451],[98.9512,8.5472],[98.953,8.5455],[98.9491,8.5428],[98.9491,8.5409],[98.9526,8.5427],[98.9539,8.5395],[98.9515,8.5392],[98.9547,8.537],[98.9542,8.5355],[98.9506,8.5379],[98.9484,8.5344],[98.9525,8.5351],[98.9518,8.5335],[98.9541,8.5338],[98.9539,8.5323],[98.9504,8.5321],[98.9524,8.5315],[98.9523,8.5282],[98.9579,8.5358],[98.9566,8.537],[98.9578,8.5404],[98.9593,8.5417],[98.9607,8.5406],[98.9624,8.5442],[98.965,8.5385],[98.9642,8.5367],[98.9666,8.5371],[98.9657,8.5343],[98.9685,8.5331],[98.9701,8.5351],[98.9711,8.5338],[98.9727,8.5346],[98.9733,8.5317],[98.9704,8.5318],[98.9704,8.5286],[98.9669,8.5289],[98.967,8.5275],[98.964,8.526],[98.9657,8.5247],[98.9682,8.5266],[98.9689,8.5256],[98.9741,8.5266],[98.9761,8.5244],[98.9748,8.5228],[98.9766,8.5216],[98.9729,8.5212],[98.9746,8.5174],[98.9718,8.5166],[98.9739,8.5155],[98.977,8.5182],[98.9789,8.5173],[98.9797,8.5155],[98.9778,8.5161],[98.9767,8.5148],[98.9799,8.5111],[98.9776,8.5108],[98.9765,8.5138],[98.9757,8.5097],[98.9779,8.5022],[98.9805,8.5014],[98.9848,8.4943],[98.9836,8.4936],[98.9782,8.4973],[98.9843,8.4916],[98.9824,8.4916],[98.9832,8.4881],[98.9772,8.4927],[98.975,8.49],[98.9753,8.4858],[98.9731,8.4849],[98.9682,8.4909],[98.96,8.4953],[98.9608,8.4908],[98.9638,8.4888],[98.9628,8.4872],[98.9705,8.4802],[98.9768,8.4788],[98.9757,8.4766],[98.9768,8.4687],[98.9744,8.4666],[98.9785,8.4637],[98.9785,8.4602],[98.9743,8.4613],[98.9754,8.4567],[98.9737,8.4575],[98.9711,8.4549],[98.9718,8.4538],[98.9692,8.4523],[98.9683,8.4533],[98.9671,8.4513],[98.9666,8.4532],[98.9641,8.4527],[98.9606,8.4551],[98.9603,8.4601],[98.958,8.4633],[98.9557,8.4638],[98.9556,8.4605],[98.9588,8.4591],[98.9576,8.4527],[98.9611,8.4492],[98.9605,8.4474],[98.9642,8.4445],[98.9641,8.4423],[98.957,8.4453],[98.9556,8.4442],[98.9551,8.4473],[98.953,8.44],[98.95,8.4393],[98.951,8.4374],[98.953,8.4376],[98.9542,8.4351],[98.9554,8.4428],[98.958,8.4426],[98.9597,8.4405],[98.9566,8.4378],[98.9579,8.436],[98.9597,8.4382],[98.9594,8.4354],[98.9569,8.4347],[98.9582,8.4336],[98.9566,8.431],[98.9584,8.4297],[98.9587,8.423],[98.9606,8.4206],[98.9606,8.4091],[98.9469,8.3989],[98.9428,8.3935],[98.9415,8.3867],[98.9392,8.3836],[98.9408,8.382],[98.9378,8.3811],[98.9355,8.3782],[98.9327,8.362],[98.9312,8.3606],[98.9358,8.358],[98.9363,8.3536],[98.9342,8.3506],[98.9309,8.3518],[98.932,8.3487],[98.9305,8.3469],[98.9318,8.3448],[98.93,8.337],[98.933,8.3314],[98.9307,8.3257]]]}},{"type":"Feature","properties":{"id":12092903,"name":"\u0e2d\u0e38\u0e17\u0e22\u0e32\u0e19\u0e41\u0e2b\u0e48\u0e07\u0e0a\u0e32\u0e15\u0e34\u0e40\u0e02\u0e32\u0e1e\u0e19\u0e21\u0e40\u0e1a\u0e0d\u0e08\u0e32","name_en":"Khao Phanom Bencha National Park","boundary":"national_park","protect_class":"2"},"geometry":{"type":"Polygon","coordinates":[[[98.9034,8.3136],[98.901,8.3141],[98.9014,8.3122],[98.8998,8.3144],[98.8982,8.313],[98.8962,8.3141],[98.8967,8.312],[98.8938,8.3117],[98.8903,8.3054],[98.8987,8.2617],[98.9005,8.2597],[98.9046,8.2594],[98.9048,8.2551],[98.9088,8.2549],[98.9044,8.2532],[98.9078,8.2524],[98.9098,8.2542],[98.9103,8.2512],[98.9143,8.2488],[98.9118,8.2443],[98.9141,8.244],[98.9135,8.24],[98.9153,8.2385],[98.9128,8.2348],[98.9132,8.2316],[98.9188,8.2247],[98.922,8.2234],[98.9242,8.2192],[98.937,8.2235],[98.9421,8.2223],[98.9466,8.2179],[98.9453,8.2334],[98.9489,8.2397],[98.9447,8.2408],[98.9446,8.2433],[98.9479,8.2458],[98.9444,8.2468],[98.9422,8.2507],[98.9536,8.2546],[98.9497,8.2611],[98.9538,8.26],[98.9612,8.2618],[98.9498,8.2673],[98.9551,8.275],[98.9528,8.2793],[98.9495,8.2782],[98.9473,8.2809],[98.9442,8.293],[98.9412,8.2974],[98.9388,8.2977],[98.9379,8.2944],[98.9329,8.2925],[98.9288,8.2976],[98.9318,8.3031],[98.943,8.3083],[98.941,8.32],[98.9386,8.3209],[98.9416,8.3237],[98.946,8.3241],[98.9487,8.3263],[98.9219,8.3254],[98.9166,8.3175],[98.9126,8.3152],[98.9093,8.3157],[98.9034,8.3136]]]}},{"type":"Feature","properties":{"id":12092904,"name":"\u0e2d\u0e38\u0e17\u0e22\u0e32\u0e19\u0e41\u0e2b\u0e48\u0e07\u0e0a\u0e32\u0e15\u0e34\u0e2d\u0e48\u0e32\u0e27\u0e1e\u0e31\u0e07\u0e07\u0e32","name_en":"Ao Phang-nga National Park","boundary":"national_park","protect_class":"2"},"geometry":{"type":"Polygon","coordinates":[[[98.6243,8.1579],[98.6299,8.1542],[98.6436,8.1548],[98.6435,8.1996],[98.5636,8.2367],[98.5326,8.2853],[98.5351,8.2902],[98.5281,8.2946],[98.5078,8.3373],[98.508,8.3545],[98.5144,8.3842],[98.5104,8.4033],[98.5034,8.405],[98.4967,8.3914],[98.4931,8.3888],[98.4902,8.3903],[98.4848,8.3856],[98.4837,8.3898],[98.4762,8.3902],[98.4604,8.3874],[98.4556,8.3841],[98.4513,8.3802],[98.452,8.3771],[98.4494,8.3753],[98.4489,8.3658],[98.4505,8.3627],[98.449,8.3625],[98.4461,8.3531],[98.4482,8.3518],[98.4464,8.3499],[98.4439,8.3511],[98.4423,8.35],[98.4373,8.343],[98.4411,8.3383],[98.4403,8.336],[98.4363,8.337],[98.4326,8.3348],[98.4273,8.3281],[98.4374,8.3159],[98.4358,8.3052],[98.4403,8.3013],[98.4407,8.2964],[98.4404,8.2937],[98.438,8.2925],[98.4438,8.2823],[98.4411,8.278],[98.4358,8.2802],[98.4346,8.279],[98.4399,8.2736],[98.439,8.2688],[98.449,8.2675],[98.4475,8.2634],[98.4496,8.2611],[98.4435,8.2581],[98.4425,8.2551],[98.4474,8.2487],[98.451,8.2478],[98.452,8.2448],[98.4494,8.2407],[98.4502,8.2369],[98.4526,8.2337],[98.4556,8.2348],[98.4561,8.2334],[98.4536,8.2319],[98.454,8.2234],[98.4522,8.2178],[98.4429,8.2119],[98.4391,8.2032],[98.4421,8.1973],[98.4422,8.187],[98.4406,8.1791],[98.4385,8.1785],[98.4369,8.1747],[98.436,8.165],[98.447,8.153],[98.441,8.1301],[98.4422,8.1198],[98.4558,8.1192],[98.4777,8.1091],[98.4994,8.0865],[98.5135,8.0752],[98.5189,8.0896],[98.5259,8.0982],[98.5299,8.0971],[98.5294,8.0911],[98.5336,8.0897],[98.5386,8.0927],[98.5478,8.0943],[98.5585,8.1276],[98.6186,8.1724],[98.6236,8.1694],[98.6263,8.1718],[98.6273,8.1706],[98.6236,8.1636],[98.6243,8.1579]],[[98.5018,8.3366],[98.5041,8.3385],[98.5036,8.3322],[98.5018,8.3366]]]}},{"type":"Feature","properties":{"id":12092905,"name":"\u0e40\u0e02\u0e15\u0e23\u0e31\u0e01\u0e29\u0e32\u0e1e\u0e31\u0e19\u0e18\u0e38\u0e4c\u0e2a\u0e31\u0e15\u0e27\u0e4c\u0e1b\u0e48\u0e32\u0e40\u0e02\u0e32\u0e1b\u0e23\u0e30-\u0e1a\u0e32\u0e07\u0e04\u0e23\u0e32\u0e21","name_en":"Khao Pra-Bang Khram Wildlife Sanctuary","boundary":"protected_area","protect_class":"1a"},"geometry":{"type":"Polygon","coordinates":[[[99.2895,7.8356],[99.2807,7.8426],[99.2747,7.8575],[99.2706,7.8573],[99.271,7.8636],[99.2572,7.8619],[99.2543,7.8663],[99.2545,7.8688],[99.2525,7.8692],[99.2513,7.8664],[99.2455,7.8658],[99.2406,7.8671],[99.2373,7.8646],[99.2319,7.8663],[99.2298,7.8652],[99.2283,7.8695],[99.2265,7.8705],[99.226,7.8685],[99.2241,7.8691],[99.2242,7.8712],[99.2209,7.8672],[99.2211,7.8602],[99.2205,7.8592],[99.2172,7.8608],[99.2185,7.8577],[99.2156,7.8575],[99.2188,7.8547],[99.2161,7.8521],[99.2149,7.8534],[99.2123,7.8515],[99.2129,7.8505],[99.2049,7.8501],[99.2036,7.8529],[99.2017,7.8533],[99.2036,7.8555],[99.2004,7.8558],[99.2008,7.8585],[99.2025,7.8589],[99.2011,7.8614],[99.1987,7.8593],[99.1916,7.8651],[99.1894,7.8591],[99.1859,7.8568],[99.184,7.8614],[99.1852,7.8684],[99.183,7.8672],[99.1792,7.8698],[99.1792,7.8728],[99.1764,7.8766],[99.1778,7.8782],[99.1863,7.8714],[99.1904,7.8707],[99.1908,7.8729],[99.1817,7.88],[99.1818,7.8844],[99.1791,7.891],[99.1804,7.8948],[99.183,7.8937],[99.1832,7.8954],[99.1805,7.8996],[99.1784,7.9093],[99.1794,7.9096],[99.1853,7.9064],[99.1877,7.8989],[99.1866,7.894],[99.195,7.8863],[99.1963,7.888],[99.1974,7.8873],[99.1985,7.8837],[99.1998,7.8836],[99.1984,7.8906],[99.2004,7.8902],[99.2032,7.8849],[99.2047,7.8762],[99.2032,7.8707],[99.2042,7.8659],[99.2058,7.8658],[99.2062,7.8681],[99.2125,7.8641],[99.2158,7.866],[99.2177,7.8696],[99.2145,7.8721],[99.2142,7.8812],[99.2216,7.8855],[99.221,7.8874],[99.2263,7.8916],[99.2271,7.8906],[99.2356,7.8921],[99.2363,7.8938],[99.2316,7.8957],[99.231,7.8981],[99.2385,7.8992],[99.2386,7.9012],[99.2411,7.9013],[99.2473,7.8954],[99.2454,7.8919],[99.2425,7.8914],[99.2428,7.8888],[99.2485,7.891],[99.2496,7.8842],[99.2517,7.8919],[99.255,7.8915],[99.2554,7.8891],[99.257,7.8892],[99.258,7.8856],[99.2566,7.884],[99.2578,7.8825],[99.2606,7.8829],[99.2651,7.8806],[99.2648,7.8771],[99.2676,7.8767],[99.2657,7.8722],[99.2671,7.8712],[99.2683,7.8749],[99.271,7.876],[99.2721,7.8829],[99.2755,7.8815],[99.2747,7.8766],[99.2771,7.8781],[99.2766,7.883],[99.2816,7.8837],[99.2829,7.8795],[99.284,7.8811],[99.286,7.8808],[99.2839,7.8829],[99.288,7.885],[99.2852,7.8852],[99.2861,7.8871],[99.2837,7.8861],[99.2838,7.888],[99.287,7.8945],[99.2917,7.8972],[99.2892,7.9044],[99.2773,7.9171],[99.2718,7.9183],[99.271,7.9216],[99.2613,7.926],[99.2602,7.9328],[99.2578,7.9353],[99.2471,7.9384],[99.2563,7.9481],[99.261,7.9582],[99.2733,7.9588],[99.2741,7.9557],[99.2763,7.9543],[99.2775,7.9501],[99.276,7.9439],[99.278,7.9448],[99.2778,7.9421],[99.2813,7.9411],[99.28,7.9344],[99.2831,7.9333],[99.2767,7.9344],[99.2759,7.9331],[99.2818,7.929],[99.2822,7.9238],[99.2966,7.9177],[99.3027,7.9201],[99.3054,7.9157],[99.3149,7.9147],[99.3141,7.9107],[99.325,7.9181],[99.321,7.9193],[99.3219,7.9213],[99.3242,7.9208],[99.324,7.9277],[99.3193,7.9256],[99.3183,7.9299],[99.3161,7.9282],[99.315,7.9293],[99.3141,7.9272],[99.3149,7.9223],[99.3051,7.9199],[99.304,7.9234],[99.3115,7.9251],[99.311,7.9267],[99.3061,7.9261],[99.3058,7.9318],[99.3099,7.9314],[99.3128,7.929],[99.3173,7.9337],[99.3125,7.935],[99.31,7.9331],[99.3066,7.9346],[99.3084,7.9373],[99.306,7.9367],[99.3041,7.9413],[99.3042,7.934],[99.299,7.9335],[99.3011,7.9392],[99.2973,7.9357],[99.2961,7.9364],[99.2973,7.9398],[99.3025,7.9439],[99.3101,7.9439],[99.312,7.9515],[99.311,7.9586],[99.3045,7.9576],[99.3047,7.96],[99.3028,7.961],[99.3044,7.963],[99.304,7.9654],[99.3027,7.9669],[99.301,7.9658],[99.2998,7.9692],[99.2984,7.9692],[99.3008,7.9735],[99.3008,7.9798],[99.2988,7.9779],[99.2956,7.9832],[99.2868,7.9781],[99.2862,7.9813],[99.2814,7.9833],[99.2778,7.9797],[99.2725,7.9793],[99.2716,7.9678],[99.2648,7.9677],[99.2679,7.9937],[99.271,7.9923],[99.2693,7.9954],[99.2702,7.9988],[99.2745,8.0014],[99.2783,7.9974],[99.2786,8.0008],[99.2749,8.0037],[99.2796,8.0054],[99.2792,8.0066],[99.2751,8.0058],[99.2757,8.0103],[99.2771,8.0104],[99.2717,8.0246],[99.2736,8.0301],[99.2835,8.0353],[99.281,8.0321],[99.2838,8.0325],[99.2832,8.0266],[99.2866,8.0284],[99.2873,8.0247],[99.2942,8.0149],[99.2977,8.0133],[99.2951,8.0272],[99.2961,8.028],[99.3012,8.0253],[99.3025,8.0212],[99.3058,8.0206],[99.3085,8.0159],[99.3075,8.0136],[99.3139,8.0054],[99.3102,8.0019],[99.3058,8.003],[99.3022,8.006],[99.3034,8.001],[99.2998,8.0032],[99.2999,8.0008],[99.2956,7.998],[99.2996,7.9987],[99.3002,7.9954],[99.3033,7.9978],[99.3103,7.9929],[99.318,7.9725],[99.3183,7.9607],[99.3231,7.9547],[99.3219,7.9449],[99.3286,7.9447],[99.3292,7.9422],[99.3325,7.9487],[99.3348,7.9471],[99.3393,7.938],[99.3387,7.9345],[99.3411,7.9334],[99.347,7.9124],[99.3433,7.8962],[99.3374,7.8908],[99.3331,7.8911],[99.3285,7.8876],[99.3183,7.8931],[99.3193,7.896],[99.318,7.8967],[99.3129,7.895],[99.3124,7.8929],[99.3085,7.8931],[99.3083,7.8896],[99.3121,7.8907],[99.3189,7.8883],[99.3194,7.885],[99.316,7.8789],[99.3155,7.8684],[99.3185,7.8642],[99.317,7.8613],[99.3185,7.8496],[99.3121,7.8417],[99.3101,7.8318],[99.2943,7.8296],[99.2895,7.8318],[99.2895,7.8356]],[[99.3085,7.9101],[99.309,7.9135],[99.311,7.9135],[99.3112,7.9117],[99.3085,7.9101]]]}},{"type":"Feature","properties":{"id":12095596,"name":"\u0e40\u0e02\u0e15\u0e23\u0e31\u0e01\u0e29\u0e32\u0e1e\u0e31\u0e19\u0e18\u0e38\u0e4c\u0e2a\u0e31\u0e15\u0e27\u0e4c\u0e1b\u0e48\u0e32\u0e04\u0e25\u0e2d\u0e07\u0e41\u0e2a\u0e07","name_en":"Khlong Saeng Wildlife Sanctuary","boundary":"protected_area","protect_class":"1a"},"geometry":{"type":"Polygon","coordinates":[[[98.6021,9.088],[98.6035,9.0871],[98.6006,9.0899],[98.605,9.0887],[98.6048,9.0901],[98.6019,9.092],[98.6,9.0914],[98.5999,9.0929],[98.5963,9.0927],[98.5987,9.0941],[98.5981,9.0962],[98.5997,9.0937],[98.6007,9.0947],[98.603,9.0926],[98.6029,9.0982],[98.6049,9.0929],[98.6088,9.0999],[98.6056,9.0914],[98.6082,9.0867],[98.6087,9.089],[98.611,9.0875],[98.6095,9.0901],[98.6107,9.0913],[98.6094,9.0919],[98.6109,9.0926],[98.6103,9.0951],[98.6122,9.0957],[98.612,9.0909],[98.6145,9.094],[98.6147,9.0918],[98.6163,9.0914],[98.615,9.0899],[98.6163,9.0844],[98.6183,9.0859],[98.6172,9.0878],[98.6197,9.0871],[98.6207,9.0895],[98.6211,9.0873],[98.6226,9.088],[98.6214,9.0858],[98.6231,9.0875],[98.6241,9.0865],[98.6244,9.0812],[98.6266,9.0807],[98.6285,9.0858],[98.6259,9.0863],[98.6288,9.0877],[98.6275,9.0892],[98.6293,9.0889],[98.6307,9.0925],[98.6246,9.0914],[98.6262,9.0935],[98.6288,9.0932],[98.6291,9.0953],[98.6286,9.0963],[98.6262,9.0952],[98.6272,9.0979],[98.6235,9.0956],[98.6249,9.0989],[98.6221,9.0984],[98.6211,9.0999],[98.6278,9.1007],[98.6257,9.1023],[98.6263,9.1038],[98.6236,9.1026],[98.6215,9.1047],[98.6207,9.103],[98.6182,9.1028],[98.6201,9.1064],[98.6151,9.1023],[98.6153,9.1046],[98.6123,9.104],[98.614,9.1051],[98.6129,9.1061],[98.6158,9.1053],[98.6172,9.1059],[98.6165,9.1075],[98.6188,9.1077],[98.6173,9.1089],[98.6192,9.1098],[98.6193,9.1121],[98.6151,9.1105],[98.6206,9.1155],[98.6129,9.1129],[98.614,9.1152],[98.6171,9.1161],[98.6108,9.1176],[98.6121,9.1192],[98.6095,9.12],[98.6093,9.1184],[98.607,9.1183],[98.6078,9.1168],[98.6049,9.117],[98.605,9.1149],[98.6024,9.1145],[98.6026,9.112],[98.6017,9.1138],[98.6005,9.1127],[98.6003,9.1141],[98.6023,9.1152],[98.6,9.1164],[98.6032,9.1163],[98.6023,9.1187],[98.6049,9.1183],[98.6069,9.1209],[98.6036,9.1209],[98.604,9.1232],[98.6082,9.1215],[98.612,9.1231],[98.609,9.1252],[98.6076,9.124],[98.6081,9.1268],[98.6045,9.1241],[98.6036,9.1258],[98.6055,9.1265],[98.6044,9.1271],[98.6023,9.1251],[98.6029,9.1237],[98.6018,9.1242],[98.6025,9.1225],[98.6005,9.1217],[98.6012,9.1204],[98.5985,9.1197],[98.5974,9.1216],[98.5999,9.1241],[98.5989,9.1257],[98.601,9.1255],[98.5999,9.1281],[98.6022,9.1278],[98.6032,9.1304],[98.5988,9.1323],[98.5981,9.1285],[98.5958,9.1279],[98.597,9.1272],[98.5934,9.1266],[98.5943,9.1203],[98.5926,9.1248],[98.5896,9.1221],[98.588,9.123],[98.5872,9.1211],[98.5864,9.123],[98.5843,9.1201],[98.5826,9.1206],[98.5855,9.1254],[98.5892,9.1236],[98.5924,9.1255],[98.592,9.1272],[98.5963,9.1302],[98.5974,9.1345],[98.6011,9.1351],[98.6023,9.1338],[98.6041,9.1389],[98.5999,9.1374],[98.6006,9.1387],[98.5973,9.1399],[98.6042,9.1403],[98.599,9.1429],[98.5988,9.1456],[98.6068,9.1428],[98.6073,9.1451],[98.6051,9.144],[98.6002,9.1526],[98.6043,9.1552],[98.6014,9.156],[98.6046,9.1566],[98.6033,9.158],[98.6075,9.1611],[98.6011,9.1582],[98.6038,9.1615],[98.6047,9.1684],[98.6075,9.1705],[98.6056,9.1748],[98.6077,9.1771],[98.6055,9.1838],[98.6083,9.1857],[98.6027,9.1866],[98.6003,9.1825],[98.6001,9.1843],[98.5996,9.183],[98.5981,9.1841],[98.5974,9.1825],[98.6014,9.1788],[98.5972,9.1818],[98.5969,9.1801],[98.5945,9.1796],[98.5956,9.1819],[98.5933,9.1813],[98.5954,9.1848],[98.5867,9.1803],[98.584,9.1814],[98.5845,9.1842],[98.5826,9.1856],[98.5789,9.1831],[98.5753,9.1863],[98.5739,9.1833],[98.5737,9.1855],[98.5702,9.1848],[98.5664,9.1876],[98.5641,9.1856],[98.5611,9.1862],[98.5597,9.1868],[98.5597,9.1912],[98.5568,9.1934],[98.555,9.1916],[98.5555,9.1976],[98.5501,9.1975],[98.5485,9.2009],[98.544,9.2022],[98.5433,9.2057],[98.5406,9.2054],[98.5381,9.2073],[98.5374,9.2021],[98.5316,9.199],[98.532,9.1966],[98.5295,9.1962],[98.5312,9.197],[98.5317,9.2002],[98.5364,9.2028],[98.5363,9.2064],[98.539,9.2096],[98.5379,9.2121],[98.5412,9.2118],[98.5414,9.2174],[98.5461,9.2209],[98.5481,9.2287],[98.545,9.2336],[98.5453,9.2422],[98.536,9.2419],[98.5297,9.2388],[98.5258,9.2385],[98.5247,9.235],[98.5202,9.2342],[98.5177,9.2319],[98.5178,9.2278],[98.5119,9.2258],[98.5124,9.2231],[98.5065,9.2166],[98.5027,9.2159],[98.5003,9.2132],[98.4972,9.2004],[98.4987,9.1941],[98.4949,9.192],[98.4931,9.1873],[98.4963,9.1772],[98.4948,9.1707],[98.497,9.1648],[98.5029,9.1592],[98.5033,9.1541],[98.4962,9.1525],[98.4945,9.1492],[98.4837,9.1401],[98.4852,9.1316],[98.4827,9.1268],[98.4855,9.1251],[98.4914,9.1272],[98.4978,9.1329],[98.5038,9.1311],[98.5122,9.1255],[98.5133,9.1239],[98.5117,9.1226],[98.5119,9.1189],[98.5133,9.1187],[98.513,9.1168],[98.5156,9.1169],[98.5181,9.1144],[98.5205,9.1069],[98.5195,9.0948],[98.5146,9.0924],[98.5144,9.0897],[98.5164,9.0895],[98.5171,9.0869],[98.5215,9.0879],[98.5194,9.085],[98.524,9.0859],[98.5233,9.0873],[98.5248,9.0883],[98.5269,9.0877],[98.5266,9.0897],[98.5296,9.088],[98.5324,9.0892],[98.5306,9.0927],[98.5336,9.0882],[98.5361,9.0881],[98.5375,9.0911],[98.5364,9.0922],[98.5389,9.0912],[98.5401,9.0966],[98.544,9.097],[98.5418,9.0988],[98.5432,9.0996],[98.544,9.0979],[98.5461,9.0978],[98.5448,9.0958],[98.5458,9.0949],[98.541,9.0948],[98.5428,9.0928],[98.5403,9.0927],[98.541,9.0914],[98.5386,9.0899],[98.5407,9.0898],[98.5383,9.0884],[98.5404,9.0861],[98.5443,9.088],[98.5468,9.0826],[98.5473,9.0845],[98.5482,9.0836],[98.5473,9.0803],[98.5486,9.0798],[98.5497,9.0828],[98.5538,9.0808],[98.5534,9.0825],[98.5559,9.0815],[98.5561,9.0841],[98.5577,9.0794],[98.559,9.0815],[98.5609,9.0801],[98.5608,9.0778],[98.5632,9.0777],[98.5635,9.0816],[98.5652,9.0817],[98.5654,9.0834],[98.5669,9.0821],[98.566,9.0863],[98.5671,9.0856],[98.5687,9.088],[98.5684,9.0842],[98.5694,9.0854],[98.5703,9.0844],[98.5684,9.0815],[98.5723,9.0799],[98.5738,9.0812],[98.5729,9.0791],[98.5743,9.0802],[98.5742,9.0743],[98.5755,9.0736],[98.5778,9.0798],[98.5762,9.0837],[98.5775,9.0846],[98.5758,9.0855],[98.5788,9.0868],[98.5744,9.0883],[98.5792,9.0893],[98.5804,9.0959],[98.5815,9.0918],[98.5788,9.0848],[98.5793,9.0818],[98.5813,9.0811],[98.5794,9.0806],[98.581,9.0787],[98.5788,9.0781],[98.5804,9.0762],[98.579,9.0733],[98.58,9.0728],[98.5832,9.0746],[98.5832,9.0775],[98.5847,9.0746],[98.5851,9.0773],[98.5831,9.0798],[98.5856,9.0789],[98.5872,9.0809],[98.5846,9.0812],[98.5849,9.083],[98.588,9.083],[98.5886,9.0864],[98.5849,9.0886],[98.5852,9.0899],[98.5879,9.0879],[98.5899,9.0889],[98.5889,9.0905],[98.5911,9.092],[98.5906,9.0938],[98.5923,9.0963],[98.5934,9.096],[98.5918,9.0927],[98.5937,9.0912],[98.5913,9.0908],[98.5925,9.0879],[98.5902,9.0875],[98.5898,9.0857],[98.5922,9.0856],[98.5901,9.084],[98.5922,9.0806],[98.5948,9.0818],[98.5936,9.0832],[98.5946,9.084],[98.5973,9.0826],[98.5941,9.0869],[98.5966,9.0862],[98.5961,9.0898],[98.5975,9.0846],[98.5989,9.0838],[98.5999,9.0853],[98.6023,9.0844],[98.5988,9.0897],[98.6021,9.088]]]}},{"type":"Feature","properties":{"id":12095597,"name":"\u0e2d\u0e38\u0e17\u0e22\u0e32\u0e19\u0e41\u0e2b\u0e48\u0e07\u0e0a\u0e32\u0e15\u0e34\u0e28\u0e23\u0e35\u0e1e\u0e31\u0e07\u0e07\u0e32","name_en":"Si Phang-nga National Park","boundary":"national_park","protect_class":"2"},"geometry":{"type":"Polygon","coordinates":[[[98.4598,9.3388],[98.4543,9.3379],[98.4442,9.3433],[98.4363,9.3378],[98.4362,9.3298],[98.4279,9.3214],[98.4271,9.3179],[98.415,9.3025],[98.4095,9.3003],[98.405,9.2932],[98.4069,9.2851],[98.4025,9.2749],[98.4152,9.2626],[98.415,9.2575],[98.4093,9.2544],[98.4128,9.2521],[98.4188,9.2536],[98.4233,9.2468],[98.4112,9.2424],[98.4064,9.245],[98.4015,9.2409],[98.4025,9.2339],[98.3951,9.2331],[98.3893,9.2228],[98.3927,9.2189],[98.3968,9.2239],[98.3992,9.216],[98.3941,9.205],[98.3953,9.2009],[98.4061,9.204],[98.4053,9.2078],[98.4093,9.2091],[98.4081,9.2129],[98.412,9.2132],[98.4142,9.2208],[98.4279,9.2375],[98.4348,9.2361],[98.4468,9.2434],[98.4533,9.2446],[98.461,9.2485],[98.4603,9.2544],[98.4531,9.2683],[98.454,9.2739],[98.4593,9.2729],[98.4698,9.2536],[98.4689,9.2455],[98.471,9.2433],[98.4754,9.2461],[98.4761,9.2419],[98.4799,9.2409],[98.4802,9.2289],[98.4691,9.2294],[98.4653,9.2209],[98.4646,9.2125],[98.4668,9.2091],[98.4628,9.2081],[98.4566,9.2007],[98.4524,9.2008],[98.4522,9.1989],[98.4562,9.1976],[98.4552,9.1879],[98.4607,9.1863],[98.4609,9.189],[98.4671,9.1914],[98.4687,9.188],[98.4741,9.1853],[98.4782,9.1804],[98.4857,9.1798],[98.4856,9.1698],[98.482,9.1634],[98.4771,9.1668],[98.4778,9.1696],[98.4701,9.167],[98.4671,9.1697],[98.462,9.1704],[98.4664,9.1671],[98.4658,9.164],[98.4603,9.1633],[98.4586,9.165],[98.4577,9.1611],[98.4592,9.1604],[98.4591,9.1553],[98.4501,9.1511],[98.4504,9.1497],[98.4559,9.1479],[98.456,9.1459],[98.4535,9.1465],[98.4529,9.1421],[98.4548,9.1411],[98.4566,9.1339],[98.4618,9.132],[98.4735,9.1369],[98.4756,9.136],[98.469,9.1268],[98.4651,9.1249],[98.4655,9.1232],[98.4686,9.1227],[98.4663,9.1198],[98.4723,9.117],[98.4689,9.1118],[98.4687,9.1006],[98.4742,9.0969],[98.4743,9.0821],[98.4697,9.0761],[98.4671,9.0767],[98.4691,9.0713],[98.4645,9.0753],[98.4624,9.0742],[98.46,9.0754],[98.458,9.0677],[98.4556,9.0677],[98.4558,9.064],[98.4576,9.0625],[98.4555,9.0617],[98.4561,9.0597],[98.4599,9.0595],[98.4598,9.0615],[98.465,9.0656],[98.4663,9.0618],[98.4646,9.0595],[98.4662,9.0567],[98.4618,9.056],[98.4626,9.0542],[98.4613,9.0529],[98.459,9.0541],[98.4578,9.05],[98.4562,9.0514],[98.4554,9.0479],[98.4537,9.048],[98.4521,9.0503],[98.4532,9.0528],[98.4499,9.0562],[98.4519,9.0563],[98.4506,9.0597],[98.4463,9.0601],[98.4395,9.058],[98.4381,9.0561],[98.4413,9.0511],[98.4401,9.0499],[98.4437,9.049],[98.4426,9.0467],[98.4403,9.047],[98.4362,9.0429],[98.4382,9.0413],[98.4357,9.0399],[98.4379,9.0378],[98.4328,9.0377],[98.433,9.036],[98.4367,9.0358],[98.4371,9.0346],[98.4345,9.0326],[98.4358,9.0273],[98.4377,9.031],[98.4435,9.0297],[98.4446,9.0278],[98.446,9.0292],[98.4519,9.0287],[98.4553,9.0306],[98.4548,9.032],[98.4591,9.0369],[98.4646,9.0405],[98.4638,9.0365],[98.4677,9.0367],[98.4696,9.0334],[98.4612,9.0324],[98.4605,9.0304],[98.4694,9.0306],[98.4704,9.0255],[98.4654,9.0267],[98.4654,9.0252],[98.4688,9.024],[98.4681,9.0227],[98.4655,9.0233],[98.4632,9.0206],[98.4614,9.0245],[98.4577,9.0223],[98.4555,9.0245],[98.4453,9.0234],[98.4444,9.0194],[98.4503,9.0167],[98.4529,9.0124],[98.4491,9.0112],[98.4478,9.0129],[98.4466,9.0123],[98.4477,9.0099],[98.4381,9.0097],[98.4352,9.0077],[98.4362,9.0051],[98.456,9.0095],[98.4563,9.0074],[98.4593,9.009],[98.4581,9.0063],[98.4536,9.0039],[98.4534,9.0014],[98.4569,9.0],[98.4468,8.99],[98.4486,8.9888],[98.448,8.9872],[98.4433,8.9863],[98.4437,8.9846],[98.4513,8.986],[98.4606,8.9837],[98.4611,8.9815],[98.4541,8.9793],[98.4456,8.9811],[98.4385,8.9753],[98.4388,8.9727],[98.4362,8.9701],[98.4336,8.9699],[98.4336,8.9682],[98.4366,8.9677],[98.436,8.9657],[98.4343,8.9655],[98.4357,8.964],[98.4335,8.9606],[98.4451,8.9636],[98.4403,8.9557],[98.4366,8.9545],[98.4373,8.9527],[98.4348,8.9541],[98.4348,8.9493],[98.4311,8.9483],[98.4196,8.9604],[98.4181,8.966],[98.4148,8.9683],[98.4103,8.9653],[98.4108,8.958],[98.4071,8.9575],[98.4041,8.9508],[98.399,8.9494],[98.3993,8.9425],[98.4039,8.9428],[98.4041,8.9384],[98.4099,8.935],[98.4133,8.9414],[98.4151,8.9406],[98.4172,8.9428],[98.4193,8.9413],[98.4217,8.9435],[98.4233,8.9422],[98.4216,8.9376],[98.4224,8.9354],[98.4245,8.9357],[98.4205,8.9303],[98.4236,8.9293],[98.4197,8.9262],[98.418,8.9233],[98.419,8.9227],[98.4164,8.9211],[98.417,8.9192],[98.4145,8.9178],[98.4159,8.9156],[98.4135,8.914],[98.416,8.9125],[98.4122,8.9106],[98.4156,8.9092],[98.4146,8.9073],[98.4189,8.9061],[98.4199,8.9028],[98.4256,8.9022],[98.428,8.9039],[98.4286,8.9024],[98.4307,8.9032],[98.4365,8.9013],[98.4312,8.9008],[98.4308,8.8981],[98.4293,8.9014],[98.4263,8.9012],[98.4242,8.8981],[98.4202,8.8986],[98.4163,8.896],[98.4159,8.8937],[98.4245,8.8903],[98.4284,8.8927],[98.4291,8.89],[98.4307,8.8924],[98.4316,8.8899],[98.4343,8.8906],[98.4349,8.8893],[98.4415,8.8907],[98.4448,8.8933],[98.4476,8.903],[98.4546,8.9142],[98.4545,8.9246],[98.4568,8.9348],[98.4524,8.9386],[98.4475,8.94],[98.4431,8.9452],[98.4499,8.9508],[98.4489,8.9568],[98.4509,8.9651],[98.4656,8.9703],[98.4786,8.9774],[98.4849,8.9785],[98.4942,8.9851],[98.5054,8.9825],[98.5109,8.9951],[98.5105,8.9981],[98.5055,8.9996],[98.4936,9.0158],[98.4888,9.0159],[98.4897,9.0206],[98.4852,9.0276],[98.4853,9.0336],[98.4797,9.0369],[98.4752,9.0445],[98.473,9.064],[98.4815,9.0698],[98.4855,9.0701],[98.4946,9.081],[98.4915,9.0862],[98.4893,9.1088],[98.4853,9.1126],[98.486,9.1164],[98.4806,9.1239],[98.4852,9.1312],[98.4837,9.1401],[98.4945,9.1492],[98.4962,9.1525],[98.5033,9.1541],[98.5029,9.1592],[98.497,9.1648],[98.4948,9.1707],[98.4963,9.1772],[98.4931,9.1873],[98.4949,9.192],[98.4987,9.1941],[98.4972,9.2004],[98.5003,9.2132],[98.5027,9.2159],[98.5065,9.2166],[98.5124,9.2231],[98.5119,9.2258],[98.5178,9.2278],[98.5174,9.2315],[98.52,9.2341],[98.525,9.2353],[98.5258,9.2385],[98.5242,9.2411],[98.528,9.2436],[98.5275,9.2476],[98.5312,9.2546],[98.5267,9.2648],[98.5277,9.2701],[98.5264,9.2796],[98.5245,9.2826],[98.5275,9.2968],[98.5183,9.2994],[98.5161,9.3042],[98.506,9.3089],[98.5003,9.307],[98.4856,9.3076],[98.4802,9.3038],[98.4819,9.3112],[98.4779,9.3156],[98.476,9.315],[98.4739,9.3166],[98.4711,9.3218],[98.4661,9.3142],[98.4556,9.3163],[98.4548,9.317],[98.4693,9.3299],[98.4654,9.3308],[98.4633,9.3358],[98.4598,9.3388]]]}},{"type":"Feature","properties":{"id":12095601,"name":"\u0e2d\u0e38\u0e17\u0e22\u0e32\u0e19\u0e41\u0e2b\u0e48\u0e07\u0e0a\u0e32\u0e15\u0e34\u0e04\u0e25\u0e2d\u0e07\u0e1e\u0e19\u0e21","name_en":"Khlong Phanom National Park","boundary":"national_park","protect_class":"2"},"geometry":{"type":"Polygon","coordinates":[[[98.6786,8.6583],[98.6974,8.6803],[98.7006,8.6819],[98.6979,8.6843],[98.7008,8.6841],[98.7004,8.6867],[98.7026,8.6873],[98.7022,8.6896],[98.7047,8.6898],[98.7052,8.693],[98.6988,8.6951],[98.7012,8.6969],[98.7084,8.6952],[98.7111,8.7026],[98.7104,8.7047],[98.7257,8.7294],[98.7293,8.7323],[98.7357,8.7456],[98.7346,8.7473],[98.7305,8.7465],[98.7334,8.7529],[98.7383,8.7519],[98.7427,8.7607],[98.7377,8.7631],[98.74,8.7658],[98.7446,8.7641],[98.7482,8.7694],[98.744,8.771],[98.7459,8.776],[98.7443,8.7773],[98.7473,8.7819],[98.7459,8.7851],[98.7486,8.7864],[98.7504,8.7853],[98.7498,8.7911],[98.751,8.7914],[98.753,8.7875],[98.7539,8.7921],[98.7558,8.792],[98.7595,8.7973],[98.7556,8.7976],[98.7567,8.8003],[98.7472,8.8126],[98.7399,8.813],[98.74,8.8181],[98.7443,8.8216],[98.7445,8.8337],[98.7427,8.837],[98.7441,8.8379],[98.7415,8.839],[98.7414,8.8409],[98.7448,8.8427],[98.7418,8.8433],[98.7397,8.8417],[98.7396,8.8429],[98.7371,8.8408],[98.7301,8.8419],[98.7292,8.844],[98.726,8.8418],[98.7271,8.8405],[98.7254,8.8396],[98.7243,8.8341],[98.7222,8.8329],[98.7216,8.8285],[98.7191,8.8282],[98.7207,8.823],[98.7181,8.8223],[98.7201,8.8215],[98.7196,8.8204],[98.7172,8.8212],[98.7217,8.8134],[98.7188,8.814],[98.7192,8.8105],[98.7164,8.8103],[98.7183,8.8044],[98.7138,8.8045],[98.7183,8.8016],[98.7126,8.8019],[98.7134,8.7992],[98.7122,8.7986],[98.7099,8.8012],[98.7107,8.797],[98.7085,8.7983],[98.7084,8.7961],[98.7068,8.7958],[98.7076,8.7942],[98.7051,8.7941],[98.7071,8.7896],[98.703,8.7894],[98.7057,8.7875],[98.7025,8.7854],[98.7053,8.7836],[98.705,8.7822],[98.7004,8.7823],[98.7001,8.7767],[98.7022,8.7776],[98.7023,8.775],[98.7037,8.7749],[98.7058,8.7788],[98.7095,8.7788],[98.7038,8.7711],[98.7084,8.7721],[98.7068,8.7699],[98.7079,8.7684],[98.7041,8.7692],[98.703,8.7654],[98.6988,8.7625],[98.6935,8.7643],[98.6995,8.7669],[98.6974,8.7721],[98.6933,8.7723],[98.6928,8.7697],[98.688,8.7681],[98.6892,8.7661],[98.6879,8.7656],[98.6844,8.7674],[98.6836,8.7723],[98.6862,8.7723],[98.686,8.7748],[98.6885,8.7746],[98.6876,8.7772],[98.6906,8.7773],[98.6901,8.7807],[98.6915,8.7805],[98.6924,8.7858],[98.6963,8.7907],[98.7006,8.7905],[98.6977,8.7973],[98.7028,8.7983],[98.7009,8.802],[98.705,8.801],[98.7058,8.8041],[98.7037,8.8061],[98.7042,8.8076],[98.7078,8.8075],[98.71,8.8131],[98.7059,8.8143],[98.7033,8.8175],[98.7037,8.8205],[98.707,8.821],[98.7091,8.8322],[98.7045,8.8371],[98.7038,8.8453],[98.6997,8.8374],[98.6997,8.8348],[98.7015,8.8332],[98.6978,8.8298],[98.6962,8.8366],[98.6984,8.8387],[98.7001,8.8738],[98.6901,8.8757],[98.6846,8.8805],[98.6831,8.8794],[98.6834,8.8764],[98.6795,8.8722],[98.6796,8.8778],[98.6775,8.8796],[98.674,8.8792],[98.6705,8.8763],[98.6672,8.8759],[98.6642,8.8696],[98.6621,8.8706],[98.6644,8.8823],[98.6629,8.8829],[98.6569,8.8773],[98.6534,8.8638],[98.6512,8.8654],[98.6501,8.8634],[98.6491,8.8646],[98.646,8.8631],[98.6444,8.8651],[98.6444,8.8634],[98.643,8.8646],[98.6415,8.8612],[98.6373,8.8623],[98.6389,8.8595],[98.6369,8.8575],[98.6332,8.8585],[98.6355,8.8556],[98.6329,8.8553],[98.6337,8.8519],[98.6302,8.8491],[98.6326,8.846],[98.6319,8.8447],[98.6358,8.8426],[98.6338,8.8416],[98.6295,8.8448],[98.628,8.8446],[98.6277,8.8427],[98.6189,8.8447],[98.6207,8.852],[98.6185,8.8521],[98.6183,8.8534],[98.6212,8.8547],[98.6204,8.8563],[98.622,8.8571],[98.6189,8.8609],[98.615,8.8574],[98.6139,8.86],[98.6104,8.8598],[98.6109,8.8573],[98.608,8.8551],[98.6105,8.8529],[98.6086,8.8501],[98.6107,8.8484],[98.6093,8.8472],[98.6068,8.8482],[98.6045,8.8444],[98.6088,8.8413],[98.6028,8.8394],[98.6032,8.8428],[98.597,8.8417],[98.5978,8.84],[98.5906,8.8353],[98.5862,8.8378],[98.5874,8.8389],[98.5918,8.8379],[98.5934,8.8437],[98.5905,8.8457],[98.5909,8.8474],[98.5947,8.8467],[98.5965,8.8489],[98.5995,8.8487],[98.5993,8.8502],[98.6018,8.8498],[98.6035,8.8532],[98.603,8.8563],[98.5973,8.8592],[98.5984,8.8606],[98.6028,8.8601],[98.6041,8.8621],[98.603,8.8638],[98.605,8.8654],[98.6056,8.8622],[98.6089,8.8645],[98.6072,8.8675],[98.6088,8.869],[98.6135,8.8659],[98.616,8.8675],[98.6081,8.8746],[98.6091,8.8757],[98.6152,8.8714],[98.6157,8.875],[98.619,8.8748],[98.6194,8.8735],[98.6203,8.8746],[98.6189,8.8773],[98.6207,8.8779],[98.6253,8.8731],[98.6256,8.8746],[98.6213,8.8791],[98.6243,8.8823],[98.6264,8.8794],[98.6274,8.8815],[98.629,8.8812],[98.6295,8.8791],[98.6317,8.8792],[98.6301,8.8854],[98.632,8.8905],[98.627,8.8936],[98.6268,8.8975],[98.6206,8.8973],[98.6175,8.9002],[98.6068,8.8967],[98.6039,8.9034],[98.5989,8.8961],[98.596,8.8978],[98.5947,8.8967],[98.5995,8.8883],[98.5948,8.8908],[98.5928,8.8949],[98.5915,8.8949],[98.5879,8.8866],[98.5896,8.8834],[98.5926,8.8847],[98.5954,8.8834],[98.595,8.8813],[98.5894,8.8804],[98.5933,8.8786],[98.5902,8.8765],[98.5908,8.8749],[98.5947,8.8766],[98.5948,8.8745],[98.5979,8.8742],[98.597,8.8722],[98.5905,8.8725],[98.5905,8.8653],[98.5882,8.8632],[98.5858,8.8644],[98.5838,8.8618],[98.5818,8.8629],[98.5847,8.8672],[98.5829,8.8838],[98.5815,8.8833],[98.5812,8.8787],[98.5795,8.8791],[98.5796,8.8818],[98.5781,8.881],[98.5773,8.8769],[98.5735,8.8777],[98.5756,8.8802],[98.573,8.8797],[98.5758,8.8821],[98.5747,8.8837],[98.5801,8.8917],[98.5788,8.8927],[98.5795,8.8952],[98.5756,8.8938],[98.5738,8.8839],[98.5725,8.883],[98.5714,8.885],[98.5707,8.8812],[98.5674,8.8812],[98.5682,8.8777],[98.5648,8.8774],[98.566,8.8849],[98.5638,8.8841],[98.5568,8.8746],[98.5547,8.8805],[98.5509,8.8793],[98.5472,8.8726],[98.5443,8.8772],[98.5393,8.875],[98.5341,8.8679],[98.5311,8.8766],[98.535,8.8865],[98.5324,8.8895],[98.5292,8.8888],[98.5238,8.8801],[98.5232,8.875],[98.5166,8.8702],[98.5172,8.8729],[98.5147,8.876],[98.5188,8.8795],[98.5105,8.8821],[98.5065,8.8795],[98.5108,8.8659],[98.5144,8.8605],[98.5226,8.859],[98.5256,8.861],[98.5357,8.8584],[98.536,8.8538],[98.5327,8.8449],[98.5356,8.8424],[98.5429,8.8402],[98.5471,8.8354],[98.5484,8.831],[98.5529,8.8295],[98.5559,8.8217],[98.5548,8.8141],[98.5645,8.8073],[98.5788,8.8035],[98.585,8.8061],[98.5878,8.8022],[98.5954,8.8006],[98.5988,8.7967],[98.5998,8.785],[98.6015,8.7825],[98.5976,8.775],[98.5986,8.7713],[98.5958,8.7592],[98.5966,8.7462],[98.5939,8.7438],[98.595,8.7397],[98.5936,8.7312],[98.596,8.7226],[98.5947,8.7122],[98.5891,8.7055],[98.5823,8.7029],[98.581,8.6965],[98.5728,8.6909],[98.5726,8.6845],[98.5703,8.6817],[98.5632,8.6806],[98.5622,8.6769],[98.5594,8.6749],[98.552,8.6733],[98.5463,8.674],[98.5392,8.667],[98.5372,8.6602],[98.5399,8.6601],[98.5447,8.6559],[98.5502,8.6549],[98.5532,8.6523],[98.5536,8.649],[98.5639,8.6424],[98.5644,8.6381],[98.5782,8.6336],[98.5868,8.6281],[98.5892,8.6283],[98.5927,8.6312],[98.5954,8.6297],[98.6008,8.6302],[98.6032,8.6289],[98.6043,8.6257],[98.6092,8.6311],[98.6093,8.6352],[98.6114,8.6375],[98.6205,8.6366],[98.6226,8.6396],[98.6298,8.6439],[98.6346,8.6426],[98.6386,8.6441],[98.6481,8.6592],[98.6498,8.659],[98.6508,8.6633],[98.6472,8.6622],[98.6455,8.6633],[98.6462,8.6665],[98.6419,8.6666],[98.6409,8.6695],[98.6454,8.6716],[98.6456,8.6733],[98.6401,8.6736],[98.64,8.6756],[98.648,8.6795],[98.6541,8.6784],[98.661,8.6686],[98.6634,8.6683],[98.6651,8.6657],[98.6722,8.6617],[98.6754,8.6614],[98.6786,8.6583]]]}},{"type":"Feature","properties":{"id":12095602,"name":"\u0e40\u0e02\u0e15\u0e23\u0e31\u0e01\u0e29\u0e32\u0e1e\u0e31\u0e19\u0e18\u0e38\u0e4c\u0e2a\u0e31\u0e15\u0e27\u0e4c\u0e1b\u0e48\u0e32\u0e42\u0e15\u0e19\u0e1b\u0e23\u0e34\u0e27\u0e23\u0e23\u0e15","name_en":"Ton Pariwat Wildlife Sanctuary","boundary":"protected_area","protect_class":"1a"},"geometry":{"type":"Polygon","coordinates":[[[98.4832,8.6392],[98.4945,8.6324],[98.501,8.6313],[98.5048,8.6334],[98.516,8.6329],[98.5125,8.636],[98.5132,8.6389],[98.5157,8.6365],[98.5183,8.6419],[98.5268,8.6329],[98.5321,8.6298],[98.5323,8.6249],[98.5389,8.62],[98.5396,8.6162],[98.5444,8.6118],[98.5493,8.6106],[98.5547,8.6123],[98.5571,8.6155],[98.5506,8.6229],[98.5432,8.626],[98.5411,8.6214],[98.537,8.6282],[98.5295,8.6331],[98.5258,8.6408],[98.5319,8.6531],[98.5353,8.6501],[98.5361,8.6515],[98.5346,8.6541],[98.5372,8.6543],[98.5427,8.6494],[98.548,8.6519],[98.5511,8.6511],[98.549,8.6446],[98.5511,8.6402],[98.5529,8.6426],[98.5609,8.6392],[98.5602,8.6362],[98.5541,8.6328],[98.5541,8.6256],[98.5664,8.6243],[98.5853,8.6146],[98.5879,8.6034],[98.5995,8.5992],[98.6141,8.5815],[98.6227,8.5924],[98.6214,8.5982],[98.624,8.6067],[98.6308,8.6034],[98.6246,8.6109],[98.6272,8.6119],[98.625,8.6196],[98.6308,8.618],[98.6394,8.6221],[98.65,8.6226],[98.6474,8.633],[98.651,8.6348],[98.6584,8.6231],[98.6639,8.6209],[98.6743,8.6435],[98.6783,8.6438],[98.6794,8.6527],[98.6838,8.6509],[98.6858,8.6526],[98.685,8.656],[98.6777,8.6588],[98.6749,8.6617],[98.6701,8.6613],[98.663,8.6564],[98.6483,8.6593],[98.6381,8.6437],[98.6346,8.6426],[98.6298,8.6439],[98.6226,8.6396],[98.6205,8.6366],[98.6114,8.6375],[98.6093,8.6352],[98.6092,8.6311],[98.6043,8.6257],[98.6032,8.6289],[98.6008,8.6302],[98.5954,8.6297],[98.5927,8.6312],[98.5892,8.6283],[98.5868,8.6281],[98.5782,8.6336],[98.5644,8.6381],[98.5639,8.6424],[98.5536,8.649],[98.5532,8.6523],[98.5502,8.6549],[98.5447,8.6559],[98.5399,8.6601],[98.5372,8.6602],[98.5392,8.667],[98.5463,8.674],[98.552,8.6733],[98.5594,8.6749],[98.5622,8.6769],[98.5632,8.6806],[98.5703,8.6817],[98.5726,8.6845],[98.5728,8.6909],[98.581,8.6965],[98.5823,8.7029],[98.5891,8.7055],[98.5947,8.7122],[98.596,8.7226],[98.5936,8.7312],[98.595,8.7397],[98.5939,8.7438],[98.5966,8.7462],[98.5958,8.7592],[98.5986,8.7713],[98.5976,8.775],[98.6015,8.7825],[98.5998,8.785],[98.5988,8.7967],[98.5954,8.8006],[98.5878,8.8022],[98.585,8.8061],[98.5788,8.8035],[98.5645,8.8073],[98.5548,8.8141],[98.5559,8.8217],[98.5529,8.8295],[98.5484,8.831],[98.5471,8.8354],[98.5429,8.8402],[98.5356,8.8424],[98.5327,8.8449],[98.5361,8.854],[98.5355,8.8585],[98.5255,8.861],[98.5226,8.859],[98.5148,8.8603],[98.5113,8.8651],[98.5041,8.8605],[98.5029,8.8527],[98.5093,8.8503],[98.5008,8.8466],[98.5015,8.8417],[98.4978,8.8337],[98.5079,8.8369],[98.5129,8.8328],[98.5055,8.8298],[98.5034,8.8257],[98.4952,8.8259],[98.4967,8.8189],[98.5132,8.8169],[98.5152,8.808],[98.5182,8.8132],[98.5208,8.8093],[98.5235,8.8101],[98.5211,8.8188],[98.5271,8.8221],[98.5319,8.8182],[98.5283,8.8145],[98.5269,8.7998],[98.542,8.7931],[98.5427,8.7879],[98.5523,8.7872],[98.5542,8.7838],[98.5571,8.7848],[98.5568,8.7794],[98.5656,8.776],[98.5733,8.785],[98.58,8.7821],[98.5798,8.7794],[98.575,8.7809],[98.5726,8.7758],[98.5795,8.7724],[98.5774,8.7685],[98.58,8.7663],[98.5855,8.7699],[98.587,8.7689],[98.5856,8.7653],[98.5889,8.7638],[98.5858,8.7538],[98.5831,8.7514],[98.5808,8.7602],[98.5774,8.7623],[98.5731,8.7594],[98.5729,8.7629],[98.5602,8.7735],[98.5539,8.7611],[98.5513,8.7602],[98.5496,8.7655],[98.5518,8.7663],[98.5511,8.7713],[98.5256,8.7877],[98.5197,8.788],[98.522,8.7765],[98.5132,8.765],[98.5144,8.7623],[98.5081,8.7575],[98.5065,8.7611],[98.5026,8.7599],[98.5005,8.7453],[98.5043,8.7438],[98.5031,8.7404],[98.5074,8.7329],[98.5305,8.7102],[98.5273,8.7061],[98.5238,8.7136],[98.5207,8.7125],[98.5174,8.7151],[98.511,8.7156],[98.5091,8.7119],[98.4972,8.7059],[98.4893,8.6965],[98.4887,8.6992],[98.4857,8.698],[98.4849,8.6947],[98.4791,8.6908],[98.4754,8.6788],[98.477,8.675],[98.472,8.672],[98.4716,8.6692],[98.4741,8.6673],[98.4713,8.6635],[98.4738,8.6593],[98.4774,8.6608],[98.4815,8.6577],[98.4835,8.6522],[98.4868,8.6488],[98.4832,8.6392]]]}},{"type":"Feature","properties":{"id":12095603,"name":"\u0e2d\u0e38\u0e17\u0e22\u0e32\u0e19\u0e41\u0e2b\u0e48\u0e07\u0e0a\u0e32\u0e15\u0e34\u0e40\u0e02\u0e32\u0e2a\u0e01","name_en":"Khao Sok National Park","boundary":"national_park","protect_class":"2"},"geometry":{"type":"Polygon","coordinates":[[[98.784,8.958],[98.7838,8.9614],[98.7865,8.961],[98.7871,8.9635],[98.7897,8.9646],[98.7876,8.965],[98.7895,8.9655],[98.7885,8.9672],[98.7912,8.9668],[98.7903,8.9687],[98.7877,8.9688],[98.7902,8.9702],[98.793,8.9668],[98.793,8.9707],[98.7956,8.9723],[98.7943,8.9734],[98.7954,8.9765],[98.796,8.9738],[98.8025,8.9714],[98.8035,8.9728],[98.8098,8.9736],[98.8096,8.9754],[98.8154,8.9732],[98.8207,8.9743],[98.8226,8.9762],[98.8183,8.9763],[98.8216,8.9784],[98.8139,8.981],[98.8187,8.9816],[98.8179,8.9829],[98.8193,8.9842],[98.8217,8.9843],[98.8232,8.9811],[98.8264,8.9833],[98.8275,8.9799],[98.8294,8.9841],[98.8274,8.9834],[98.8281,8.9861],[98.8263,8.9845],[98.8247,8.9856],[98.8255,8.9867],[98.8231,8.9861],[98.8253,8.9882],[98.8236,8.9906],[98.8292,8.9907],[98.8275,8.9937],[98.8321,8.9993],[98.8253,8.9969],[98.826,8.9933],[98.8235,8.994],[98.822,8.9934],[98.8227,8.9921],[98.8209,8.9924],[98.8226,8.9883],[98.8212,8.9868],[98.8184,8.9869],[98.8192,8.9919],[98.8168,8.9892],[98.8152,8.9911],[98.8171,8.9924],[98.8155,8.9944],[98.8194,8.9973],[98.817,8.999],[98.8194,9.0004],[98.8199,9.0032],[98.8176,9.0034],[98.8187,9.0014],[98.8149,9.0004],[98.8158,8.9968],[98.8114,8.9975],[98.8141,8.9947],[98.8115,8.9949],[98.8142,8.9933],[98.8112,8.9924],[98.8137,8.9914],[98.8129,8.9889],[98.8161,8.9859],[98.8124,8.9852],[98.8117,8.9828],[98.8096,8.9844],[98.8104,8.9853],[98.8091,8.9859],[98.8078,8.9916],[98.807,8.9833],[98.8092,8.982],[98.8069,8.9818],[98.8087,8.9797],[98.8064,8.9803],[98.8044,8.9836],[98.8059,8.9883],[98.8028,8.9888],[98.8059,8.9901],[98.8048,8.9934],[98.7994,8.99],[98.798,8.9911],[98.8003,8.9916],[98.7989,8.9928],[98.8016,8.9951],[98.7986,8.9952],[98.7984,8.9936],[98.7962,8.9948],[98.7977,8.9926],[98.7959,8.9935],[98.7956,8.9921],[98.7943,8.9924],[98.7934,8.9907],[98.7945,8.9897],[98.7928,8.9901],[98.7925,8.9874],[98.7909,8.9871],[98.7893,8.9885],[98.7932,8.9925],[98.7942,8.9968],[98.792,8.9931],[98.7903,8.9942],[98.7875,8.9896],[98.7856,8.9936],[98.7812,8.995],[98.7835,8.9985],[98.7805,8.997],[98.781,9.0005],[98.7778,9.0],[98.7792,9.0004],[98.7786,9.0025],[98.783,9.0043],[98.7857,9.0079],[98.7881,9.0077],[98.7846,9.0096],[98.7793,9.0052],[98.7789,9.0104],[98.7806,9.0129],[98.7845,9.0129],[98.7851,9.0115],[98.7895,9.0136],[98.7795,9.0141],[98.7799,9.0157],[98.778,9.0171],[98.7789,9.0183],[98.7841,9.0184],[98.7895,9.0227],[98.7835,9.019],[98.7744,9.0192],[98.7744,9.0175],[98.7759,9.0173],[98.7748,9.0161],[98.7772,9.0153],[98.776,9.0142],[98.778,9.0131],[98.7764,9.0128],[98.7759,9.0088],[98.7732,9.0132],[98.7726,9.0211],[98.7744,9.0203],[98.7753,9.0227],[98.7765,9.0205],[98.7788,9.0207],[98.7784,9.0262],[98.7906,9.0254],[98.7885,9.026],[98.7876,9.0288],[98.7863,9.0275],[98.7862,9.0314],[98.7853,9.0281],[98.7798,9.0273],[98.7785,9.03],[98.7774,9.0293],[98.7774,9.0315],[98.779,9.0316],[98.7782,9.034],[98.7811,9.0356],[98.7767,9.0369],[98.7768,9.0346],[98.7736,9.0362],[98.7808,9.0373],[98.7785,9.0384],[98.7802,9.04],[98.7761,9.0401],[98.7776,9.0437],[98.7767,9.0452],[98.7798,9.0461],[98.779,9.0475],[98.7759,9.0461],[98.7753,9.0473],[98.7797,9.0481],[98.7782,9.0487],[98.7785,9.0504],[98.7767,9.0502],[98.7771,9.0541],[98.7749,9.0553],[98.7725,9.0623],[98.7774,9.0636],[98.7801,9.0618],[98.7785,9.065],[98.7737,9.0641],[98.7716,9.0659],[98.7721,9.0681],[98.7701,9.0669],[98.7704,9.0646],[98.7665,9.0665],[98.7679,9.0705],[98.7663,9.0723],[98.7652,9.072],[98.766,9.0702],[98.7642,9.07],[98.7607,9.0744],[98.7615,9.0717],[98.7601,9.0714],[98.7625,9.071],[98.7641,9.0677],[98.7622,9.0696],[98.7578,9.0691],[98.7581,9.0674],[98.7597,9.0687],[98.7634,9.0658],[98.7607,9.0667],[98.7614,9.065],[98.7589,9.0656],[98.7577,9.064],[98.7634,9.0634],[98.761,9.0613],[98.7551,9.0617],[98.7623,9.0607],[98.7632,9.0591],[98.7641,9.0633],[98.7663,9.0629],[98.7657,9.062],[98.7704,9.0628],[98.7718,9.06],[98.7701,9.0591],[98.7725,9.0593],[98.7732,9.0557],[98.7653,9.0586],[98.7637,9.0581],[98.7644,9.057],[98.7607,9.057],[98.7603,9.0592],[98.7577,9.058],[98.7593,9.0577],[98.7598,9.0544],[98.7524,9.0543],[98.7597,9.053],[98.7582,9.0515],[98.7602,9.0513],[98.7586,9.0473],[98.7604,9.0468],[98.7604,9.0438],[98.7584,9.0463],[98.7578,9.0443],[98.7573,9.0481],[98.7563,9.0474],[98.7541,9.0509],[98.7528,9.0504],[98.7548,9.0463],[98.7522,9.0462],[98.7558,9.0447],[98.7547,9.0436],[98.7488,9.0463],[98.7524,9.0441],[98.7492,9.0422],[98.7536,9.0422],[98.7502,9.0399],[98.7527,9.0397],[98.7523,9.0381],[98.7473,9.0384],[98.7505,9.036],[98.7463,9.0366],[98.7461,9.0353],[98.75,9.0346],[98.7455,9.0327],[98.749,9.0325],[98.7453,9.0304],[98.7482,9.0286],[98.7465,9.0282],[98.7474,9.0219],[98.7448,9.0191],[98.7419,9.0194],[98.742,9.0249],[98.7396,9.0234],[98.7393,9.0251],[98.7383,9.0245],[98.7397,9.0191],[98.7326,9.0187],[98.7306,9.0232],[98.7289,9.0229],[98.7303,9.0244],[98.7287,9.0271],[98.7263,9.0252],[98.7255,9.0271],[98.7236,9.0271],[98.7174,9.0363],[98.7143,9.0383],[98.7159,9.045],[98.7211,9.054],[98.7199,9.0585],[98.7219,9.082],[98.719,9.0903],[98.7129,9.0846],[98.7144,9.0872],[98.7122,9.0879],[98.7151,9.0897],[98.7129,9.0894],[98.7157,9.0906],[98.7131,9.0911],[98.7143,9.0928],[98.7115,9.0927],[98.7148,9.0961],[98.7127,9.0965],[98.7102,9.0938],[98.7108,9.1009],[98.71,9.0993],[98.7073,9.1007],[98.7087,9.0987],[98.7066,9.0976],[98.7081,9.0974],[98.7064,9.0967],[98.7079,9.0956],[98.7057,9.095],[98.7073,9.093],[98.7055,9.0928],[98.7072,9.0916],[98.7048,9.0919],[98.706,9.0905],[98.7046,9.0897],[98.7069,9.0877],[98.7053,9.0874],[98.7074,9.0824],[98.7057,9.0821],[98.7059,9.0805],[98.7093,9.0813],[98.7075,9.0799],[98.7089,9.0782],[98.7062,9.0791],[98.7065,9.0781],[98.7088,9.0771],[98.7082,9.0753],[98.7102,9.0756],[98.7064,9.0732],[98.7094,9.073],[98.7077,9.0717],[98.7128,9.0713],[98.7098,9.0716],[98.7073,9.0695],[98.7096,9.0703],[98.7103,9.0659],[98.7076,9.0667],[98.7064,9.0649],[98.709,9.0656],[98.7098,9.0645],[98.7085,9.0639],[98.7105,9.064],[98.7061,9.0631],[98.7065,9.0614],[98.7049,9.0621],[98.7044,9.0608],[98.7077,9.0598],[98.7042,9.0598],[98.7053,9.059],[98.7036,9.058],[98.7052,9.0565],[98.7035,9.0567],[98.705,9.0533],[98.7037,9.0526],[98.7052,9.0513],[98.7033,9.0513],[98.704,9.0492],[98.7016,9.051],[98.7027,9.0475],[98.6977,9.0422],[98.699,9.0407],[98.6972,9.0391],[98.698,9.0377],[98.6967,9.0363],[98.6979,9.0353],[98.696,9.0317],[98.6982,9.0287],[98.6997,9.0295],[98.7041,9.0271],[98.7039,9.0227],[98.6987,9.0198],[98.7006,9.0234],[98.6979,9.0262],[98.6946,9.021],[98.6925,9.0224],[98.6907,9.0186],[98.6856,9.0198],[98.6839,9.0169],[98.6791,9.0161],[98.6792,9.0209],[98.6819,9.0265],[98.6804,9.0269],[98.6805,9.0294],[98.6754,9.0377],[98.6769,9.0387],[98.6779,9.0374],[98.6784,9.0386],[98.6784,9.0427],[98.6766,9.0427],[98.6789,9.0448],[98.6793,9.0484],[98.6807,9.0486],[98.6794,9.0518],[98.6807,9.0525],[98.6796,9.0529],[98.6801,9.0544],[98.6757,9.0521],[98.6759,9.0543],[98.6735,9.0539],[98.6757,9.056],[98.6733,9.055],[98.6737,9.057],[98.6762,9.0566],[98.6745,9.0594],[98.6774,9.0569],[98.6777,9.0587],[98.6705,9.0652],[98.6697,9.0689],[98.6684,9.0682],[98.6674,9.073],[98.6628,9.0693],[98.6647,9.0737],[98.6663,9.0727],[98.6675,9.0736],[98.6665,9.0745],[98.6682,9.0745],[98.6675,9.0761],[98.6687,9.0761],[98.6648,9.0769],[98.6689,9.0781],[98.6667,9.0793],[98.6694,9.0807],[98.6663,9.081],[98.6641,9.0782],[98.6623,9.079],[98.6649,9.0832],[98.6622,9.0805],[98.6602,9.0835],[98.6621,9.0829],[98.666,9.0851],[98.6584,9.0861],[98.6629,9.0879],[98.6614,9.0897],[98.6574,9.0878],[98.6624,9.0937],[98.6634,9.092],[98.6648,9.0929],[98.6652,9.0909],[98.6658,9.0933],[98.667,9.0926],[98.666,9.0901],[98.669,9.0868],[98.668,9.0934],[98.6703,9.0914],[98.6689,9.0938],[98.6728,9.0956],[98.668,9.0948],[98.668,9.0973],[98.6667,9.0954],[98.6655,9.0965],[98.6617,9.0958],[98.6636,9.0988],[98.6654,9.0975],[98.665,9.0991],[98.6671,9.1006],[98.6651,9.1004],[98.6662,9.1019],[98.6651,9.1041],[98.6686,9.1017],[98.6712,9.1024],[98.6712,9.1055],[98.669,9.1038],[98.6664,9.1054],[98.6712,9.1081],[98.6684,9.1092],[98.6693,9.1114],[98.6671,9.1117],[98.6665,9.1178],[98.6681,9.1229],[98.6702,9.1208],[98.6696,9.1179],[98.6715,9.1173],[98.6708,9.1157],[98.6728,9.1149],[98.6718,9.1133],[98.6742,9.1125],[98.6733,9.1117],[98.6759,9.1096],[98.6754,9.1079],[98.6769,9.1093],[98.6812,9.1014],[98.6789,9.1066],[98.6804,9.1076],[98.6797,9.1142],[98.6773,9.1176],[98.6766,9.1156],[98.6785,9.1133],[98.6764,9.1134],[98.6782,9.1116],[98.6759,9.1108],[98.6743,9.1142],[98.6751,9.1167],[98.6734,9.1157],[98.6705,9.1228],[98.6725,9.122],[98.6722,9.1237],[98.6743,9.1233],[98.6741,9.1243],[98.6704,9.1244],[98.6701,9.1258],[98.6726,9.1272],[98.6741,9.1251],[98.6737,9.1272],[98.6754,9.1274],[98.6772,9.1229],[98.6769,9.1251],[98.679,9.1265],[98.6778,9.1285],[98.6794,9.1279],[98.6794,9.1292],[98.6767,9.1305],[98.6801,9.1304],[98.6808,9.1318],[98.6773,9.1313],[98.6802,9.1351],[98.6779,9.1341],[98.6766,9.1362],[98.682,9.1385],[98.6811,9.1402],[98.6794,9.1383],[98.6776,9.1395],[98.6762,9.1372],[98.6739,9.138],[98.6733,9.1361],[98.6702,9.1355],[98.6739,9.1403],[98.6715,9.14],[98.6727,9.1435],[98.6784,9.1455],[98.6785,9.1468],[98.6759,9.1463],[98.6756,9.1503],[98.6749,9.1457],[98.6725,9.1447],[98.6707,9.1471],[98.6691,9.1464],[98.6713,9.1445],[98.6693,9.1447],[98.6705,9.1436],[98.6694,9.1434],[98.6695,9.1407],[98.6673,9.1413],[98.6651,9.1453],[98.6663,9.1408],[98.6606,9.1364],[98.6639,9.137],[98.6647,9.135],[98.6612,9.1348],[98.6609,9.1324],[98.6649,9.134],[98.6654,9.1324],[98.6636,9.1316],[98.6671,9.1303],[98.6652,9.1289],[98.6668,9.1269],[98.6658,9.1242],[98.6633,9.1282],[98.6633,9.126],[98.6609,9.1267],[98.6656,9.122],[98.6603,9.1195],[98.6652,9.1197],[98.6633,9.1172],[98.6646,9.1131],[98.6632,9.1128],[98.6654,9.1123],[98.6656,9.1082],[98.6631,9.1062],[98.6593,9.1147],[98.6588,9.1116],[98.6602,9.111],[98.6591,9.1091],[98.6608,9.1083],[98.6596,9.1075],[98.6627,9.1027],[98.6599,9.0991],[98.6599,9.1013],[98.6565,9.0999],[98.6585,9.0973],[98.6554,9.0961],[98.6575,9.0951],[98.656,9.0944],[98.6568,9.093],[98.6554,9.0935],[98.6552,9.0909],[98.6538,9.0922],[98.6545,9.0942],[98.6509,9.0955],[98.6548,9.0961],[98.6549,9.0975],[98.6523,9.0969],[98.6514,9.0975],[98.6535,9.0986],[98.6503,9.0991],[98.6515,9.1014],[98.6534,9.1015],[98.6515,9.1039],[98.6538,9.1039],[98.6524,9.1059],[98.6539,9.1063],[98.6546,9.1092],[98.656,9.1084],[98.6567,9.1127],[98.6525,9.1106],[98.6535,9.109],[98.6508,9.1053],[98.6499,9.1072],[98.6479,9.1071],[98.6483,9.1096],[98.6451,9.1126],[98.6488,9.1205],[98.646,9.1181],[98.6452,9.1149],[98.6428,9.1141],[98.6444,9.1125],[98.6432,9.1107],[98.6451,9.1104],[98.6439,9.1093],[98.6455,9.1094],[98.6461,9.1077],[98.6453,9.106],[98.6467,9.1041],[98.6486,9.1047],[98.6477,9.103],[98.6499,9.1015],[98.6467,9.1001],[98.6429,9.1046],[98.6414,9.1032],[98.6431,9.1025],[98.6433,9.1001],[98.6453,9.0997],[98.6447,9.0983],[98.6473,9.0989],[98.6497,9.0974],[98.6444,9.0968],[98.6486,9.095],[98.6499,9.0932],[98.648,9.093],[98.6482,9.0914],[98.6426,9.0955],[98.645,9.0894],[98.6488,9.0889],[98.6478,9.0867],[98.6493,9.087],[98.6492,9.0846],[98.6473,9.0835],[98.6477,9.0856],[98.6458,9.0874],[98.6426,9.0801],[98.6414,9.0815],[98.6427,9.0878],[98.6414,9.0892],[98.6385,9.0799],[98.6372,9.0839],[98.6348,9.0823],[98.6352,9.079],[98.6338,9.0802],[98.6318,9.0794],[98.6337,9.0812],[98.6328,9.083],[98.6352,9.0838],[98.6326,9.0852],[98.6399,9.0876],[98.6392,9.0898],[98.6422,9.0917],[98.6411,9.0933],[98.6386,9.0933],[98.6399,9.095],[98.638,9.0951],[98.6398,9.0967],[98.6385,9.0983],[98.6412,9.0982],[98.6401,9.0998],[98.6376,9.1006],[98.636,9.0979],[98.6327,9.0969],[98.6324,9.0981],[98.6374,9.1017],[98.6403,9.1003],[98.6393,9.1041],[98.6417,9.106],[98.6383,9.1058],[98.639,9.1087],[98.6339,9.1084],[98.6346,9.1055],[98.6315,9.1065],[98.6327,9.1096],[98.6293,9.1081],[98.6281,9.1098],[98.627,9.1074],[98.6239,9.1092],[98.6254,9.1097],[98.6261,9.1133],[98.6288,9.1126],[98.6281,9.1142],[98.6301,9.1127],[98.6281,9.111],[98.6298,9.1097],[98.6334,9.1103],[98.6321,9.1125],[98.637,9.1108],[98.6357,9.1125],[98.6372,9.1129],[98.6358,9.114],[98.6365,9.1156],[98.6393,9.1148],[98.6395,9.1162],[98.6373,9.1171],[98.6392,9.1202],[98.637,9.119],[98.636,9.1224],[98.6347,9.1199],[98.6361,9.1172],[98.6344,9.1158],[98.6335,9.1173],[98.6306,9.1156],[98.6291,9.1165],[98.6335,9.1184],[98.6305,9.1198],[98.6336,9.1198],[98.6339,9.1224],[98.6357,9.1236],[98.633,9.1235],[98.6319,9.1254],[98.6364,9.1258],[98.6321,9.1268],[98.6377,9.13],[98.6303,9.1306],[98.6312,9.1317],[98.6294,9.1327],[98.6325,9.1322],[98.6351,9.1342],[98.6361,9.1327],[98.6388,9.1333],[98.638,9.135],[98.6399,9.1358],[98.6372,9.1364],[98.6374,9.1375],[98.631,9.1345],[98.6309,9.1382],[98.6334,9.1384],[98.6333,9.1419],[98.6357,9.1384],[98.6368,9.1399],[98.6383,9.1384],[98.6407,9.1394],[98.6382,9.141],[98.6388,9.1426],[98.642,9.1425],[98.6386,9.1456],[98.6418,9.1461],[98.6375,9.1473],[98.6395,9.1482],[98.6384,9.1515],[98.6427,9.1517],[98.643,9.1541],[98.6389,9.153],[98.6403,9.1543],[98.6396,9.1562],[98.6428,9.1597],[98.6377,9.1586],[98.6391,9.1624],[98.6416,9.1622],[98.6374,9.1635],[98.6383,9.1706],[98.6353,9.1672],[98.6315,9.1701],[98.6335,9.1676],[98.6311,9.1678],[98.6373,9.1653],[98.6364,9.1642],[98.6335,9.1651],[98.6358,9.1631],[98.6326,9.1639],[98.6341,9.1626],[98.6334,9.1615],[98.6312,9.1625],[98.6334,9.1594],[98.6295,9.161],[98.6315,9.1585],[98.6312,9.1573],[98.6288,9.1581],[98.6303,9.1565],[98.628,9.1568],[98.6289,9.1542],[98.6263,9.1552],[98.626,9.1541],[98.6245,9.1572],[98.6247,9.1547],[98.623,9.1559],[98.6223,9.1542],[98.6218,9.1567],[98.62,9.1532],[98.6191,9.1554],[98.6194,9.1521],[98.6174,9.1528],[98.617,9.1511],[98.6151,9.1532],[98.6161,9.1546],[98.6134,9.1539],[98.6132,9.1559],[98.6097,9.1516],[98.6086,9.1528],[98.6142,9.1601],[98.6119,9.1647],[98.6136,9.1645],[98.6127,9.1661],[98.6103,9.1645],[98.6077,9.1649],[98.6115,9.1683],[98.6167,9.1683],[98.6124,9.1687],[98.6113,9.171],[98.6176,9.1745],[98.6187,9.1779],[98.6205,9.1775],[98.6183,9.1789],[98.6165,9.1746],[98.6107,9.1722],[98.6089,9.1737],[98.6113,9.1794],[98.6091,9.1824],[98.6117,9.1842],[98.612,9.1899],[98.6089,9.1949],[98.6102,9.1968],[98.6069,9.1948],[98.6064,9.1965],[98.6081,9.1999],[98.6099,9.2002],[98.609,9.2011],[98.612,9.2022],[98.6103,9.2021],[98.6084,9.2093],[98.6118,9.2089],[98.6102,9.2106],[98.6132,9.2109],[98.6144,9.213],[98.6122,9.2128],[98.6134,9.2155],[98.6111,9.217],[98.6126,9.2186],[98.6114,9.221],[98.6071,9.2202],[98.6061,9.2231],[98.6104,9.2235],[98.6101,9.2259],[98.613,9.2247],[98.615,9.2308],[98.6175,9.2293],[98.6165,9.2264],[98.6202,9.2266],[98.6193,9.2249],[98.6211,9.2239],[98.625,9.2242],[98.6241,9.2205],[98.6257,9.2224],[98.626,9.2197],[98.6276,9.2212],[98.6278,9.2189],[98.6309,9.2207],[98.6271,9.2138],[98.6324,9.2192],[98.6322,9.2167],[98.6348,9.2144],[98.6329,9.2226],[98.6367,9.2218],[98.6361,9.2259],[98.6377,9.2299],[98.6395,9.2273],[98.6418,9.2284],[98.6456,9.2225],[98.6497,9.2209],[98.6509,9.2178],[98.6539,9.2175],[98.6527,9.2209],[98.6549,9.2185],[98.6563,9.2216],[98.6599,9.2217],[98.6617,9.2264],[98.6649,9.2247],[98.6678,9.2254],[98.6642,9.2267],[98.666,9.2297],[98.6633,9.2321],[98.6658,9.2313],[98.6665,9.2333],[98.6652,9.2355],[98.6685,9.2403],[98.6681,9.2421],[98.6726,9.2456],[98.6729,9.2475],[98.6667,9.247],[98.6669,9.2504],[98.6655,9.2463],[98.6712,9.2458],[98.668,9.2441],[98.6634,9.2357],[98.6649,9.2325],[98.6629,9.2337],[98.6621,9.2322],[98.665,9.2299],[98.6641,9.2276],[98.6587,9.226],[98.6591,9.2226],[98.6562,9.2232],[98.6551,9.2199],[98.6541,9.2224],[98.651,9.2212],[98.6478,9.2241],[98.6477,9.226],[98.6439,9.2262],[98.6428,9.2306],[98.6406,9.2304],[98.6396,9.2285],[98.6393,9.2315],[98.6367,9.2302],[98.6352,9.2226],[98.6318,9.2273],[98.6326,9.2333],[98.6292,9.2258],[98.6259,9.2285],[98.6283,9.2298],[98.6283,9.2326],[98.6265,9.2303],[98.6251,9.2308],[98.6232,9.2256],[98.6224,9.23],[98.6217,9.2281],[98.6187,9.2277],[98.6186,9.23],[98.6152,9.232],[98.6144,9.2343],[98.6135,9.2279],[98.6085,9.2278],[98.6053,9.2312],[98.6039,9.2384],[98.6054,9.2406],[98.6026,9.2417],[98.6013,9.2466],[98.6032,9.2503],[98.6099,9.2512],[98.6105,9.2493],[98.6146,9.2511],[98.6151,9.2522],[98.6114,9.2525],[98.6095,9.2546],[98.6139,9.2635],[98.6145,9.266],[98.6125,9.269],[98.6154,9.2728],[98.6198,9.2753],[98.6145,9.2735],[98.612,9.2706],[98.6127,9.2635],[98.6086,9.2567],[98.6073,9.2568],[98.6083,9.2595],[98.6056,9.2571],[98.6053,9.2605],[98.6081,9.2608],[98.6088,9.2633],[98.6052,9.2615],[98.6057,9.2656],[98.6044,9.2622],[98.6029,9.2618],[98.6025,9.2567],[98.6004,9.2604],[98.6065,9.2696],[98.6039,9.2686],[98.6029,9.2651],[98.5999,9.2644],[98.6013,9.2689],[98.6002,9.2693],[98.6017,9.2702],[98.5995,9.2703],[98.6015,9.2727],[98.6,9.274],[98.6004,9.2778],[98.598,9.2713],[98.5963,9.2708],[98.5979,9.2691],[98.5954,9.2692],[98.5981,9.2656],[98.5961,9.2636],[98.5942,9.2654],[98.5954,9.2618],[98.5942,9.258],[98.5873,9.2575],[98.5873,9.2626],[98.5889,9.2633],[98.5873,9.2696],[98.5915,9.2739],[98.5928,9.2728],[98.5948,9.2737],[98.5928,9.2745],[98.5949,9.2757],[98.593,9.2761],[98.595,9.2792],[98.5953,9.2878],[98.5917,9.2897],[98.5934,9.2861],[98.5923,9.2781],[98.5899,9.2767],[98.5825,9.2641],[98.5782,9.2667],[98.5799,9.2697],[98.5782,9.2748],[98.5783,9.2825],[98.5767,9.2793],[98.5791,9.2703],[98.577,9.2641],[98.581,9.2624],[98.5852,9.2639],[98.5841,9.2605],[98.5852,9.2574],[98.5767,9.2576],[98.574,9.2616],[98.5756,9.2572],[98.5744,9.2562],[98.5771,9.2551],[98.5782,9.2568],[98.5815,9.2563],[98.5813,9.2544],[98.5833,9.2557],[98.5833,9.2538],[98.585,9.2541],[98.5847,9.2517],[98.586,9.2526],[98.5879,9.2511],[98.5881,9.2529],[98.5919,9.2542],[98.5936,9.2526],[98.5925,9.2507],[98.599,9.2444],[98.6002,9.2401],[98.6022,9.2398],[98.5978,9.2364],[98.595,9.2369],[98.5975,9.2349],[98.5955,9.2306],[98.5962,9.2294],[98.5992,9.2356],[98.6024,9.2353],[98.6017,9.2318],[98.6056,9.2292],[98.6056,9.2268],[98.6011,9.2269],[98.5994,9.2232],[98.6026,9.2247],[98.6038,9.222],[98.5988,9.2189],[98.6014,9.2181],[98.6007,9.2159],[98.6077,9.2184],[98.6086,9.2175],[98.6053,9.2167],[98.6052,9.2153],[98.6109,9.2141],[98.6024,9.2119],[98.6018,9.2099],[98.6023,9.2077],[98.6078,9.2045],[98.6028,9.2031],[98.6019,9.2013],[98.6048,9.1985],[98.602,9.198],[98.6015,9.1949],[98.6045,9.1922],[98.6016,9.1923],[98.6066,9.1913],[98.6067,9.1895],[98.604,9.1888],[98.5995,9.1919],[98.6001,9.19],[98.5993,9.1878],[98.5976,9.1881],[98.5992,9.1865],[98.598,9.1854],[98.5955,9.1871],[98.5861,9.1827],[98.5818,9.1876],[98.5811,9.1916],[98.5812,9.1868],[98.5791,9.1842],[98.5751,9.1884],[98.5703,9.1868],[98.564,9.1883],[98.5614,9.1868],[98.5601,9.192],[98.5571,9.1941],[98.5557,9.1987],[98.5505,9.1986],[98.5493,9.2012],[98.5448,9.2028],[98.5443,9.2059],[98.5401,9.2067],[98.5389,9.2113],[98.5423,9.2113],[98.541,9.2129],[98.5409,9.2116],[98.5379,9.2121],[98.539,9.2096],[98.5363,9.2064],[98.5364,9.2028],[98.5317,9.2002],[98.5312,9.197],[98.5295,9.1962],[98.532,9.1966],[98.5316,9.199],[98.5374,9.2021],[98.5381,9.2073],[98.5406,9.2054],[98.5433,9.2057],[98.544,9.2022],[98.5485,9.2009],[98.5501,9.1975],[98.5555,9.1976],[98.555,9.1916],[98.5568,9.1934],[98.5597,9.1912],[98.5597,9.1868],[98.5611,9.1862],[98.5641,9.1856],[98.5664,9.1876],[98.5702,9.1848],[98.5737,9.1855],[98.5739,9.1833],[98.5753,9.1863],[98.5789,9.1831],[98.5826,9.1856],[98.5845,9.1842],[98.584,9.1814],[98.5867,9.1803],[98.5954,9.1848],[98.5933,9.1813],[98.5956,9.1819],[98.5945,9.1796],[98.5969,9.1801],[98.5972,9.1818],[98.6014,9.1788],[98.5974,9.1825],[98.5981,9.1841],[98.5996,9.183],[98.6001,9.1843],[98.6003,9.1825],[98.6027,9.1866],[98.6083,9.1857],[98.6055,9.1838],[98.6077,9.1771],[98.6056,9.1748],[98.6075,9.1705],[98.6047,9.1684],[98.6038,9.1615],[98.6011,9.1582],[98.6075,9.1611],[98.6033,9.158],[98.6046,9.1566],[98.6014,9.156],[98.6043,9.1552],[98.6002,9.1526],[98.6051,9.144],[98.6073,9.1451],[98.6068,9.1428],[98.5988,9.1456],[98.599,9.1429],[98.6042,9.1403],[98.5973,9.1399],[98.6006,9.1387],[98.5999,9.1374],[98.6041,9.1389],[98.6023,9.1338],[98.6011,9.1351],[98.5974,9.1345],[98.5963,9.1302],[98.592,9.1272],[98.5924,9.1255],[98.5892,9.1236],[98.5855,9.1254],[98.5826,9.1206],[98.5843,9.1201],[98.5864,9.123],[98.5872,9.1211],[98.588,9.123],[98.5896,9.1221],[98.5926,9.1248],[98.5943,9.1203],[98.5934,9.1266],[98.597,9.1272],[98.5958,9.1279],[98.5981,9.1285],[98.5988,9.1323],[98.6032,9.1304],[98.6022,9.1278],[98.5999,9.1281],[98.601,9.1255],[98.5989,9.1257],[98.5999,9.1241],[98.5974,9.1216],[98.5985,9.1197],[98.6012,9.1204],[98.6005,9.1217],[98.6025,9.1225],[98.6018,9.1242],[98.6029,9.1237],[98.6023,9.1251],[98.6044,9.1271],[98.6055,9.1265],[98.6036,9.1258],[98.6045,9.1241],[98.6081,9.1268],[98.6076,9.124],[98.609,9.1252],[98.612,9.1231],[98.6082,9.1215],[98.604,9.1232],[98.6036,9.1209],[98.6069,9.1209],[98.6049,9.1183],[98.6023,9.1187],[98.6032,9.1163],[98.6,9.1164],[98.6023,9.1152],[98.6003,9.1141],[98.6005,9.1127],[98.6017,9.1138],[98.6026,9.112],[98.6024,9.1145],[98.605,9.1149],[98.6049,9.117],[98.6078,9.1168],[98.607,9.1183],[98.6093,9.1184],[98.6095,9.12],[98.6121,9.1192],[98.6108,9.1176],[98.6171,9.1161],[98.614,9.1152],[98.6129,9.1129],[98.6206,9.1155],[98.6151,9.1105],[98.6193,9.1121],[98.6192,9.1098],[98.6173,9.1089],[98.6188,9.1077],[98.6165,9.1075],[98.6172,9.1059],[98.6158,9.1053],[98.6129,9.1061],[98.614,9.1051],[98.6123,9.104],[98.6153,9.1046],[98.6151,9.1023],[98.6201,9.1064],[98.6182,9.1028],[98.6207,9.103],[98.6215,9.1047],[98.6236,9.1026],[98.6263,9.1038],[98.6257,9.1023],[98.6278,9.1007],[98.6211,9.0999],[98.6221,9.0984],[98.6249,9.0989],[98.6235,9.0956],[98.6272,9.0979],[98.6262,9.0952],[98.6286,9.0963],[98.6288,9.0932],[98.6262,9.0935],[98.6246,9.0914],[98.6307,9.0925],[98.6301,9.0898],[98.6263,9.0871],[98.6262,9.0856],[98.6285,9.0858],[98.6266,9.0807],[98.6251,9.0807],[98.6241,9.0865],[98.6231,9.0875],[98.6214,9.0858],[98.6226,9.088],[98.6211,9.0873],[98.6207,9.0895],[98.6197,9.0871],[98.6172,9.0878],[98.6183,9.0859],[98.6163,9.0844],[98.615,9.0899],[98.6163,9.0914],[98.6147,9.0918],[98.6145,9.094],[98.612,9.0909],[98.6122,9.0957],[98.6103,9.0951],[98.6109,9.0926],[98.6094,9.0919],[98.6107,9.0913],[98.6095,9.0901],[98.611,9.0875],[98.6087,9.089],[98.6084,9.0866],[98.6056,9.0914],[98.6085,9.1],[98.6049,9.0929],[98.6029,9.0982],[98.603,9.0926],[98.6007,9.0947],[98.5997,9.0937],[98.5981,9.0962],[98.5987,9.0941],[98.5963,9.0927],[98.5999,9.0929],[98.6,9.0914],[98.6019,9.092],[98.6051,9.0889],[98.6006,9.0899],[98.6035,9.0871],[98.5988,9.0897],[98.6023,9.0844],[98.5999,9.0853],[98.5989,9.0838],[98.5975,9.0846],[98.5961,9.0898],[98.5966,9.0862],[98.5941,9.0869],[98.5973,9.0826],[98.5946,9.084],[98.5936,9.0832],[98.5948,9.0818],[98.5926,9.0802],[98.5901,9.084],[98.5922,9.0856],[98.5898,9.0857],[98.5902,9.0875],[98.5925,9.0879],[98.5913,9.0908],[98.5937,9.0912],[98.5918,9.0927],[98.5934,9.096],[98.5923,9.0963],[98.5906,9.0938],[98.5911,9.092],[98.5889,9.0905],[98.5899,9.0889],[98.5879,9.0879],[98.5852,9.0899],[98.5849,9.0886],[98.5886,9.0864],[98.588,9.083],[98.5849,9.083],[98.5846,9.0812],[98.5872,9.0809],[98.5856,9.0789],[98.5831,9.0798],[98.5851,9.0773],[98.5847,9.0746],[98.5832,9.0775],[98.5832,9.0746],[98.58,9.0728],[98.579,9.0733],[98.5804,9.0762],[98.5788,9.0781],[98.581,9.0787],[98.5794,9.0806],[98.5813,9.0811],[98.5793,9.0818],[98.5788,9.0848],[98.5815,9.0918],[98.5804,9.0959],[98.5792,9.0893],[98.5744,9.0883],[98.5788,9.0868],[98.5758,9.0855],[98.5775,9.0846],[98.5762,9.0837],[98.5778,9.0798],[98.5755,9.0736],[98.5742,9.0743],[98.5743,9.0802],[98.5729,9.0791],[98.5738,9.0812],[98.5723,9.0799],[98.5684,9.0815],[98.5703,9.0844],[98.5694,9.0854],[98.5684,9.0842],[98.5687,9.088],[98.5671,9.0856],[98.566,9.0863],[98.5669,9.0821],[98.5654,9.0834],[98.5652,9.0817],[98.5635,9.0816],[98.5632,9.0777],[98.5608,9.0778],[98.5609,9.0801],[98.559,9.0815],[98.5577,9.0794],[98.5561,9.0841],[98.5559,9.0815],[98.5534,9.0825],[98.5538,9.0808],[98.5497,9.0828],[98.5486,9.0798],[98.5473,9.0803],[98.5482,9.0836],[98.5473,9.0845],[98.5468,9.0826],[98.5443,9.088],[98.5404,9.0861],[98.5383,9.0884],[98.5407,9.0898],[98.5386,9.0899],[98.541,9.0914],[98.5403,9.0927],[98.5428,9.0928],[98.541,9.0948],[98.5458,9.0949],[98.5448,9.0958],[98.5461,9.0978],[98.544,9.0979],[98.5432,9.0996],[98.5418,9.0988],[98.544,9.097],[98.5401,9.0966],[98.5389,9.0912],[98.5364,9.0922],[98.5375,9.0911],[98.5361,9.0881],[98.5336,9.0882],[98.5306,9.0927],[98.5324,9.0892],[98.5296,9.088],[98.5266,9.0897],[98.5269,9.0877],[98.5248,9.0883],[98.5233,9.0873],[98.524,9.0859],[98.5194,9.085],[98.5215,9.0879],[98.5171,9.0869],[98.5164,9.0895],[98.5144,9.0897],[98.5146,9.0924],[98.5195,9.0948],[98.5207,9.1028],[98.5198,9.1105],[98.5175,9.115],[98.5128,9.1068],[98.4902,9.0992],[98.4916,9.086],[98.4945,9.0808],[98.4855,9.0701],[98.4817,9.0699],[98.4732,9.0644],[98.4748,9.0554],[98.4741,9.0489],[98.4797,9.0369],[98.4853,9.0336],[98.4852,9.0276],[98.4897,9.0206],[98.4888,9.0159],[98.4936,9.0158],[98.5055,8.9996],[98.5105,8.9981],[98.5109,8.9951],[98.5054,8.9825],[98.4942,8.9851],[98.4849,8.9785],[98.4786,8.9774],[98.4656,8.9703],[98.4509,8.9651],[98.4489,8.9568],[98.4499,8.9508],[98.4431,8.9452],[98.4475,8.94],[98.4562,8.9357],[98.4571,8.9323],[98.4545,8.9246],[98.4546,8.9142],[98.4476,8.903],[98.446,8.8953],[98.4531,8.8942],[98.4555,8.8909],[98.4594,8.8896],[98.4723,8.8888],[98.4746,8.8901],[98.4988,8.8813],[98.503,8.8871],[98.5091,8.8919],[98.5117,8.8917],[98.5143,8.8947],[98.5162,8.9048],[98.5213,8.9143],[98.5398,8.9189],[98.5446,8.9165],[98.545,8.9188],[98.5473,8.9184],[98.5493,8.9214],[98.5543,8.9227],[98.5697,8.9196],[98.5863,8.9191],[98.5861,8.9222],[98.5887,8.9235],[98.5918,8.9185],[98.5914,8.9161],[98.5946,8.913],[98.6207,8.9062],[98.6285,8.9031],[98.634,8.8986],[98.6589,8.898],[98.6587,8.9048],[98.6672,8.9115],[98.6709,8.9114],[98.6716,8.9071],[98.6697,8.8997],[98.6712,8.8937],[98.6663,8.8887],[98.6704,8.8869],[98.6734,8.8896],[98.6776,8.8879],[98.6782,8.8854],[98.6823,8.8868],[98.6887,8.8855],[98.6909,8.8826],[98.6939,8.8835],[98.6957,8.8866],[98.7015,8.8863],[98.7042,8.8775],[98.7079,8.8741],[98.708,8.8694],[98.7106,8.8669],[98.7146,8.8694],[98.7169,8.8733],[98.7322,8.8738],[98.736,8.8767],[98.7439,8.8771],[98.7516,8.8867],[98.7598,8.8899],[98.757,8.8813],[98.747,8.87],[98.7401,8.8674],[98.736,8.8621],[98.7343,8.8551],[98.7353,8.8513],[98.7362,8.8489],[98.7411,8.8477],[98.7477,8.8508],[98.7491,8.8533],[98.7541,8.8518],[98.7561,8.8535],[98.7587,8.8598],[98.7566,8.8604],[98.7539,8.8586],[98.7511,8.862],[98.7528,8.8704],[98.761,8.8721],[98.7646,8.8776],[98.7718,8.8812],[98.7749,8.8801],[98.7723,8.874],[98.7732,8.8722],[98.7796,8.8768],[98.7821,8.8767],[98.7873,8.8722],[98.8041,8.8881],[98.8049,8.8863],[98.8084,8.8922],[98.8086,8.8964],[98.8173,8.8999],[98.821,8.917],[98.8234,8.9219],[98.8128,8.9223],[98.8071,8.9204],[98.8042,8.9234],[98.8125,8.9271],[98.8136,8.9319],[98.8217,8.9329],[98.8243,8.9352],[98.8223,8.9388],[98.8239,8.9434],[98.8226,8.9468],[98.8172,8.9476],[98.8104,8.9451],[98.809,8.9462],[98.8095,8.9515],[98.8142,8.9552],[98.8072,8.9539],[98.7954,8.9552],[98.7922,8.9535],[98.7924,8.9581],[98.784,8.958]]]}},{"type":"Feature","properties":{"id":12095604,"name":"\u0e2d\u0e38\u0e17\u0e22\u0e32\u0e19\u0e41\u0e2b\u0e48\u0e07\u0e0a\u0e32\u0e15\u0e34\u0e40\u0e02\u0e32\u0e2b\u0e25\u0e31\u0e01\u2013\u0e25\u0e33\u0e23\u0e39\u0e48","name_en":"Khao Lak-Lam Ru National Park","boundary":"national_park","protect_class":"2"},"geometry":{"type":"Polygon","coordinates":[[[98.2431,8.6295],[98.2475,8.6296],[98.2493,8.636],[98.252,8.636],[98.2612,8.6424],[98.2618,8.6444],[98.2556,8.6508],[98.2604,8.6549],[98.2608,8.6608],[98.2626,8.6608],[98.2652,8.6662],[98.2718,8.6656],[98.2714,8.6602],[98.2805,8.6604],[98.2835,8.6579],[98.282,8.6719],[98.2874,8.6745],[98.2932,8.6745],[98.2968,8.6766],[98.3114,8.6791],[98.3133,8.6733],[98.3246,8.6683],[98.3287,8.659],[98.3273,8.6524],[98.3357,8.6493],[98.3393,8.6402],[98.3441,8.6395],[98.3499,8.6416],[98.354,8.6326],[98.3572,8.6307],[98.3673,8.6416],[98.3819,8.6429],[98.3772,8.6507],[98.379,8.6521],[98.3819,8.6496],[98.3866,8.6499],[98.3904,8.6448],[98.3976,8.6446],[98.3957,8.6404],[98.4106,8.6315],[98.4152,8.6356],[98.4111,8.6406],[98.4152,8.6375],[98.4179,8.6395],[98.4248,8.634],[98.4266,8.6376],[98.4292,8.6356],[98.4378,8.6351],[98.4386,8.6376],[98.4461,8.6343],[98.4441,8.64],[98.446,8.6398],[98.4459,8.6476],[98.4428,8.6527],[98.4451,8.6532],[98.4476,8.6513],[98.4485,8.6543],[98.4442,8.6584],[98.445,8.6611],[98.4544,8.6582],[98.458,8.6525],[98.4626,8.6565],[98.4667,8.6525],[98.4673,8.6466],[98.47,8.6433],[98.4605,8.6331],[98.4606,8.6308],[98.4724,8.6329],[98.4747,8.6356],[98.4778,8.6349],[98.4832,8.6392],[98.4979,8.6314],[98.501,8.6313],[98.5048,8.6334],[98.5192,8.6319],[98.5253,8.6154],[98.5294,8.613],[98.53,8.6087],[98.5359,8.6056],[98.5361,8.5941],[98.5322,8.5888],[98.5219,8.5823],[98.4952,8.5729],[98.492,8.5747],[98.4867,8.5746],[98.4826,8.5719],[98.4683,8.5761],[98.4568,8.5823],[98.4532,8.586],[98.4527,8.5951],[98.4457,8.6001],[98.445,8.607],[98.4498,8.6138],[98.4493,8.6181],[98.4401,8.6225],[98.4205,8.6218],[98.4165,8.6267],[98.4164,8.6297],[98.407,8.6296],[98.404,8.6315],[98.3977,8.6308],[98.3896,8.6352],[98.3868,8.6409],[98.3838,8.6411],[98.3732,8.6375],[98.3725,8.634],[98.3703,8.6349],[98.3679,8.6299],[98.3698,8.6286],[98.3663,8.6258],[98.3694,8.6247],[98.3684,8.6232],[98.3487,8.6289],[98.3317,8.6284],[98.3264,8.6261],[98.3175,8.6165],[98.3055,8.5877],[98.2978,8.5869],[98.2913,8.5945],[98.2925,8.6042],[98.29,8.6036],[98.2886,8.6007],[98.2847,8.6036],[98.2864,8.6106],[98.2912,8.6138],[98.2885,8.6165],[98.2864,8.6171],[98.2819,8.6127],[98.2746,8.6102],[98.2723,8.6139],[98.2736,8.6189],[98.2724,8.62],[98.2669,8.6161],[98.2667,8.6136],[98.2592,8.6136],[98.2568,8.6179],[98.2502,8.6161],[98.2481,8.6193],[98.2438,8.621],[98.2439,8.6246],[98.239,8.6253],[98.2328,8.6178],[98.2314,8.6179],[98.23,8.6212],[98.2325,8.6228],[98.2324,8.6252],[98.2431,8.6295]]]}},{"type":"Feature","properties":{"id":12100306,"name":"\u0e40\u0e02\u0e15\u0e23\u0e31\u0e01\u0e29\u0e32\u0e1e\u0e31\u0e19\u0e18\u0e38\u0e4c\u0e2a\u0e31\u0e15\u0e27\u0e4c\u0e1b\u0e48\u0e32\u0e04\u0e25\u0e2d\u0e07\u0e19\u0e32\u0e04\u0e32","name_en":"Khlong Nakha Wildlife Sanctuary","boundary":"protected_area","protect_class":"1a"},"geometry":{"type":"Polygon","coordinates":[[[98.4598,9.3388],[98.4541,9.3469],[98.4479,9.3517],[98.4534,9.3529],[98.4581,9.3496],[98.462,9.3541],[98.4592,9.3562],[98.4608,9.3613],[98.4644,9.3613],[98.4645,9.3743],[98.4691,9.3773],[98.4681,9.3793],[98.4805,9.3878],[98.4808,9.39],[98.4727,9.3919],[98.4653,9.3974],[98.4686,9.4042],[98.4706,9.4044],[98.4706,9.4084],[98.4681,9.4089],[98.4677,9.4117],[98.4806,9.4257],[98.4786,9.4312],[98.4874,9.4346],[98.4861,9.4411],[98.4875,9.4424],[98.4901,9.4393],[98.4935,9.4416],[98.4949,9.4438],[98.494,9.4458],[98.5072,9.4581],[98.5074,9.4612],[98.5032,9.4638],[98.503,9.4668],[98.5075,9.4731],[98.5064,9.4745],[98.5081,9.4786],[98.5111,9.4816],[98.5122,9.4865],[98.5193,9.4942],[98.525,9.4972],[98.5254,9.5003],[98.5303,9.5076],[98.5345,9.522],[98.5382,9.5235],[98.5414,9.5303],[98.5438,9.5315],[98.5524,9.5282],[98.5536,9.5302],[98.5699,9.5291],[98.573,9.5324],[98.5753,9.5319],[98.5756,9.5273],[98.5727,9.5231],[98.573,9.5199],[98.5706,9.5188],[98.572,9.5161],[98.5775,9.5209],[98.5783,9.5187],[98.5811,9.5224],[98.5868,9.5243],[98.589,9.5319],[98.5927,9.5332],[98.6083,9.5335],[98.6262,9.5476],[98.6353,9.5513],[98.6373,9.5573],[98.6415,9.559],[98.6473,9.5689],[98.6533,9.5732],[98.6619,9.5715],[98.6616,9.5655],[98.6593,9.5643],[98.6596,9.5627],[98.6621,9.5626],[98.6624,9.5598],[98.6684,9.5589],[98.6682,9.5634],[98.6701,9.5659],[98.6837,9.5652],[98.6856,9.5627],[98.6912,9.5655],[98.6931,9.5633],[98.6949,9.5658],[98.6969,9.5647],[98.6962,9.5627],[98.6975,9.561],[98.6987,9.5645],[98.7019,9.5652],[98.7041,9.5637],[98.705,9.5653],[98.7072,9.5644],[98.7072,9.5616],[98.7122,9.5616],[98.7125,9.5588],[98.7044,9.5526],[98.7063,9.5484],[98.7041,9.5477],[98.7031,9.5412],[98.7001,9.5393],[98.7008,9.5359],[98.6988,9.5353],[98.6996,9.5319],[98.7126,9.5286],[98.7142,9.5291],[98.7183,9.5364],[98.7198,9.5457],[98.7181,9.5503],[98.715,9.5523],[98.7168,9.5561],[98.7153,9.5578],[98.716,9.5601],[98.7269,9.5595],[98.7322,9.5624],[98.7335,9.56],[98.7332,9.5361],[98.7363,9.5251],[98.7384,9.525],[98.7353,9.5232],[98.734,9.5163],[98.7249,9.5112],[98.7239,9.5032],[98.7169,9.4991],[98.7158,9.4867],[98.7127,9.487],[98.7103,9.4854],[98.7048,9.4864],[98.7025,9.4805],[98.7002,9.4796],[98.6998,9.477],[98.697,9.4755],[98.6939,9.4696],[98.6838,9.4694],[98.6778,9.465],[98.6689,9.4669],[98.667,9.4652],[98.6681,9.4634],[98.6657,9.4596],[98.6681,9.4487],[98.6732,9.4472],[98.6759,9.4411],[98.6815,9.437],[98.6801,9.4333],[98.6739,9.4291],[98.6722,9.4252],[98.6667,9.4217],[98.6612,9.4204],[98.6548,9.4241],[98.6519,9.4282],[98.6477,9.4269],[98.6477,9.4144],[98.6544,9.4018],[98.6529,9.395],[98.6484,9.3878],[98.6551,9.3878],[98.658,9.3858],[98.6613,9.3873],[98.6647,9.3862],[98.6694,9.3892],[98.6746,9.3876],[98.6751,9.3809],[98.6708,9.3711],[98.6719,9.3668],[98.6682,9.3577],[98.6628,9.354],[98.6607,9.3487],[98.6561,9.3477],[98.6409,9.3526],[98.6383,9.3563],[98.6358,9.3568],[98.6268,9.3524],[98.6162,9.3435],[98.6149,9.3443],[98.611,9.3423],[98.5972,9.3494],[98.5908,9.3558],[98.5903,9.3642],[98.5876,9.3679],[98.583,9.3638],[98.5749,9.3655],[98.5726,9.3618],[98.5697,9.3619],[98.5661,9.3589],[98.5624,9.3605],[98.5473,9.3608],[98.5462,9.3588],[98.5494,9.3471],[98.5517,9.3456],[98.5518,9.3381],[98.5559,9.338],[98.5577,9.3348],[98.5604,9.3346],[98.5639,9.3289],[98.5626,9.3255],[98.5635,9.3223],[98.5615,9.3228],[98.5671,9.3182],[98.5669,9.313],[98.5691,9.3128],[98.5703,9.3091],[98.5685,9.3078],[98.5628,9.3108],[98.5619,9.3097],[98.5652,9.3067],[98.565,9.304],[98.5629,9.3066],[98.5623,9.3045],[98.5579,9.3032],[98.5649,9.3013],[98.5634,9.299],[98.558,9.2982],[98.5589,9.2969],[98.5673,9.2995],[98.5621,9.2949],[98.5598,9.2957],[98.5607,9.2943],[98.5564,9.2915],[98.568,9.2956],[98.5694,9.2935],[98.5658,9.2921],[98.5662,9.2901],[98.5728,9.2923],[98.5765,9.2885],[98.5739,9.2868],[98.576,9.2867],[98.5756,9.2847],[98.5774,9.2833],[98.5732,9.2836],[98.575,9.2807],[98.5722,9.2825],[98.5702,9.281],[98.5749,9.2783],[98.5701,9.2782],[98.575,9.2736],[98.5738,9.2683],[98.5697,9.2759],[98.5697,9.2792],[98.5677,9.2791],[98.5679,9.2757],[98.5657,9.2761],[98.5666,9.2724],[98.5681,9.2718],[98.5645,9.2712],[98.5678,9.2689],[98.5656,9.2666],[98.5667,9.2647],[98.5692,9.2652],[98.5699,9.2636],[98.5697,9.2618],[98.565,9.2614],[98.5668,9.2577],[98.5634,9.2589],[98.5595,9.2663],[98.5572,9.2608],[98.5459,9.2456],[98.5438,9.2455],[98.5404,9.2526],[98.531,9.2566],[98.5267,9.2646],[98.5277,9.2701],[98.5244,9.2857],[98.5275,9.2927],[98.5275,9.2968],[98.5183,9.2994],[98.5161,9.3042],[98.506,9.3089],[98.5003,9.307],[98.4856,9.3076],[98.4802,9.3038],[98.4819,9.3112],[98.4779,9.3156],[98.476,9.315],[98.4739,9.3166],[98.4711,9.3218],[98.4661,9.3142],[98.4556,9.3163],[98.4548,9.317],[98.4693,9.3299],[98.4654,9.3308],[98.4633,9.3358],[98.4598,9.3388]]]}},{"type":"Feature","properties":{"id":12100307,"name":"\u0e2d\u0e38\u0e17\u0e22\u0e32\u0e19\u0e41\u0e2b\u0e48\u0e07\u0e0a\u0e32\u0e15\u0e34\u0e41\u0e01\u0e48\u0e07\u0e01\u0e23\u0e38\u0e07","name_en":"Kaeng Krung National Park","boundary":"national_park","protect_class":"2"},"geometry":{"type":"Polygon","coordinates":[[[98.8254,9.3159],[98.8263,9.3183],[98.8226,9.3205],[98.8191,9.326],[98.8049,9.3236],[98.8103,9.3263],[98.8103,9.3279],[98.8122,9.3271],[98.8123,9.3292],[98.8154,9.3279],[98.8202,9.33],[98.8251,9.3291],[98.8226,9.3333],[98.8185,9.3335],[98.8166,9.336],[98.8081,9.3368],[98.8097,9.3389],[98.8145,9.3395],[98.8209,9.3364],[98.8248,9.3366],[98.8217,9.3401],[98.8184,9.3399],[98.815,9.3427],[98.8202,9.3444],[98.8203,9.3468],[98.8162,9.3452],[98.8097,9.3461],[98.8189,9.3481],[98.8122,9.3509],[98.8137,9.3545],[98.8128,9.3557],[98.806,9.3521],[98.8059,9.3538],[98.8142,9.3579],[98.8179,9.3563],[98.821,9.3609],[98.8245,9.3603],[98.8222,9.3646],[98.8144,9.3603],[98.8076,9.3609],[98.8096,9.3641],[98.8122,9.363],[98.8107,9.3648],[98.8119,9.366],[98.8138,9.3657],[98.8111,9.3682],[98.8081,9.3658],[98.809,9.3701],[98.8039,9.3673],[98.8067,9.3716],[98.8029,9.374],[98.8058,9.3748],[98.8066,9.378],[98.8035,9.3779],[98.8046,9.3799],[98.8001,9.3819],[98.8017,9.3841],[98.8015,9.3862],[98.7996,9.3867],[98.8013,9.3881],[98.8009,9.3909],[98.7979,9.3904],[98.7988,9.3939],[98.7957,9.3949],[98.7977,9.3969],[98.7975,9.3991],[98.7931,9.3979],[98.7897,9.4013],[98.7889,9.4073],[98.7846,9.4005],[98.7829,9.4002],[98.7829,9.3965],[98.7759,9.3842],[98.7745,9.3839],[98.7748,9.389],[98.7717,9.388],[98.768,9.3835],[98.7687,9.378],[98.7661,9.3775],[98.7657,9.3807],[98.7678,9.3852],[98.7638,9.3843],[98.7602,9.3805],[98.76,9.3817],[98.7743,9.3939],[98.7695,9.3989],[98.7644,9.3985],[98.7641,9.4001],[98.7626,9.3975],[98.7594,9.3986],[98.7546,9.3965],[98.7507,9.3969],[98.7518,9.3908],[98.7495,9.3904],[98.7496,9.3876],[98.748,9.3864],[98.746,9.3864],[98.7415,9.395],[98.738,9.3956],[98.7361,9.3992],[98.7364,9.4003],[98.739,9.3965],[98.7426,9.3969],[98.7464,9.3874],[98.7476,9.3879],[98.748,9.3976],[98.7521,9.4002],[98.7543,9.3994],[98.757,9.403],[98.762,9.4016],[98.7637,9.4046],[98.7655,9.4046],[98.7673,9.4028],[98.7707,9.4032],[98.7728,9.3989],[98.7801,9.4093],[98.7858,9.4083],[98.7869,9.4096],[98.7842,9.4198],[98.7901,9.4112],[98.7936,9.4121],[98.7937,9.4156],[98.7892,9.4228],[98.7913,9.4229],[98.7916,9.4265],[98.7967,9.4289],[98.7987,9.4326],[98.7946,9.4438],[98.7907,9.4444],[98.7921,9.4499],[98.7876,9.4511],[98.7888,9.4542],[98.7841,9.4574],[98.7846,9.4604],[98.782,9.4649],[98.778,9.4656],[98.7747,9.472],[98.7684,9.4789],[98.7688,9.4866],[98.7663,9.4923],[98.7599,9.4968],[98.7555,9.5044],[98.753,9.5049],[98.7549,9.5076],[98.7522,9.518],[98.7442,9.5195],[98.7384,9.525],[98.7445,9.5294],[98.7482,9.5356],[98.7549,9.5379],[98.7636,9.5367],[98.7685,9.545],[98.7576,9.5604],[98.7578,9.5647],[98.7604,9.5689],[98.7582,9.575],[98.7566,9.5764],[98.7512,9.5753],[98.7464,9.577],[98.7383,9.5837],[98.7377,9.5865],[98.7406,9.5913],[98.7388,9.5933],[98.7401,9.5962],[98.7383,9.5991],[98.7434,9.6032],[98.7473,9.6026],[98.7504,9.6115],[98.7556,9.6146],[98.7627,9.6247],[98.7676,9.6271],[98.7664,9.631],[98.7684,9.6334],[98.7685,9.6384],[98.7642,9.6419],[98.7656,9.6493],[98.768,9.651],[98.7672,9.6609],[98.7687,9.668],[98.7665,9.6725],[98.7679,9.6748],[98.7671,9.6797],[98.7689,9.6867],[98.7778,9.6879],[98.779,9.691],[98.7881,9.6936],[98.7899,9.6914],[98.7876,9.6867],[98.7896,9.6843],[98.7931,9.6846],[98.7968,9.6875],[98.8039,9.6878],[98.8146,9.696],[98.816,9.7009],[98.8191,9.7043],[98.8251,9.7036],[98.8305,9.7063],[98.8333,9.7049],[98.8344,9.7013],[98.8386,9.7058],[98.8408,9.7036],[98.8444,9.7033],[98.8451,9.7049],[98.8542,9.7092],[98.8615,9.7183],[98.8629,9.7269],[98.8751,9.7314],[98.8808,9.7292],[98.8825,9.7261],[98.8848,9.7273],[98.8852,9.7256],[98.8868,9.7293],[98.8922,9.7345],[98.895,9.7349],[98.8983,9.7326],[98.9034,9.7349],[98.9211,9.7241],[98.9298,9.721],[98.9318,9.7179],[98.9336,9.7079],[98.9318,9.7077],[98.9319,9.7032],[98.9211,9.7058],[98.9226,9.7015],[98.9267,9.6971],[98.9278,9.6883],[98.9257,9.6884],[98.926,9.6861],[98.9197,9.6765],[98.9218,9.6728],[98.9217,9.6692],[98.916,9.656],[98.9132,9.653],[98.9151,9.6487],[98.9143,9.6469],[98.9092,9.6437],[98.9125,9.6238],[98.8963,9.6076],[98.8951,9.6021],[98.9006,9.5901],[98.9061,9.5831],[98.9039,9.5772],[98.8991,9.5774],[98.8912,9.5877],[98.8893,9.5884],[98.8883,9.585],[98.8979,9.5672],[98.897,9.5616],[98.8936,9.5584],[98.8883,9.5578],[98.8868,9.5561],[98.8875,9.5527],[98.8952,9.5511],[98.8977,9.5481],[98.8979,9.5402],[98.8888,9.5346],[98.8897,9.532],[98.8976,9.5297],[98.8996,9.5303],[98.8996,9.5332],[98.9027,9.5341],[98.9042,9.532],[98.9036,9.5029],[98.8988,9.5022],[98.8933,9.5082],[98.891,9.5068],[98.8814,9.4892],[98.8848,9.4756],[98.8739,9.4635],[98.8738,9.4506],[98.8573,9.4469],[98.8576,9.4385],[98.849,9.4207],[98.8516,9.4119],[98.8508,9.4106],[98.8426,9.4151],[98.8414,9.4132],[98.8538,9.4012],[98.8565,9.4004],[98.8696,9.4129],[98.8729,9.4114],[98.8729,9.4022],[98.8755,9.4019],[98.8757,9.3973],[98.8675,9.395],[98.8679,9.3908],[98.8636,9.3847],[98.8647,9.3745],[98.8606,9.371],[98.8613,9.3631],[98.8732,9.3491],[98.8738,9.3379],[98.8706,9.3314],[98.871,9.3253],[98.8664,9.321],[98.8529,9.32],[98.855,9.3131],[98.8547,9.3083],[98.8516,9.3076],[98.8491,9.3101],[98.8461,9.3078],[98.8449,9.2989],[98.8418,9.3034],[98.8427,9.3067],[98.8417,9.3082],[98.8394,9.3055],[98.8388,9.3099],[98.8356,9.3135],[98.8331,9.3117],[98.8345,9.3081],[98.8333,9.307],[98.8309,9.3081],[98.8291,9.3043],[98.8343,9.2984],[98.8334,9.2972],[98.8275,9.3023],[98.825,9.3004],[98.8249,9.2938],[98.8222,9.2946],[98.8222,9.2899],[98.8204,9.2888],[98.8164,9.2907],[98.8187,9.2826],[98.817,9.2796],[98.8137,9.2782],[98.8178,9.2827],[98.8146,9.2844],[98.8169,9.2878],[98.8151,9.2891],[98.8137,9.288],[98.8128,9.2901],[98.8149,9.29],[98.816,9.2925],[98.8187,9.2901],[98.8213,9.2917],[98.8196,9.2933],[98.823,9.2969],[98.8215,9.3032],[98.8262,9.3034],[98.8271,9.3058],[98.8258,9.3069],[98.8328,9.3187],[98.8254,9.3159]]]}},{"type":"Feature","properties":{"id":12100308,"name":"\u0e40\u0e02\u0e15\u0e23\u0e31\u0e01\u0e29\u0e32\u0e1e\u0e31\u0e19\u0e18\u0e38\u0e4c\u0e2a\u0e31\u0e15\u0e27\u0e4c\u0e1b\u0e48\u0e32\u0e04\u0e25\u0e2d\u0e07\u0e22\u0e31\u0e19","name_en":"Khlong Yan Wildlife Sanctuary","boundary":"protected_area","protect_class":"1a"},"geometry":{"type":"Polygon","coordinates":[[[98.7661,9.0798],[98.7648,9.072],[98.7663,9.0723],[98.7679,9.0697],[98.7662,9.0668],[98.7704,9.0646],[98.7701,9.0669],[98.7721,9.0681],[98.7716,9.0659],[98.7737,9.0641],[98.7785,9.065],[98.7801,9.0618],[98.7774,9.0636],[98.7724,9.0617],[98.7749,9.0553],[98.7771,9.0541],[98.7767,9.0502],[98.7785,9.0504],[98.7782,9.0487],[98.7797,9.0481],[98.7753,9.0473],[98.7759,9.0461],[98.779,9.0475],[98.7798,9.0461],[98.7767,9.0452],[98.7776,9.0437],[98.776,9.0407],[98.7802,9.04],[98.7785,9.0384],[98.7808,9.0373],[98.7736,9.0362],[98.7768,9.0346],[98.7767,9.0369],[98.7811,9.0356],[98.7782,9.034],[98.779,9.0316],[98.7775,9.032],[98.7786,9.0281],[98.7853,9.0281],[98.7862,9.0314],[98.7863,9.0275],[98.7876,9.0288],[98.788,9.027],[98.791,9.0276],[98.7997,9.0228],[98.8094,9.024],[98.8117,9.0227],[98.8221,9.0248],[98.834,9.0198],[98.8363,9.0166],[98.8481,9.017],[98.8497,9.0244],[98.8467,9.0262],[98.8465,9.0326],[98.8364,9.0323],[98.8304,9.0353],[98.8407,9.0565],[98.8392,9.0587],[98.8309,9.0585],[98.8232,9.0624],[98.8234,9.0645],[98.8378,9.0651],[98.8376,9.0682],[98.8247,9.072],[98.8254,9.0752],[98.8435,9.0771],[98.8454,9.0804],[98.8443,9.0903],[98.8335,9.0981],[98.8346,9.0999],[98.8523,9.092],[98.8579,9.094],[98.8608,9.0912],[98.8694,9.094],[98.8711,9.0919],[98.8732,9.0926],[98.872,9.0989],[98.8735,9.1063],[98.8655,9.105],[98.8569,9.1096],[98.8582,9.1143],[98.8661,9.1126],[98.866,9.118],[98.8564,9.1177],[98.8606,9.1243],[98.8806,9.1143],[98.88,9.1233],[98.8732,9.1311],[98.8732,9.1506],[98.8759,9.1511],[98.8799,9.1467],[98.8886,9.1438],[98.8921,9.1445],[98.8852,9.1718],[98.8718,9.1923],[98.8716,9.2023],[98.8754,9.2019],[98.8766,9.1938],[98.8824,9.1899],[98.885,9.1907],[98.8833,9.2148],[98.8764,9.2414],[98.8708,9.2389],[98.8715,9.2162],[98.8677,9.2126],[98.8639,9.2175],[98.8663,9.2239],[98.8644,9.2317],[98.8646,9.2433],[98.8555,9.2467],[98.8517,9.2507],[98.8467,9.2463],[98.8383,9.2446],[98.8375,9.2492],[98.8315,9.2534],[98.8394,9.2592],[98.8445,9.2524],[98.8531,9.2555],[98.8624,9.2538],[98.8629,9.2577],[98.8601,9.2655],[98.8517,9.2724],[98.8452,9.2743],[98.8445,9.2848],[98.8491,9.2858],[98.8509,9.2797],[98.86,9.2744],[98.8572,9.2934],[98.8605,9.3011],[98.8582,9.3046],[98.8534,9.3037],[98.8547,9.3083],[98.8516,9.3076],[98.8491,9.3101],[98.8461,9.3078],[98.8449,9.2989],[98.8418,9.3034],[98.8427,9.3067],[98.8417,9.3082],[98.8394,9.3055],[98.8388,9.3099],[98.8356,9.3135],[98.8331,9.3117],[98.8345,9.3081],[98.8333,9.307],[98.8309,9.3081],[98.8291,9.3043],[98.8343,9.2984],[98.8334,9.2972],[98.8275,9.3023],[98.825,9.3004],[98.8249,9.2938],[98.8222,9.2946],[98.8222,9.2899],[98.8204,9.2888],[98.8164,9.2907],[98.8187,9.2826],[98.817,9.2796],[98.8137,9.2782],[98.8155,9.2773],[98.8151,9.2733],[98.8125,9.2721],[98.8127,9.2683],[98.816,9.2642],[98.8122,9.2612],[98.8121,9.2589],[98.8081,9.2567],[98.8106,9.2555],[98.8109,9.2526],[98.8125,9.2534],[98.8161,9.2505],[98.8159,9.2485],[98.82,9.2468],[98.8161,9.2427],[98.8153,9.2388],[98.813,9.238],[98.813,9.233],[98.8104,9.2314],[98.8098,9.2282],[98.8029,9.2287],[98.7974,9.2259],[98.7965,9.2236],[98.7938,9.223],[98.7927,9.2161],[98.7899,9.2167],[98.7876,9.2141],[98.7899,9.2127],[98.788,9.2049],[98.7889,9.1991],[98.7948,9.1972],[98.7949,9.1923],[98.7935,9.1922],[98.7969,9.184],[98.7938,9.1827],[98.7894,9.1756],[98.7768,9.1715],[98.771,9.1608],[98.7698,9.1539],[98.7669,9.1528],[98.7636,9.1474],[98.758,9.1461],[98.7522,9.1477],[98.754,9.144],[98.7513,9.1428],[98.7531,9.1408],[98.7522,9.132],[98.7583,9.1258],[98.751,9.1197],[98.7514,9.1154],[98.753,9.1154],[98.7533,9.1132],[98.751,9.1129],[98.7529,9.1097],[98.7515,9.1089],[98.7509,9.1042],[98.754,9.1059],[98.7537,9.097],[98.7549,9.0963],[98.7612,9.0981],[98.7608,9.0963],[98.7646,9.0965],[98.7647,9.0911],[98.7671,9.0891],[98.7661,9.0798]]]}},{"type":"Feature","properties":{"id":12104352,"name":"\u0e2d\u0e38\u0e17\u0e22\u0e32\u0e19\u0e41\u0e2b\u0e48\u0e07\u0e0a\u0e32\u0e15\u0e34\u0e2b\u0e32\u0e14\u0e27\u0e19\u0e01\u0e23","name_en":"Hat Wanakon National Park","boundary":"national_park","protect_class":"2"},"geometry":{"type":"Polygon","coordinates":[[[99.7673,11.6347],[99.7858,11.6347],[99.7858,11.6077],[99.7673,11.6077],[99.7673,11.6347]]]}},{"type":"Feature","properties":{"id":12104353,"name":"\u0e2d\u0e38\u0e17\u0e22\u0e32\u0e19\u0e41\u0e2b\u0e48\u0e07\u0e0a\u0e32\u0e15\u0e34\u0e19\u0e49\u0e33\u0e15\u0e01\u0e2b\u0e49\u0e27\u0e22\u0e22\u0e32\u0e07","name_en":"Namtok Huai Yang National Park","boundary":"national_park","protect_class":"2"},"geometry":{"type":"Polygon","coordinates":[[[99.5107,11.6364],[99.5173,11.6365],[99.5229,11.6255],[99.5312,11.6209],[99.5412,11.6236],[99.546,11.6279],[99.5502,11.6286],[99.556,11.6243],[99.5655,11.6267],[99.566,11.6301],[99.5724,11.637],[99.5699,11.6426],[99.5741,11.6484],[99.583,11.6548],[99.5864,11.6604],[99.5851,11.673],[99.5828,11.6774],[99.5856,11.6823],[99.5885,11.6836],[99.5876,11.6866],[99.5963,11.684],[99.5994,11.6807],[99.6003,11.6777],[99.5963,11.6784],[99.5971,11.6741],[99.6019,11.6716],[99.6075,11.6648],[99.6133,11.6657],[99.6199,11.6617],[99.6208,11.6471],[99.6179,11.6447],[99.6161,11.6374],[99.6124,11.635],[99.6117,11.6298],[99.6145,11.6263],[99.6142,11.622],[99.6083,11.618],[99.6082,11.6161],[99.6135,11.6147],[99.6085,11.6068],[99.6113,11.5993],[99.6034,11.5904],[99.5991,11.5887],[99.5922,11.5798],[99.5888,11.5809],[99.5863,11.5792],[99.575,11.578],[99.5696,11.5803],[99.5619,11.5788],[99.558,11.5812],[99.5572,11.5865],[99.5543,11.5884],[99.5519,11.5947],[99.5508,11.5931],[99.5521,11.5859],[99.5491,11.5854],[99.5486,11.5835],[99.5509,11.582],[99.5475,11.5763],[99.5473,11.5713],[99.5439,11.5746],[99.5417,11.5724],[99.5395,11.5754],[99.5384,11.5727],[99.5347,11.5719],[99.5319,11.5681],[99.5288,11.5691],[99.5291,11.5767],[99.5239,11.5777],[99.5209,11.5771],[99.5188,11.5743],[99.5123,11.574],[99.507,11.5796],[99.5049,11.5796],[99.5003,11.5902],[99.4984,11.582],[99.4937,11.5802],[99.4862,11.5738],[99.4825,11.5725],[99.4825,11.5759],[99.4801,11.5769],[99.4768,11.5745],[99.4738,11.5664],[99.4735,11.5576],[99.4669,11.5536],[99.4705,11.5538],[99.4786,11.5594],[99.4841,11.5604],[99.4878,11.5564],[99.4879,11.5542],[99.483,11.5542],[99.4829,11.527],[99.4876,11.527],[99.4866,11.5247],[99.4913,11.5226],[99.4916,11.519],[99.483,11.5179],[99.4829,11.4908],[99.4738,11.4908],[99.474,11.4621],[99.4713,11.4581],[99.4591,11.4546],[99.4621,11.4522],[99.4612,11.448],[99.4636,11.4452],[99.463,11.4385],[99.4577,11.4363],[99.4579,11.434],[99.4541,11.4336],[99.4381,11.4404],[99.4336,11.4384],[99.4277,11.4385],[99.4201,11.4395],[99.4186,11.4415],[99.4169,11.4397],[99.4177,11.4371],[99.4078,11.4404],[99.4004,11.4453],[99.3957,11.4517],[99.3937,11.4612],[99.3966,11.4614],[99.3978,11.4641],[99.4011,11.4638],[99.4034,11.4659],[99.4099,11.4646],[99.4119,11.4667],[99.4108,11.473],[99.4198,11.4761],[99.4199,11.4804],[99.4221,11.4817],[99.4271,11.482],[99.43,11.4787],[99.4327,11.4819],[99.4406,11.4795],[99.4443,11.4803],[99.4422,11.4875],[99.4441,11.491],[99.4478,11.4933],[99.4494,11.4999],[99.4474,11.5021],[99.4486,11.5046],[99.4513,11.507],[99.4522,11.5107],[99.4568,11.5118],[99.4568,11.5138],[99.4602,11.515],[99.4632,11.5227],[99.4662,11.5234],[99.4675,11.5275],[99.4744,11.5332],[99.4741,11.5388],[99.4697,11.5442],[99.4713,11.5471],[99.4688,11.5497],[99.4659,11.5487],[99.463,11.5498],[99.4638,11.5576],[99.4658,11.5623],[99.4677,11.563],[99.4684,11.5673],[99.4649,11.5758],[99.4605,11.5794],[99.4584,11.5834],[99.4639,11.5897],[99.4616,11.5941],[99.4621,11.5987],[99.4655,11.6008],[99.4681,11.6074],[99.4676,11.6148],[99.4752,11.624],[99.4783,11.6239],[99.4839,11.6271],[99.4931,11.6253],[99.4972,11.6281],[99.4965,11.6309],[99.5014,11.6333],[99.5015,11.6253],[99.4924,11.6251],[99.4922,11.6126],[99.4813,11.6126],[99.4814,11.6062],[99.4921,11.6063],[99.4921,11.6084],[99.5014,11.6084],[99.5014,11.6174],[99.5106,11.6175],[99.5106,11.6245],[99.5125,11.6297],[99.5104,11.6327],[99.5107,11.6364]]]}},{"type":"Feature","properties":{"id":12104354,"name":"\u0e27\u0e19\u0e2d\u0e38\u0e17\u0e22\u0e32\u0e19\u0e1b\u0e48\u0e32\u0e01\u0e25\u0e32\u0e07\u0e2d\u0e48\u0e32\u0e27","name_en":"Pa Klang Ao Forest Park","boundary":"protected_area","protect_class":"3"},"geometry":{"type":"Polygon","coordinates":[[[99.5565,11.2156],[99.5527,11.219],[99.5452,11.2166],[99.5429,11.2179],[99.535,11.2177],[99.5234,11.2103],[99.5291,11.2088],[99.5301,11.2113],[99.5333,11.2119],[99.5354,11.2094],[99.5463,11.2121],[99.5467,11.2138],[99.5558,11.2136],[99.5565,11.2156]]]}},{"type":"Feature","properties":{"id":12104355,"name":"\u0e27\u0e19\u0e2d\u0e38\u0e17\u0e22\u0e32\u0e19\u0e41\u0e21\u0e48\u0e23\u0e33\u0e1e\u0e36\u0e07","name_en":"Mae Ramphueng Forest Park","boundary":"protected_area","protect_class":"3"},"geometry":{"type":"Polygon","coordinates":[[[99.5565,11.2156],[99.5527,11.219],[99.5513,11.2182],[99.5512,11.2207],[99.5455,11.2246],[99.548,11.2273],[99.5484,11.2315],[99.5463,11.2395],[99.5444,11.2419],[99.5406,11.2431],[99.5379,11.242],[99.5309,11.2483],[99.5341,11.2555],[99.543,11.2559],[99.5443,11.2484],[99.5484,11.2408],[99.5536,11.2226],[99.5622,11.2177],[99.5666,11.2178],[99.5699,11.2077],[99.5709,11.2072],[99.575,11.2118],[99.5777,11.2109],[99.5763,11.2019],[99.5746,11.2016],[99.5727,11.2048],[99.5709,11.2052],[99.5685,11.2032],[99.572,11.2021],[99.574,11.1969],[99.5789,11.1964],[99.5793,11.1952],[99.5771,11.1923],[99.5712,11.1903],[99.5668,11.1831],[99.5619,11.1864],[99.5635,11.1897],[99.5621,11.1911],[99.5614,11.2033],[99.5601,11.204],[99.5606,11.2066],[99.5643,11.2045],[99.5663,11.2062],[99.5631,11.2101],[99.5647,11.2128],[99.5565,11.2156]]]}},{"type":"Feature","properties":{"id":12104356,"name":"\u0e40\u0e02\u0e15\u0e23\u0e31\u0e01\u0e29\u0e32\u0e1e\u0e31\u0e19\u0e18\u0e38\u0e4c\u0e2a\u0e31\u0e15\u0e27\u0e4c\u0e1b\u0e48\u0e32\u0e2d\u0e38\u0e17\u0e22\u0e32\u0e19\u0e40\u0e2a\u0e14\u0e47\u0e08\u0e43\u0e19\u0e01\u0e23\u0e21 \u0e01\u0e23\u0e21\u0e2b\u0e25\u0e27\u0e07\u0e0a\u0e38\u0e21\u0e1e\u0e23 \u0e14\u0e49\u0e32\u0e19\u0e17\u0e34\u0e28\u0e40\u0e2b\u0e19\u0e37\u0e2d","name_en":"North Utthayan Sadet Nai Krom Krommaluang Chumphon Wildlife Sanctuary","boundary":"protected_area","protect_class":"1a"},"geometry":{"type":"Polygon","coordinates":[[[98.9095,10.7335],[98.9111,10.7329],[98.9165,10.7358],[98.9192,10.7449],[98.929,10.7429],[98.9368,10.7435],[98.9393,10.7468],[98.942,10.7452],[98.9445,10.7465],[98.9551,10.7418],[98.9666,10.7411],[98.9702,10.7466],[98.9643,10.7579],[98.976,10.7773],[98.9729,10.7885],[98.9724,10.8021],[98.9834,10.8025],[98.9806,10.8175],[98.997,10.8228],[99.004,10.8386],[99.0161,10.8514],[99.0155,10.8587],[99.0181,10.8642],[99.022,10.8653],[99.0228,10.875],[99.034,10.8848],[99.0432,10.8864],[99.0494,10.8996],[99.0583,10.8925],[99.0694,10.9097],[99.0806,10.9108],[99.0912,10.8916],[99.0759,10.8684],[99.0835,10.8699],[99.0966,10.8931],[99.1147,10.8937],[99.1329,10.9028],[99.1393,10.9031],[99.1504,10.92],[99.1549,10.9203],[99.1574,10.9165],[99.16,10.9171],[99.1723,10.9291],[99.1765,10.9302],[99.1835,10.9399],[99.1913,10.9446],[99.195,10.941],[99.2004,10.9387],[99.2024,10.9414],[99.2013,10.943],[99.2031,10.949],[99.2006,10.9623],[99.2051,10.968],[99.2029,10.9744],[99.2053,10.9768],[99.2076,10.974],[99.2118,10.9763],[99.2088,10.9786],[99.213,10.9829],[99.2101,10.9869],[99.215,10.9829],[99.2239,10.9827],[99.2245,10.991],[99.2307,10.9969],[99.2313,11.0005],[99.2368,11.0079],[99.2366,11.0203],[99.2388,11.0243],[99.2489,11.0308],[99.269,11.0543],[99.2807,11.0558],[99.2907,11.0511],[99.2987,11.0517],[99.3003,11.0534],[99.2979,11.0605],[99.3078,11.0623],[99.3113,11.0674],[99.3114,11.0708],[99.3202,11.0686],[99.3262,11.0714],[99.3298,11.0699],[99.3288,11.0672],[99.3358,11.0662],[99.3399,11.0708],[99.3399,11.0728],[99.3368,11.0747],[99.3369,11.0765],[99.3418,11.0784],[99.3395,11.0842],[99.3428,11.085],[99.3499,11.0984],[99.3492,11.1035],[99.3419,11.1075],[99.3371,11.1136],[99.3372,11.1168],[99.3433,11.1186],[99.3462,11.1216],[99.3444,11.1252],[99.341,11.1276],[99.3404,11.1309],[99.3348,11.1344],[99.3353,11.1375],[99.3453,11.1418],[99.3474,11.1452],[99.3516,11.1468],[99.3543,11.156],[99.3518,11.1575],[99.3421,11.1558],[99.341,11.1585],[99.3449,11.1616],[99.3458,11.1664],[99.3513,11.167],[99.3518,11.1694],[99.3494,11.1738],[99.3438,11.1747],[99.3383,11.1802],[99.3345,11.1811],[99.33,11.1764],[99.3254,11.1759],[99.3181,11.1819],[99.3182,11.1878],[99.324,11.1964],[99.328,11.1992],[99.3285,11.2018],[99.3319,11.2035],[99.3343,11.2015],[99.3373,11.2026],[99.3493,11.2104],[99.3543,11.2193],[99.354,11.2245],[99.3489,11.2283],[99.3422,11.2277],[99.3342,11.2309],[99.3357,11.2445],[99.3392,11.2481],[99.3437,11.2482],[99.3524,11.2535],[99.3519,11.2567],[99.355,11.2575],[99.3581,11.2553],[99.357,11.2501],[99.362,11.2459],[99.3644,11.2461],[99.3701,11.2533],[99.3701,11.2616],[99.3726,11.2628],[99.3751,11.2611],[99.3816,11.2639],[99.3824,11.2677],[99.3779,11.2739],[99.381,11.276],[99.3847,11.272],[99.3874,11.2736],[99.39,11.2784],[99.3955,11.2803],[99.4012,11.2872],[99.4,11.2895],[99.3927,11.2881],[99.3791,11.2813],[99.368,11.2811],[99.3689,11.2844],[99.3673,11.286],[99.3585,11.2865],[99.3551,11.2891],[99.356,11.3043],[99.3446,11.3112],[99.3419,11.3112],[99.3232,11.2987],[99.3259,11.287],[99.3246,11.2822],[99.3115,11.2679],[99.3074,11.2555],[99.2988,11.253],[99.2964,11.2481],[99.2913,11.2482],[99.2831,11.244],[99.2804,11.2369],[99.2757,11.2327],[99.2748,11.2288],[99.2711,11.2266],[99.2704,11.2235],[99.2636,11.2148],[99.2654,11.2084],[99.2644,11.2019],[99.2617,11.194],[99.2582,11.1918],[99.2602,11.1871],[99.253,11.1746],[99.2545,11.1694],[99.2445,11.1554],[99.2407,11.1556],[99.2329,11.1432],[99.2257,11.1421],[99.2245,11.1354],[99.2303,11.1297],[99.2305,11.1203],[99.2284,11.1121],[99.2234,11.1069],[99.2178,11.1061],[99.2167,11.102],[99.2131,11.1008],[99.2124,11.0986],[99.2076,11.0996],[99.2041,11.0986],[99.2014,11.0953],[99.2007,11.0911],[99.193,11.0873],[99.1901,11.0842],[99.1838,11.0845],[99.1794,11.083],[99.1774,11.0772],[99.1779,11.0739],[99.1802,11.0726],[99.1772,11.0633],[99.1802,11.0602],[99.1745,11.0587],[99.1714,11.0553],[99.1701,11.0519],[99.1726,11.0466],[99.172,11.0445],[99.1648,11.0425],[99.1645,11.039],[99.1584,11.0338],[99.1488,11.0337],[99.1468,11.0295],[99.1412,11.0308],[99.1384,11.0296],[99.1362,11.0313],[99.1349,11.0296],[99.1314,11.0309],[99.1291,11.03],[99.1272,11.027],[99.1192,11.0211],[99.115,11.0205],[99.1118,11.0155],[99.1045,11.0139],[99.1,10.9926],[99.0954,10.9869],[99.0956,10.9827],[99.0926,10.9796],[99.0921,10.9751],[99.0938,10.9729],[99.0881,10.9655],[99.0836,10.9636],[99.0835,10.9597],[99.0793,10.955],[99.0633,10.9523],[99.0567,10.9473],[99.054,10.9487],[99.0526,10.9535],[99.0505,10.9546],[99.0492,10.9625],[99.0399,10.9615],[99.0335,10.9642],[99.0303,10.9692],[99.0239,10.9707],[99.0189,10.9653],[99.014,10.9521],[99.0149,10.9487],[99.0128,10.9472],[99.0119,10.9423],[99.0029,10.9351],[99.0039,10.9296],[98.9993,10.9236],[99.0003,10.9138],[98.9977,10.9112],[99.0032,10.9072],[99.0042,10.9043],[99.0029,10.8989],[99.006,10.8922],[99.0034,10.8846],[99.0003,10.8806],[99.0081,10.8784],[99.0088,10.8745],[99.0119,10.8722],[99.0115,10.8567],[99.0019,10.8478],[98.9978,10.8471],[98.9936,10.8433],[98.9902,10.8441],[98.9856,10.8334],[98.9833,10.8318],[98.9802,10.8304],[98.9743,10.8325],[98.9724,10.8313],[98.9709,10.8278],[98.9651,10.8233],[98.966,10.8205],[98.9588,10.812],[98.9535,10.8135],[98.9464,10.8118],[98.9434,10.8144],[98.9365,10.8129],[98.9363,10.8189],[98.9314,10.8202],[98.9291,10.8238],[98.9249,10.8264],[98.9223,10.8253],[98.9215,10.8204],[98.9169,10.8149],[98.9147,10.8145],[98.9129,10.8107],[98.9143,10.8068],[98.9058,10.7923],[98.9058,10.7847],[98.9043,10.7814],[98.9023,10.7792],[98.8981,10.7801],[98.8924,10.7769],[98.8888,10.7725],[98.8894,10.7699],[98.8919,10.7688],[98.892,10.7645],[98.8939,10.7644],[98.8935,10.7578],[98.8976,10.7549],[98.8977,10.7519],[98.9092,10.7533],[98.9106,10.7502],[98.9143,10.7479],[98.9125,10.7427],[98.9098,10.7405],[98.9112,10.7374],[98.9095,10.7335]],[[99.2524,11.1457],[99.255,11.1445],[99.2487,11.13],[99.2464,11.1321],[99.2524,11.1457]]]}},{"type":"Feature","properties":{"id":12104357,"name":"\u0e40\u0e02\u0e15\u0e23\u0e31\u0e01\u0e29\u0e32\u0e1e\u0e31\u0e19\u0e18\u0e38\u0e4c\u0e2a\u0e31\u0e15\u0e27\u0e4c\u0e1b\u0e48\u0e32\u0e2d\u0e38\u0e17\u0e22\u0e32\u0e19\u0e40\u0e2a\u0e14\u0e47\u0e08\u0e43\u0e19\u0e01\u0e23\u0e21 \u0e01\u0e23\u0e21\u0e2b\u0e25\u0e27\u0e07\u0e0a\u0e38\u0e21\u0e1e\u0e23 \u0e14\u0e49\u0e32\u0e19\u0e17\u0e34\u0e28\u0e43\u0e15\u0e49","name_en":"South Utthayan Sadet Nai Krom Krommaluang Chumphon Wildlife Sanctuary","boundary":"protected_area","protect_class":"1a"},"geometry":{"type":"Polygon","coordinates":[[[98.8449,10.7538],[98.8415,10.7518],[98.8407,10.7464],[98.8421,10.746],[98.8449,10.7514],[98.848,10.7534],[98.8526,10.7538],[98.8603,10.7588],[98.8627,10.7584],[98.8629,10.7568],[98.8581,10.7539],[98.8558,10.7453],[98.8636,10.7377],[98.8723,10.7372],[98.8801,10.7291],[98.8804,10.7224],[98.876,10.7198],[98.8721,10.7032],[98.8716,10.6948],[98.8735,10.693],[98.8727,10.6866],[98.8636,10.6878],[98.8607,10.6931],[98.8624,10.695],[98.8668,10.692],[98.868,10.693],[98.8672,10.7083],[98.8752,10.7243],[98.8745,10.7268],[98.8694,10.7326],[98.8639,10.7317],[98.8605,10.7334],[98.858,10.7328],[98.8585,10.7301],[98.8573,10.7302],[98.856,10.7403],[98.8515,10.742],[98.8506,10.7483],[98.8493,10.7491],[98.8434,10.7438],[98.844,10.7416],[98.8486,10.7379],[98.8457,10.737],[98.8426,10.7396],[98.8354,10.7406],[98.8324,10.7397],[98.8338,10.738],[98.8293,10.732],[98.825,10.7309],[98.8248,10.7246],[98.8201,10.7237],[98.8199,10.7209],[98.8256,10.7199],[98.8263,10.7177],[98.8189,10.7156],[98.8205,10.7126],[98.8182,10.7111],[98.8148,10.7146],[98.8112,10.7152],[98.8133,10.712],[98.809,10.7062],[98.8148,10.7043],[98.815,10.7014],[98.8134,10.7004],[98.8079,10.7032],[98.8052,10.7029],[98.8029,10.6972],[98.7989,10.6946],[98.8023,10.6919],[98.8018,10.6904],[98.7996,10.6891],[98.7941,10.6894],[98.7921,10.6864],[98.7926,10.6836],[98.789,10.6805],[98.7867,10.6703],[98.7828,10.6656],[98.784,10.6621],[98.7855,10.6617],[98.7929,10.6724],[98.8073,10.6759],[98.8073,10.6735],[98.8034,10.6706],[98.7979,10.6701],[98.7957,10.667],[98.7959,10.664],[98.7916,10.6598],[98.7897,10.6555],[98.7916,10.6477],[98.7966,10.6478],[98.804,10.6507],[98.8092,10.6464],[98.8156,10.6276],[98.8259,10.6202],[98.8498,10.6238],[98.8545,10.627],[98.8533,10.636],[98.8634,10.6503],[98.8634,10.6547],[98.8692,10.6544],[98.8739,10.6611],[98.8782,10.6603],[98.8792,10.6618],[98.8778,10.665],[98.879,10.6663],[98.8897,10.6596],[98.8883,10.6513],[98.8848,10.6496],[98.8881,10.6394],[98.8855,10.6201],[98.8828,10.614],[98.8835,10.61],[98.8879,10.6115],[98.8929,10.6191],[98.9003,10.6223],[98.9063,10.6345],[98.9091,10.6439],[98.9068,10.6461],[98.9121,10.649],[98.9149,10.6594],[98.9187,10.6562],[98.914,10.6483],[98.9164,10.6432],[98.9118,10.6372],[98.9091,10.6237],[98.9056,10.6213],[98.9054,10.6161],[98.9103,10.6095],[98.9175,10.6103],[98.92,10.6235],[98.9283,10.6287],[98.9322,10.6383],[98.9322,10.6419],[98.935,10.6422],[98.935,10.6331],[98.937,10.6259],[98.9324,10.6223],[98.9339,10.6167],[98.9303,10.6043],[98.926,10.5997],[98.9267,10.5957],[98.9315,10.5958],[98.9305,10.5872],[98.9272,10.5835],[98.93,10.581],[98.9389,10.5832],[98.9456,10.5904],[98.9482,10.5874],[98.9358,10.5764],[98.9321,10.5697],[98.9272,10.5685],[98.9271,10.5609],[98.9312,10.5582],[98.9328,10.553],[98.9422,10.5471],[98.9416,10.5458],[98.9348,10.548],[98.9368,10.5429],[98.9343,10.5421],[98.9357,10.5378],[98.9387,10.5351],[98.9384,10.5331],[98.9224,10.535],[98.9214,10.5325],[98.929,10.5288],[98.929,10.5263],[98.9191,10.526],[98.9074,10.5152],[98.9072,10.5106],[98.9103,10.506],[98.9086,10.4991],[98.912,10.4958],[98.9178,10.5041],[98.9179,10.5073],[98.9241,10.5131],[98.9367,10.5134],[98.9395,10.5163],[98.9448,10.5173],[98.9467,10.527],[98.9523,10.535],[98.9626,10.5396],[98.9634,10.5432],[98.9603,10.5546],[98.9609,10.563],[98.9635,10.5668],[98.9636,10.5711],[98.9672,10.5724],[98.9684,10.5754],[98.9709,10.5763],[98.9775,10.5878],[98.9929,10.5961],[99.0005,10.5957],[99.0129,10.6059],[99.0122,10.6105],[99.0187,10.6159],[99.0184,10.6177],[99.0153,10.6167],[99.0145,10.6194],[99.0179,10.6299],[99.0151,10.6336],[99.015,10.6363],[99.0179,10.6409],[99.0153,10.6439],[99.016,10.6476],[99.0184,10.6496],[99.026,10.648],[99.0268,10.6507],[99.0165,10.6549],[99.0165,10.6569],[99.0189,10.6582],[99.0284,10.6544],[99.0308,10.6555],[99.0287,10.6588],[99.0244,10.6594],[99.0217,10.6635],[99.0254,10.6645],[99.0337,10.6594],[99.0347,10.6675],[99.0404,10.6653],[99.0423,10.6667],[99.0387,10.6709],[99.0474,10.6789],[99.0478,10.682],[99.0467,10.6838],[99.0302,10.6858],[99.0229,10.689],[99.0217,10.6921],[99.0197,10.6895],[99.0185,10.69],[99.014,10.6942],[99.0119,10.6944],[99.0123,10.6906],[99.0108,10.6896],[99.0077,10.6925],[99.0039,10.6913],[99.0018,10.6932],[99.0023,10.6977],[98.9944,10.7052],[98.9793,10.703],[98.9491,10.712],[98.9475,10.714],[98.9468,10.7228],[98.9515,10.741],[98.949,10.7447],[98.9455,10.7463],[98.942,10.7452],[98.9393,10.7468],[98.9368,10.7435],[98.929,10.7429],[98.9187,10.7448],[98.9165,10.7358],[98.9111,10.7329],[98.9095,10.7335],[98.9112,10.7374],[98.9098,10.7405],[98.9125,10.7427],[98.9143,10.7479],[98.9106,10.7502],[98.9092,10.7533],[98.8977,10.7519],[98.8976,10.7549],[98.8935,10.7578],[98.8943,10.7623],[98.8938,10.7645],[98.892,10.7646],[98.8919,10.7688],[98.8894,10.7699],[98.8891,10.7784],[98.8861,10.7774],[98.8855,10.7841],[98.8835,10.7855],[98.8802,10.7847],[98.8796,10.7883],[98.8778,10.7869],[98.8758,10.7877],[98.8751,10.7834],[98.8729,10.7836],[98.8715,10.7817],[98.8702,10.7829],[98.867,10.7753],[98.8653,10.7767],[98.8642,10.7754],[98.8626,10.7789],[98.8583,10.7757],[98.8609,10.7738],[98.8592,10.7742],[98.8558,10.7705],[98.8501,10.7613],[98.8467,10.7601],[98.8449,10.7538]]]}},{"type":"Feature","properties":{"id":12104358,"name":"\u0e40\u0e02\u0e15\u0e23\u0e31\u0e01\u0e29\u0e32\u0e1e\u0e31\u0e19\u0e18\u0e38\u0e4c\u0e2a\u0e31\u0e15\u0e27\u0e4c\u0e1b\u0e48\u0e32\u0e17\u0e38\u0e48\u0e07\u0e23\u0e30\u0e22\u0e30-\u0e19\u0e32\u0e2a\u0e31\u0e01","name_en":"Thung Raya-Na Sak Wildlife Sanctuary","boundary":"protected_area","protect_class":"1a"},"geometry":{"type":"Polygon","coordinates":[[[98.7577,10.2148],[98.7602,10.2091],[98.7643,10.207],[98.7773,10.2116],[98.7832,10.2192],[98.7953,10.2157],[98.7965,10.2109],[98.7999,10.2077],[98.8055,10.208],[98.8143,10.2149],[98.822,10.2138],[98.8243,10.2115],[98.8269,10.2021],[98.8309,10.2009],[98.8389,10.2042],[98.8433,10.2083],[98.8515,10.2017],[98.8572,10.2015],[98.8628,10.199],[98.875,10.2039],[98.8755,10.1945],[98.8709,10.1866],[98.8774,10.1824],[98.8786,10.1777],[98.883,10.176],[98.8864,10.1711],[98.8936,10.1685],[98.8974,10.1692],[98.8979,10.1714],[98.9006,10.1712],[98.8988,10.1735],[98.9021,10.1725],[98.9015,10.175],[98.9079,10.1724],[98.9092,10.174],[98.9068,10.1764],[98.9096,10.1757],[98.9102,10.1769],[98.9084,10.1794],[98.9038,10.1789],[98.9067,10.1818],[98.9036,10.1819],[98.9012,10.1879],[98.9,10.1853],[98.8985,10.1864],[98.8987,10.1889],[98.8945,10.1887],[98.8931,10.1903],[98.8925,10.189],[98.8899,10.1897],[98.8867,10.1867],[98.8825,10.1865],[98.8858,10.1982],[98.8862,10.2035],[98.8835,10.2039],[98.8841,10.2058],[98.8873,10.2051],[98.8915,10.2071],[98.8918,10.2082],[98.8892,10.2085],[98.8891,10.2112],[98.8906,10.2106],[98.8932,10.2141],[98.8924,10.2172],[98.897,10.2177],[98.8965,10.2203],[98.8921,10.2207],[98.8911,10.2241],[98.8961,10.2273],[98.8999,10.2257],[98.9012,10.2292],[98.8982,10.2335],[98.8936,10.233],[98.8933,10.2346],[98.8963,10.2352],[98.8958,10.2372],[98.8985,10.2382],[98.9043,10.2345],[98.9051,10.2359],[98.9013,10.2402],[98.9025,10.241],[98.9064,10.2389],[98.9063,10.2434],[98.903,10.2438],[98.9046,10.2471],[98.9021,10.2483],[98.906,10.2515],[98.9082,10.2474],[98.9102,10.2473],[98.9111,10.251],[98.9078,10.2544],[98.9086,10.2555],[98.913,10.2534],[98.9142,10.2578],[98.9103,10.2608],[98.9133,10.2642],[98.9151,10.2602],[98.917,10.2598],[98.9172,10.2632],[98.9191,10.2628],[98.9195,10.2661],[98.915,10.2667],[98.9155,10.2702],[98.919,10.2688],[98.9198,10.2708],[98.9173,10.2711],[98.9172,10.2733],[98.9215,10.273],[98.9219,10.2766],[98.9183,10.2768],[98.9181,10.2788],[98.9248,10.2795],[98.9257,10.2811],[98.9194,10.2821],[98.9189,10.2845],[98.9158,10.2844],[98.9158,10.2818],[98.9137,10.2826],[98.9131,10.2849],[98.9103,10.2846],[98.9072,10.2897],[98.9114,10.2902],[98.9127,10.2873],[98.9164,10.2875],[98.9157,10.2902],[98.9176,10.2927],[98.9199,10.2925],[98.9212,10.2881],[98.9236,10.2876],[98.9213,10.2944],[98.9222,10.2952],[98.9239,10.294],[98.9263,10.2948],[98.9274,10.288],[98.9289,10.2873],[98.9307,10.29],[98.9289,10.2938],[98.9308,10.2943],[98.9317,10.2974],[98.9342,10.2963],[98.9342,10.2987],[98.9301,10.3002],[98.9272,10.2956],[98.9258,10.2977],[98.9243,10.2964],[98.9222,10.2977],[98.9257,10.3005],[98.9236,10.3031],[98.9269,10.305],[98.9276,10.3093],[98.9328,10.3069],[98.932,10.3104],[98.9293,10.3102],[98.9288,10.3121],[98.9233,10.3151],[98.9287,10.3183],[98.9288,10.321],[98.9306,10.3195],[98.931,10.3212],[98.9339,10.3196],[98.9351,10.3212],[98.9341,10.324],[98.9364,10.3242],[98.9379,10.3264],[98.936,10.3272],[98.9375,10.3305],[98.94,10.3303],[98.9407,10.3324],[98.9397,10.3337],[98.9383,10.3316],[98.9363,10.3326],[98.9393,10.3402],[98.9413,10.3394],[98.9405,10.3373],[98.9428,10.3366],[98.9437,10.3398],[98.9465,10.3396],[98.9476,10.3361],[98.9461,10.3318],[98.9476,10.3314],[98.9494,10.3356],[98.9535,10.3337],[98.9543,10.337],[98.9501,10.3381],[98.9509,10.3409],[98.9491,10.3412],[98.9488,10.3435],[98.9455,10.3441],[98.9463,10.3462],[98.9581,10.3467],[98.9581,10.3438],[98.9592,10.3437],[98.9624,10.3504],[98.9646,10.3506],[98.9662,10.3614],[98.9691,10.364],[98.9695,10.3667],[98.9675,10.3657],[98.966,10.3671],[98.9669,10.37],[98.9648,10.3699],[98.9642,10.3739],[98.9695,10.3862],[98.969,10.3885],[98.9712,10.3914],[98.9732,10.3912],[98.9735,10.3934],[98.9714,10.3938],[98.9721,10.3961],[98.9749,10.3963],[98.9745,10.4042],[98.9766,10.4038],[98.9775,10.4062],[98.9802,10.4065],[98.9806,10.4127],[98.983,10.4157],[98.9892,10.4145],[98.9923,10.4124],[98.9927,10.4077],[98.9963,10.4084],[98.9958,10.4042],[98.9994,10.4044],[98.9978,10.4115],[99.0029,10.4134],[99.0008,10.417],[99.0049,10.4182],[99.0049,10.4167],[99.0072,10.4164],[99.007,10.4187],[99.0112,10.4212],[99.0091,10.4217],[99.0096,10.4246],[99.0076,10.4247],[99.006,10.4271],[99.0049,10.4266],[99.0054,10.4228],[99.0039,10.4246],[99.0026,10.4226],[98.9987,10.4234],[98.9991,10.4213],[98.9961,10.4201],[98.9963,10.4168],[98.9938,10.4162],[98.9934,10.4192],[98.9896,10.4211],[98.9975,10.4252],[98.9945,10.4266],[98.9941,10.4289],[98.9973,10.4298],[98.9983,10.428],[99.0002,10.4284],[98.9997,10.4315],[99.0024,10.4304],[99.0038,10.4314],[99.003,10.4357],[98.9977,10.4346],[98.9975,10.4362],[98.9999,10.4364],[99.0,10.438],[98.9976,10.4389],[98.9987,10.4438],[98.9973,10.4456],[98.9999,10.4519],[98.9989,10.4555],[99.0012,10.4595],[98.9993,10.4607],[98.9943,10.4584],[98.994,10.4629],[98.9921,10.4614],[98.9904,10.4625],[98.9893,10.4674],[98.986,10.4703],[98.9871,10.4723],[98.9944,10.473],[98.9987,10.4775],[99.0009,10.4862],[98.9988,10.4895],[98.9972,10.4893],[98.998,10.4945],[99.0006,10.495],[99.0,10.4976],[98.9959,10.4962],[98.9933,10.4973],[98.9948,10.4926],[98.9934,10.481],[98.9907,10.4867],[98.9878,10.4874],[98.9852,10.4845],[98.9837,10.4855],[98.9829,10.4925],[98.9798,10.4957],[98.978,10.4957],[98.9778,10.4929],[98.975,10.492],[98.9759,10.487],[98.9735,10.4892],[98.969,10.4895],[98.9707,10.4811],[98.97,10.4799],[98.9672,10.4831],[98.9665,10.4823],[98.9684,10.4768],[98.9726,10.4738],[98.9679,10.4737],[98.9675,10.4717],[98.9702,10.4687],[98.9686,10.4644],[98.9698,10.4635],[98.9715,10.4649],[98.9709,10.4624],[98.9734,10.459],[98.9758,10.4609],[98.9755,10.4639],[98.9767,10.4638],[98.9762,10.456],[98.9801,10.4568],[98.9791,10.4537],[98.9747,10.4523],[98.9758,10.4432],[98.9728,10.4427],[98.9714,10.4368],[98.9691,10.4363],[98.9656,10.4281],[98.9667,10.4339],[98.9655,10.4356],[98.9692,10.4418],[98.9691,10.4461],[98.967,10.4453],[98.9661,10.4467],[98.9703,10.4514],[98.9669,10.4512],[98.9674,10.4547],[98.9654,10.4556],[98.9647,10.4501],[98.9606,10.4496],[98.9582,10.4514],[98.9564,10.4502],[98.9587,10.4472],[98.9563,10.4456],[98.9568,10.4438],[98.9598,10.4439],[98.9584,10.4411],[98.9541,10.4411],[98.9538,10.4371],[98.9521,10.4362],[98.9432,10.4389],[98.9424,10.4432],[98.9397,10.4451],[98.94,10.4482],[98.9391,10.4491],[98.9371,10.4473],[98.9359,10.4502],[98.9378,10.4505],[98.9384,10.4525],[98.9399,10.4512],[98.9408,10.455],[98.9424,10.4522],[98.946,10.456],[98.9434,10.4586],[98.9416,10.4577],[98.9386,10.4607],[98.9369,10.4603],[98.9341,10.4643],[98.9345,10.4705],[98.9317,10.471],[98.9313,10.474],[98.9266,10.4728],[98.9295,10.4698],[98.9325,10.461],[98.9318,10.4541],[98.9291,10.4581],[98.9284,10.4631],[98.926,10.46],[98.9231,10.4603],[98.9225,10.4616],[98.9258,10.4635],[98.9263,10.4669],[98.9254,10.4685],[98.9223,10.4669],[98.9206,10.473],[98.9195,10.4727],[98.9195,10.4694],[98.9169,10.467],[98.9147,10.4675],[98.913,10.4632],[98.915,10.4575],[98.9116,10.4595],[98.911,10.4535],[98.9079,10.4514],[98.9036,10.437],[98.9021,10.4375],[98.9027,10.4405],[98.9003,10.4411],[98.9025,10.4423],[98.9028,10.4473],[98.9005,10.4476],[98.9007,10.4489],[98.9044,10.4494],[98.9052,10.4552],[98.9066,10.4547],[98.9067,10.4563],[98.9052,10.459],[98.9086,10.4621],[98.9088,10.4661],[98.9024,10.4661],[98.8993,10.4563],[98.8953,10.4526],[98.8914,10.4545],[98.8909,10.4562],[98.8935,10.4586],[98.8938,10.4597],[98.8908,10.4599],[98.8915,10.4641],[98.8943,10.4654],[98.8935,10.4672],[98.897,10.4674],[98.9023,10.4715],[98.9023,10.4739],[98.8986,10.4757],[98.8975,10.481],[98.9021,10.4819],[98.902,10.487],[98.8988,10.4903],[98.9012,10.4948],[98.8983,10.4972],[98.898,10.5006],[98.8927,10.5017],[98.8908,10.4988],[98.8823,10.4994],[98.8816,10.4973],[98.8743,10.4938],[98.8766,10.4907],[98.8759,10.4888],[98.8649,10.4867],[98.8624,10.4834],[98.8629,10.4816],[98.8686,10.4838],[98.8733,10.4818],[98.8828,10.4851],[98.8858,10.4836],[98.8875,10.4776],[98.8845,10.4722],[98.8875,10.4677],[98.8841,10.4673],[98.8835,10.4571],[98.8774,10.4497],[98.8777,10.447],[98.8827,10.446],[98.883,10.4445],[98.879,10.4379],[98.8808,10.4365],[98.8839,10.4378],[98.8863,10.4347],[98.8885,10.4353],[98.8838,10.4308],[98.8779,10.4284],[98.8776,10.4302],[98.8733,10.4301],[98.8699,10.4346],[98.8662,10.4337],[98.8673,10.4289],[98.87,10.4281],[98.8736,10.424],[98.8812,10.4248],[98.8862,10.4286],[98.8869,10.4269],[98.8836,10.4224],[98.8855,10.42],[98.8824,10.4182],[98.8813,10.423],[98.8776,10.4213],[98.8778,10.4184],[98.8751,10.4171],[98.8689,10.401],[98.8624,10.401],[98.8536,10.4082],[98.8499,10.4075],[98.8503,10.4053],[98.853,10.4043],[98.8617,10.3929],[98.8605,10.3907],[98.8558,10.3899],[98.8538,10.3875],[98.8464,10.3869],[98.8436,10.3773],[98.8441,10.3747],[98.8475,10.3733],[98.845,10.3679],[98.8396,10.3666],[98.8412,10.3646],[98.8449,10.3663],[98.8439,10.3629],[98.8376,10.3622],[98.8376,10.3585],[98.8354,10.3598],[98.8333,10.3666],[98.827,10.3677],[98.8186,10.3611],[98.8178,10.3518],[98.82,10.3518],[98.8236,10.3563],[98.8261,10.3521],[98.8286,10.3516],[98.8322,10.356],[98.834,10.3558],[98.8347,10.3512],[98.8376,10.3493],[98.8368,10.3448],[98.8388,10.3422],[98.8381,10.3392],[98.8312,10.3422],[98.8275,10.3397],[98.8247,10.3435],[98.8176,10.3409],[98.8247,10.3344],[98.8245,10.3329],[98.8194,10.3326],[98.8159,10.331],[98.816,10.3294],[98.8213,10.3294],[98.8215,10.3267],[98.8273,10.3289],[98.8302,10.3329],[98.8303,10.3301],[98.8282,10.325],[98.8158,10.3212],[98.8171,10.3195],[98.8311,10.3211],[98.8268,10.3142],[98.8263,10.3104],[98.8285,10.3102],[98.8321,10.3151],[98.835,10.3131],[98.8364,10.3177],[98.8387,10.3195],[98.8417,10.3162],[98.8433,10.3166],[98.8428,10.3294],[98.8455,10.3265],[98.8477,10.328],[98.8473,10.3312],[98.8484,10.3316],[98.8492,10.3278],[98.8521,10.3271],[98.8513,10.3333],[98.8525,10.3338],[98.8552,10.3294],[98.8551,10.3215],[98.8577,10.3278],[98.8584,10.3264],[98.8603,10.3282],[98.8622,10.3258],[98.8634,10.3277],[98.8612,10.3323],[98.8594,10.3315],[98.8564,10.3331],[98.8577,10.337],[98.8564,10.3408],[98.8584,10.3406],[98.8577,10.3435],[98.8628,10.3367],[98.864,10.3371],[98.8643,10.3431],[98.8658,10.344],[98.867,10.3364],[98.8709,10.3319],[98.8749,10.3338],[98.8732,10.3352],[98.8744,10.3387],[98.8732,10.3423],[98.8782,10.3408],[98.88,10.3428],[98.8814,10.3403],[98.8835,10.3419],[98.8812,10.345],[98.8822,10.3475],[98.8879,10.3429],[98.8922,10.3506],[98.9018,10.3538],[98.9024,10.3528],[98.8976,10.3499],[98.9016,10.3484],[98.9027,10.35],[98.9032,10.3478],[98.9091,10.3451],[98.9109,10.3397],[98.9139,10.341],[98.9164,10.3359],[98.9191,10.3375],[98.92,10.3359],[98.916,10.3328],[98.9176,10.3321],[98.923,10.3354],[98.9248,10.3324],[98.9214,10.3305],[98.9238,10.3294],[98.9228,10.3265],[98.919,10.3289],[98.918,10.3238],[98.9162,10.3269],[98.9141,10.3251],[98.914,10.3185],[98.9121,10.3176],[98.9112,10.3218],[98.9091,10.3218],[98.9082,10.324],[98.9067,10.324],[98.9069,10.3211],[98.9024,10.3215],[98.9024,10.3198],[98.9061,10.3173],[98.9074,10.3191],[98.9085,10.3159],[98.9125,10.3148],[98.9114,10.3131],[98.906,10.3139],[98.9087,10.309],[98.9063,10.3086],[98.9012,10.3151],[98.8997,10.3143],[98.9012,10.3066],[98.9,10.306],[98.8977,10.3079],[98.8982,10.3137],[98.8947,10.3133],[98.8965,10.3175],[98.895,10.3208],[98.8921,10.3212],[98.8927,10.3137],[98.8891,10.3139],[98.8896,10.3109],[98.887,10.3105],[98.8861,10.3157],[98.8847,10.3155],[98.8841,10.3115],[98.8798,10.3121],[98.8716,10.3063],[98.8697,10.2975],[98.8676,10.2963],[98.8651,10.2979],[98.863,10.2971],[98.8622,10.2943],[98.8599,10.2941],[98.8589,10.2955],[98.8556,10.2875],[98.8528,10.2896],[98.8515,10.2883],[98.8549,10.2795],[98.8506,10.2778],[98.8527,10.2741],[98.8469,10.266],[98.8483,10.2651],[98.853,10.2709],[98.8559,10.2715],[98.854,10.2745],[98.8551,10.2753],[98.8586,10.2724],[98.8598,10.2742],[98.8572,10.2763],[98.8592,10.2799],[98.8612,10.2791],[98.8697,10.2843],[98.8711,10.283],[98.8746,10.2842],[98.8761,10.2832],[98.8755,10.2805],[98.8728,10.2804],[98.871,10.2779],[98.8741,10.2766],[98.8811,10.2816],[98.8842,10.281],[98.8839,10.2775],[98.8916,10.2802],[98.8894,10.2721],[98.8859,10.2729],[98.8804,10.2713],[98.8804,10.2693],[98.8846,10.2699],[98.8859,10.2683],[98.8825,10.2599],[98.8798,10.2576],[98.8836,10.2568],[98.8833,10.2547],[98.88,10.252],[98.8772,10.2543],[98.8728,10.255],[98.873,10.2518],[98.8753,10.2512],[98.8766,10.2474],[98.8715,10.2461],[98.8671,10.2558],[98.8651,10.2539],[98.8696,10.2439],[98.8662,10.2418],[98.8697,10.2391],[98.8793,10.2397],[98.8782,10.2369],[98.8725,10.2347],[98.8691,10.2286],[98.8634,10.2291],[98.8621,10.2267],[98.8604,10.2273],[98.8601,10.2251],[98.8571,10.2268],[98.8541,10.2244],[98.8564,10.2228],[98.8559,10.2211],[98.8517,10.2225],[98.8496,10.2189],[98.8468,10.2238],[98.8496,10.2279],[98.8451,10.2276],[98.8387,10.2184],[98.8369,10.218],[98.8356,10.2202],[98.834,10.2168],[98.8287,10.2224],[98.8301,10.2224],[98.8305,10.2294],[98.8341,10.2286],[98.8346,10.2328],[98.8378,10.2343],[98.8384,10.2365],[98.8329,10.2403],[98.8326,10.2385],[98.8349,10.236],[98.8323,10.233],[98.8308,10.2333],[98.8298,10.236],[98.8285,10.2331],[98.8242,10.2347],[98.8209,10.233],[98.8212,10.231],[98.826,10.2307],[98.8225,10.2272],[98.8135,10.2267],[98.8108,10.2235],[98.8098,10.2186],[98.8074,10.2196],[98.8073,10.2179],[98.8037,10.218],[98.8019,10.2191],[98.8041,10.2235],[98.8021,10.2261],[98.8,10.2257],[98.7922,10.2311],[98.7926,10.2326],[98.7981,10.2317],[98.7979,10.2335],[98.7928,10.2376],[98.7958,10.238],[98.7969,10.2399],[98.804,10.2322],[98.8042,10.2372],[98.8061,10.2369],[98.8061,10.2388],[98.7998,10.2424],[98.8003,10.2435],[98.8051,10.2416],[98.8069,10.2469],[98.8037,10.2499],[98.805,10.2519],[98.8084,10.2496],[98.808,10.2535],[98.8114,10.251],[98.8105,10.2477],[98.8137,10.2474],[98.8161,10.2438],[98.8173,10.2445],[98.815,10.2517],[98.8121,10.2542],[98.8139,10.257],[98.8111,10.2583],[98.8144,10.2602],[98.8137,10.2624],[98.8102,10.2638],[98.8122,10.2659],[98.8056,10.2692],[98.8053,10.2713],[98.8125,10.2708],[98.8122,10.2724],[98.8034,10.2759],[98.8004,10.2816],[98.7964,10.2801],[98.7964,10.2779],[98.7943,10.2765],[98.7916,10.2774],[98.7893,10.2751],[98.7897,10.2731],[98.7952,10.2724],[98.7943,10.2665],[98.7973,10.2612],[98.7931,10.2595],[98.7919,10.2636],[98.788,10.2641],[98.7892,10.2561],[98.7871,10.2552],[98.7837,10.2589],[98.774,10.2576],[98.7734,10.2628],[98.7711,10.2643],[98.7703,10.2594],[98.7675,10.2577],[98.7685,10.2539],[98.7707,10.2534],[98.7718,10.2506],[98.7779,10.2488],[98.7812,10.2501],[98.7809,10.2469],[98.7835,10.2467],[98.7841,10.245],[98.7803,10.2446],[98.7804,10.2404],[98.7877,10.2369],[98.7871,10.2304],[98.7786,10.2248],[98.7782,10.2224],[98.7768,10.2224],[98.7753,10.2262],[98.773,10.224],[98.7725,10.2197],[98.7673,10.2202],[98.7665,10.224],[98.762,10.2204],[98.7591,10.2211],[98.7577,10.2148]]]}},{"type":"Feature","properties":{"id":12104359,"name":"\u0e40\u0e02\u0e15\u0e23\u0e31\u0e01\u0e29\u0e32\u0e1e\u0e31\u0e19\u0e18\u0e38\u0e4c\u0e2a\u0e31\u0e15\u0e27\u0e4c\u0e1b\u0e48\u0e32\u0e04\u0e27\u0e19\u0e41\u0e21\u0e48\u0e22\u0e32\u0e22\u0e2b\u0e21\u0e48\u0e2d\u0e19","name_en":"Khuan Mae Yai Mon Wildlife Sanctuary","boundary":"protected_area","protect_class":"1a"},"geometry":{"type":"Polygon","coordinates":[[[98.7345,9.5329],[98.7373,9.5379],[98.7364,9.5423],[98.7383,9.5454],[98.7364,9.5495],[98.7401,9.5548],[98.7444,9.555],[98.7519,9.551],[98.7527,9.5524],[98.7488,9.5563],[98.7474,9.5619],[98.7399,9.5588],[98.7356,9.5598],[98.7358,9.5627],[98.7307,9.564],[98.7274,9.5619],[98.725,9.5641],[98.7266,9.5681],[98.724,9.5688],[98.7246,9.5708],[98.7231,9.5712],[98.7164,9.5659],[98.7139,9.5657],[98.7125,9.568],[98.7154,9.5741],[98.7207,9.5776],[98.7201,9.582],[98.7257,9.5875],[98.7266,9.593],[98.7254,9.5991],[98.7286,9.604],[98.7283,9.6079],[98.7235,9.6087],[98.7238,9.6107],[98.7262,9.6108],[98.726,9.6123],[98.7222,9.6118],[98.7219,9.6134],[98.724,9.6142],[98.723,9.6176],[98.7248,9.6188],[98.7225,9.6205],[98.7224,9.6241],[98.7187,9.6259],[98.7175,9.6239],[98.7137,9.6234],[98.7111,9.6276],[98.707,9.6292],[98.7055,9.6249],[98.7025,9.6276],[98.7013,9.6242],[98.7058,9.6221],[98.7021,9.6208],[98.7041,9.6159],[98.7004,9.6139],[98.6981,9.6166],[98.6966,9.6133],[98.6946,9.6148],[98.6925,9.6133],[98.6894,9.6145],[98.6884,9.6125],[98.6959,9.6039],[98.6952,9.6027],[98.6908,9.6041],[98.6904,9.6026],[98.6946,9.5996],[98.6916,9.5979],[98.6914,9.5945],[98.6898,9.5964],[98.6893,9.5939],[98.6876,9.5937],[98.6869,9.5985],[98.6845,9.5979],[98.6801,9.5907],[98.6782,9.5905],[98.6765,9.5963],[98.6746,9.5944],[98.6716,9.5965],[98.6709,9.5955],[98.6739,9.5904],[98.6703,9.5922],[98.6693,9.5911],[98.6724,9.5858],[98.6714,9.5837],[98.6686,9.5842],[98.6684,9.5808],[98.6616,9.5799],[98.6602,9.5814],[98.6584,9.5782],[98.6566,9.5781],[98.645,9.5867],[98.6448,9.5903],[98.6418,9.5929],[98.6395,9.5908],[98.6349,9.5948],[98.6347,9.5985],[98.6373,9.5984],[98.6379,9.6003],[98.6418,9.6024],[98.6432,9.5996],[98.6458,9.6007],[98.6453,9.603],[98.6484,9.6063],[98.6548,9.6033],[98.6555,9.6046],[98.6521,9.61],[98.6558,9.6147],[98.659,9.6146],[98.6598,9.6168],[98.6631,9.6175],[98.6583,9.6192],[98.6607,9.6277],[98.6652,9.6276],[98.6653,9.6299],[98.6631,9.6304],[98.6645,9.6345],[98.6669,9.6349],[98.6665,9.6398],[98.6643,9.643],[98.6598,9.6371],[98.6596,9.6339],[98.6534,9.6276],[98.6526,9.6285],[98.6571,9.6404],[98.6516,9.6378],[98.6489,9.6313],[98.6438,9.6305],[98.6408,9.6278],[98.6388,9.6288],[98.643,9.6349],[98.6417,9.6368],[98.6421,9.6409],[98.6382,9.6387],[98.6355,9.6396],[98.6353,9.6348],[98.6336,9.6343],[98.6321,9.6391],[98.629,9.6382],[98.6296,9.6346],[98.6272,9.6316],[98.6285,9.6293],[98.6278,9.6255],[98.6258,9.6253],[98.6252,9.6291],[98.6229,9.6283],[98.6213,9.6255],[98.62,9.6266],[98.62,9.6314],[98.6259,9.636],[98.6222,9.64],[98.6239,9.6417],[98.6259,9.6403],[98.63,9.6437],[98.6282,9.6466],[98.6253,9.6459],[98.6221,9.653],[98.6316,9.6504],[98.6324,9.6517],[98.628,9.6545],[98.6294,9.6564],[98.6346,9.6546],[98.6395,9.657],[98.6392,9.6584],[98.6347,9.6581],[98.6322,9.6606],[98.6284,9.6589],[98.6245,9.6599],[98.6238,9.6622],[98.6215,9.6619],[98.6179,9.6559],[98.6143,9.6558],[98.6108,9.6508],[98.6042,9.6508],[98.6028,9.6492],[98.6045,9.6471],[98.6034,9.6458],[98.6006,9.6459],[98.5965,9.639],[98.5924,9.6375],[98.5972,9.6349],[98.597,9.6336],[98.5942,9.6334],[98.5938,9.6285],[98.5961,9.6276],[98.5955,9.6262],[98.5905,9.6262],[98.5885,9.6243],[98.5912,9.6216],[98.5874,9.6128],[98.5907,9.6103],[98.5894,9.6055],[98.585,9.6043],[98.5837,9.6006],[98.5749,9.5949],[98.5723,9.5952],[98.5672,9.5904],[98.5598,9.589],[98.5544,9.5913],[98.5541,9.5984],[98.5669,9.6374],[98.5739,9.6364],[98.5753,9.6418],[98.5699,9.6475],[98.5704,9.6539],[98.5824,9.67],[98.5872,9.6882],[98.5944,9.6938],[98.5925,9.7009],[98.5946,9.7071],[98.5971,9.7082],[98.5991,9.7069],[98.6039,9.7087],[98.6071,9.7075],[98.6078,9.7107],[98.6055,9.7135],[98.6153,9.7265],[98.6118,9.7309],[98.6066,9.7336],[98.6068,9.7387],[98.611,9.7413],[98.6271,9.7426],[98.6299,9.7446],[98.6361,9.7444],[98.6499,9.748],[98.6545,9.745],[98.6547,9.742],[98.6512,9.7349],[98.6539,9.7311],[98.6538,9.7286],[98.6494,9.7259],[98.6498,9.7242],[98.652,9.7238],[98.6646,9.7294],[98.6698,9.7277],[98.6753,9.7318],[98.6752,9.7331],[98.6673,9.7334],[98.6654,9.7356],[98.6625,9.7363],[98.6587,9.7347],[98.6571,9.7361],[98.6606,9.7443],[98.6565,9.7513],[98.6571,9.7549],[98.6614,9.7569],[98.6628,9.7599],[98.6649,9.7601],[98.6659,9.7578],[98.6784,9.7576],[98.6783,9.7557],[98.67,9.7498],[98.6674,9.7426],[98.6682,9.7401],[98.6699,9.7399],[98.6754,9.7453],[98.6795,9.7432],[98.6813,9.7457],[98.6795,9.7483],[98.6806,9.7493],[98.6893,9.7446],[98.6889,9.7383],[98.691,9.7366],[98.6976,9.7468],[98.7022,9.7462],[98.7026,9.7433],[98.7006,9.7394],[98.7015,9.7355],[98.7058,9.7351],[98.7074,9.732],[98.7018,9.7183],[98.6956,9.715],[98.6927,9.7184],[98.6935,9.7256],[98.6916,9.7261],[98.6812,9.7147],[98.6805,9.7117],[98.673,9.7025],[98.6699,9.7018],[98.666,9.6975],[98.6638,9.6908],[98.6651,9.6894],[98.6684,9.691],[98.6698,9.6899],[98.6698,9.6864],[98.6653,9.6832],[98.666,9.6808],[98.6715,9.6815],[98.6742,9.686],[98.6768,9.6867],[98.6834,9.6985],[98.6839,9.7029],[98.6931,9.7115],[98.6963,9.7115],[98.6994,9.7016],[98.6988,9.6829],[98.7021,9.6797],[98.7025,9.6882],[98.7074,9.6929],[98.7063,9.7036],[98.7082,9.7198],[98.7104,9.7201],[98.7219,9.7115],[98.72,9.6965],[98.7231,9.6941],[98.7261,9.6959],[98.7284,9.6948],[98.7274,9.6915],[98.7325,9.6888],[98.7383,9.6826],[98.7434,9.6822],[98.7438,9.6725],[98.7395,9.6666],[98.7443,9.6496],[98.7499,9.6477],[98.7511,9.6507],[98.7503,9.672],[98.7532,9.6803],[98.757,9.6838],[98.7565,9.6866],[98.7503,9.6869],[98.748,9.6893],[98.7477,9.6938],[98.7451,9.6942],[98.7413,9.691],[98.7386,9.6925],[98.7337,9.7003],[98.7333,9.7126],[98.7285,9.7201],[98.7217,9.7208],[98.7202,9.719],[98.7171,9.7201],[98.7164,9.724],[98.7136,9.7274],[98.716,9.7304],[98.7195,9.7272],[98.7237,9.7327],[98.7275,9.7346],[98.7249,9.7424],[98.7314,9.748],[98.7377,9.7501],[98.742,9.7459],[98.7467,9.7475],[98.7494,9.7447],[98.7425,9.7352],[98.7391,9.7236],[98.7418,9.7217],[98.7543,9.7339],[98.7602,9.7519],[98.7636,9.7528],[98.7728,9.748],[98.777,9.7484],[98.7788,9.7439],[98.7835,9.7415],[98.7842,9.7337],[98.7879,9.734],[98.7879,9.7257],[98.7838,9.7212],[98.7814,9.7092],[98.7738,9.6998],[98.7749,9.698],[98.7879,9.7059],[98.7914,9.7168],[98.7948,9.7213],[98.7972,9.7218],[98.8006,9.7283],[98.8059,9.7296],[98.8053,9.7316],[98.7947,9.7314],[98.792,9.7383],[98.7922,9.7473],[98.8043,9.7519],[98.8122,9.7507],[98.8188,9.7531],[98.8346,9.7522],[98.8398,9.7551],[98.8486,9.7673],[98.8484,9.7718],[98.8556,9.773],[98.8639,9.7779],[98.8612,9.7789],[98.8606,9.7817],[98.8506,9.7875],[98.8446,9.7854],[98.84,9.7874],[98.8181,9.7755],[98.8155,9.7703],[98.8079,9.77],[98.7855,9.7612],[98.7707,9.7627],[98.7717,9.7759],[98.7783,9.7663],[98.7831,9.7658],[98.7825,9.781],[98.8002,9.7788],[98.8079,9.7832],[98.8119,9.783],[98.8231,9.7908],[98.8167,9.8013],[98.8019,9.8067],[98.8018,9.8133],[98.7987,9.8168],[98.8076,9.8295],[98.8213,9.8231],[98.8225,9.8183],[98.8203,9.8153],[98.8217,9.8117],[98.8201,9.8058],[98.8222,9.8045],[98.8318,9.8189],[98.8347,9.828],[98.8449,9.8337],[98.8464,9.8302],[98.8479,9.8303],[98.85,9.8351],[98.8561,9.8394],[98.8608,9.8535],[98.8603,9.8572],[98.8629,9.8584],[98.8639,9.8622],[98.8687,9.8627],[98.8745,9.8671],[98.8763,9.8663],[98.8791,9.8583],[98.8828,9.8555],[98.883,9.8487],[98.8855,9.8464],[98.8816,9.8268],[98.8859,9.8192],[98.8897,9.8195],[98.8957,9.838],[98.8855,9.8613],[98.8867,9.8627],[98.899,9.8574],[98.9001,9.8532],[98.903,9.8526],[98.9035,9.8583],[98.9068,9.8596],[98.9091,9.8567],[98.9045,9.8491],[98.9075,9.8447],[98.9126,9.8435],[98.9343,9.8161],[98.9362,9.8046],[98.9283,9.7974],[98.9159,9.7948],[98.9156,9.7901],[98.9223,9.7864],[98.9192,9.775],[98.9233,9.7603],[98.9331,9.7564],[98.9321,9.7461],[98.9281,9.7437],[98.9283,9.7348],[98.9322,9.7275],[98.9321,9.7222],[98.9282,9.7211],[98.9211,9.7241],[98.9034,9.7349],[98.8983,9.7326],[98.895,9.7349],[98.8922,9.7345],[98.8868,9.7293],[98.8852,9.7256],[98.8847,9.7273],[98.8821,9.7263],[98.8813,9.7287],[98.8782,9.7306],[98.8725,9.7312],[98.8629,9.7269],[98.8622,9.7197],[98.858,9.7129],[98.8444,9.7033],[98.8408,9.7036],[98.8389,9.7059],[98.8341,9.7013],[98.8333,9.7049],[98.8305,9.7063],[98.8251,9.7036],[98.8191,9.7043],[98.816,9.7009],[98.8146,9.696],[98.805,9.6883],[98.7955,9.6871],[98.7921,9.6842],[98.788,9.6859],[98.79,9.6919],[98.7881,9.6936],[98.779,9.691],[98.7778,9.6879],[98.7686,9.6865],[98.7671,9.6797],[98.7679,9.6748],[98.7665,9.6725],[98.7687,9.668],[98.7672,9.6609],[98.768,9.651],[98.7656,9.6493],[98.7642,9.6419],[98.7685,9.6384],[98.7684,9.6334],[98.7664,9.631],[98.7676,9.6271],[98.7627,9.6247],[98.7556,9.6146],[98.7504,9.6115],[98.7473,9.6026],[98.7434,9.6032],[98.7386,9.5997],[98.7401,9.5962],[98.7388,9.5933],[98.7406,9.5911],[98.7375,9.5858],[98.7394,9.5821],[98.7461,9.5772],[98.7512,9.5753],[98.7566,9.5764],[98.7586,9.5746],[98.7604,9.5689],[98.7578,9.5647],[98.7576,9.5604],[98.7685,9.5448],[98.7636,9.5367],[98.7549,9.5379],[98.7478,9.5354],[98.7449,9.5299],[98.7402,9.5255],[98.7363,9.5251],[98.7345,9.5329]]]}},{"type":"Feature","properties":{"id":12113341,"name":"\u0e27\u0e19\u0e2d\u0e38\u0e17\u0e22\u0e32\u0e19\u0e0a\u0e30\u0e2d\u0e33","name_en":"Cha-am Forest Park","boundary":"protected_area","protect_class":"3"},"geometry":{"type":"Polygon","coordinates":[[[99.9829,12.7978],[99.9797,12.7995],[99.9803,12.8116],[99.9831,12.8141],[99.9854,12.8126],[99.9875,12.8155],[99.9881,12.811],[99.9829,12.7978]]]}},{"type":"Feature","properties":{"id":12113342,"name":"\u0e40\u0e02\u0e15\u0e2b\u0e49\u0e32\u0e21\u0e25\u0e48\u0e32\u0e2a\u0e31\u0e15\u0e27\u0e4c\u0e1b\u0e48\u0e32\u0e40\u0e02\u0e32\u0e01\u0e23\u0e30\u0e1b\u0e38\u0e01-\u0e40\u0e02\u0e32\u0e40\u0e15\u0e32\u0e2b\u0e21\u0e49\u0e2d","name_en":"Khao Krapuk-Khao Tao Mo Non-Hunting Area","boundary":"protected_area","protect_class":"4"},"geometry":{"type":"Polygon","coordinates":[[[99.7372,12.7941],[99.7359,12.7937],[99.7326,12.7994],[99.7338,12.8006],[99.739,12.7992],[99.7372,12.7941]]]}},{"type":"Feature","properties":{"id":12113343,"name":"\u0e2d\u0e38\u0e17\u0e22\u0e32\u0e19\u0e41\u0e2b\u0e48\u0e07\u0e0a\u0e32\u0e15\u0e34\u0e40\u0e09\u0e25\u0e34\u0e21\u0e1e\u0e23\u0e30\u0e40\u0e01\u0e35\u0e22\u0e23\u0e15\u0e34\u0e44\u0e17\u0e22\u0e1b\u0e23\u0e30\u0e08\u0e31\u0e19","name_en":"Chaloem Phra Kiat Thai Prachan National Park","boundary":"national_park","protect_class":"2"},"geometry":{"type":"Polygon","coordinates":[[[99.5487,13.2049],[99.5514,13.2077],[99.5569,13.204],[99.5602,13.2056],[99.5641,13.2051],[99.5716,13.2018],[99.5743,13.1985],[99.5786,13.1977],[99.5856,13.2003],[99.5943,13.1985],[99.5974,13.2033],[99.6026,13.2057],[99.6131,13.2034],[99.6176,13.2054],[99.6222,13.2039],[99.6271,13.2057],[99.6367,13.2017],[99.6381,13.2101],[99.6487,13.2131],[99.6421,13.2149],[99.6372,13.213],[99.6364,13.2099],[99.6333,13.207],[99.629,13.2066],[99.6295,13.21],[99.6217,13.2076],[99.6222,13.2095],[99.6201,13.2084],[99.6216,13.2105],[99.6179,13.2122],[99.6142,13.2102],[99.6134,13.2068],[99.6106,13.2093],[99.6079,13.2075],[99.6069,13.21],[99.6104,13.2112],[99.6101,13.2136],[99.6037,13.2151],[99.6005,13.2114],[99.6004,13.2085],[99.5915,13.2064],[99.5895,13.2017],[99.5771,13.1993],[99.5774,13.2008],[99.5754,13.2014],[99.5809,13.2188],[99.5761,13.219],[99.5737,13.2168],[99.5658,13.2239],[99.5704,13.2364],[99.5724,13.2344],[99.5826,13.233],[99.5839,13.2384],[99.5899,13.2416],[99.5905,13.2461],[99.5971,13.2503],[99.5971,13.2518],[99.5954,13.2522],[99.5956,13.2536],[99.5927,13.2535],[99.5922,13.2614],[99.5863,13.2615],[99.582,13.2723],[99.5764,13.2713],[99.5744,13.273],[99.5744,13.2746],[99.5761,13.2743],[99.5771,13.2797],[99.5734,13.28],[99.5727,13.2775],[99.5693,13.2763],[99.5686,13.2732],[99.5675,13.2734],[99.5684,13.2761],[99.5643,13.2767],[99.5633,13.2707],[99.5616,13.2681],[99.5601,13.2688],[99.5561,13.263],[99.554,13.2658],[99.556,13.2715],[99.5542,13.2733],[99.5545,13.2757],[99.5525,13.2767],[99.5546,13.2824],[99.552,13.2826],[99.5497,13.2917],[99.5381,13.2911],[99.5382,13.3027],[99.5337,13.3051],[99.5341,13.3135],[99.5277,13.32],[99.5342,13.3282],[99.5329,13.3337],[99.5344,13.3372],[99.5461,13.3325],[99.5523,13.3343],[99.5538,13.338],[99.5528,13.343],[99.5552,13.337],[99.5606,13.3343],[99.5627,13.3371],[99.5618,13.3413],[99.567,13.34],[99.5691,13.3429],[99.5663,13.3475],[99.567,13.3496],[99.57,13.349],[99.5708,13.3535],[99.5792,13.3561],[99.5827,13.3607],[99.5948,13.3637],[99.5966,13.3667],[99.5989,13.3655],[99.6003,13.3691],[99.6071,13.3733],[99.6137,13.3728],[99.6095,13.378],[99.6101,13.3884],[99.608,13.3895],[99.6092,13.3906],[99.6084,13.392],[99.6038,13.3921],[99.6006,13.3951],[99.6017,13.3963],[99.6046,13.3932],[99.6101,13.3939],[99.6127,13.3895],[99.6148,13.3889],[99.6154,13.3935],[99.61,13.3979],[99.6166,13.3966],[99.6166,13.3996],[99.6184,13.3997],[99.6189,13.3936],[99.6214,13.3933],[99.6243,13.3977],[99.6263,13.3973],[99.6277,13.4009],[99.6293,13.3992],[99.6353,13.4036],[99.639,13.4008],[99.6384,13.4097],[99.6331,13.4072],[99.6311,13.4126],[99.6287,13.4132],[99.6265,13.4126],[99.6256,13.41],[99.6231,13.4153],[99.6196,13.4168],[99.6139,13.4158],[99.6078,13.4123],[99.6097,13.416],[99.6074,13.4161],[99.6072,13.4181],[99.6066,13.4162],[99.6035,13.4179],[99.5998,13.416],[99.5988,13.4171],[99.5987,13.4213],[99.6016,13.4212],[99.6021,13.4253],[99.6047,13.4293],[99.6043,13.4303],[99.6001,13.4271],[99.5959,13.4261],[99.5946,13.4284],[99.5952,13.4313],[99.5969,13.4316],[99.5949,13.4337],[99.6003,13.4351],[99.603,13.4423],[99.6024,13.4443],[99.5957,13.4393],[99.5951,13.4417],[99.5981,13.4449],[99.5978,13.4482],[99.6017,13.4516],[99.597,13.4621],[99.5926,13.4578],[99.5932,13.4562],[99.5913,13.4585],[99.589,13.4576],[99.5908,13.4517],[99.5887,13.4529],[99.5862,13.4505],[99.5827,13.4514],[99.5802,13.4461],[99.5816,13.4448],[99.5757,13.4429],[99.578,13.4401],[99.5761,13.4403],[99.5751,13.4376],[99.5703,13.4377],[99.5709,13.4336],[99.573,13.4327],[99.5707,13.4253],[99.5718,13.4218],[99.5699,13.4157],[99.567,13.4147],[99.5668,13.4115],[99.5684,13.41],[99.5704,13.4137],[99.5726,13.4112],[99.5703,13.4085],[99.5714,13.4054],[99.5699,13.4052],[99.568,13.4086],[99.5662,13.4082],[99.5654,13.4007],[99.5638,13.4003],[99.5642,13.4036],[99.5616,13.4063],[99.5604,13.4052],[99.5596,13.4079],[99.5615,13.4102],[99.5611,13.4126],[99.5591,13.4164],[99.5566,13.4177],[99.5515,13.4143],[99.5503,13.4155],[99.5479,13.4149],[99.5473,13.4174],[99.5406,13.4168],[99.5393,13.4146],[99.5357,13.4186],[99.5286,13.4169],[99.5268,13.4184],[99.5197,13.4147],[99.5174,13.4099],[99.5143,13.4109],[99.5133,13.4079],[99.5042,13.4134],[99.5032,13.4102],[99.5016,13.4103],[99.4998,13.4139],[99.4982,13.4131],[99.4956,13.415],[99.4937,13.4138],[99.4916,13.4155],[99.4894,13.4143],[99.4836,13.4172],[99.4824,13.4164],[99.4797,13.4249],[99.4817,13.4256],[99.4808,13.4377],[99.4764,13.44],[99.473,13.4395],[99.4729,13.4434],[99.4753,13.4438],[99.4734,13.4474],[99.4709,13.4466],[99.4707,13.4447],[99.4672,13.4444],[99.4643,13.438],[99.4684,13.4335],[99.468,13.4271],[99.472,13.4265],[99.4714,13.4244],[99.4688,13.4234],[99.4708,13.4192],[99.4698,13.4158],[99.4761,13.4136],[99.4768,13.4094],[99.4794,13.4079],[99.4764,13.403],[99.4773,13.4021],[99.4783,13.4044],[99.4857,13.406],[99.494,13.4106],[99.4886,13.4035],[99.4918,13.3997],[99.4874,13.4016],[99.4865,13.3969],[99.4896,13.3897],[99.493,13.3949],[99.4958,13.3924],[99.4969,13.3938],[99.495,13.3961],[99.496,13.3966],[99.5007,13.3955],[99.5047,13.3984],[99.5123,13.3982],[99.5083,13.3966],[99.5079,13.3934],[99.5126,13.3895],[99.5127,13.3791],[99.5218,13.3776],[99.5221,13.3747],[99.5175,13.3761],[99.5165,13.3747],[99.5184,13.3676],[99.5135,13.3744],[99.5108,13.3671],[99.5139,13.3622],[99.5124,13.359],[99.5135,13.3568],[99.5179,13.3579],[99.518,13.3551],[99.5244,13.3501],[99.5165,13.3398],[99.5144,13.3408],[99.5147,13.3393],[99.5105,13.3376],[99.508,13.3323],[99.5115,13.3247],[99.5097,13.3243],[99.515,13.3207],[99.5116,13.3196],[99.5082,13.324],[99.5077,13.3218],[99.5047,13.3235],[99.5021,13.3224],[99.5037,13.3207],[99.4987,13.3188],[99.5013,13.3169],[99.5006,13.3096],[99.4982,13.3083],[99.4956,13.3035],[99.4894,13.3108],[99.4875,13.3053],[99.485,13.3032],[99.4826,13.307],[99.4846,13.3093],[99.4838,13.3111],[99.4775,13.3128],[99.4737,13.3105],[99.4692,13.314],[99.4691,13.3105],[99.4722,13.3067],[99.4696,13.3049],[99.4588,13.3062],[99.4583,13.3048],[99.4567,13.3053],[99.4572,13.3038],[99.453,13.3034],[99.4517,13.3013],[99.4481,13.3002],[99.4503,13.2977],[99.4456,13.294],[99.4414,13.2994],[99.4391,13.2968],[99.4358,13.2979],[99.4343,13.2966],[99.432,13.2907],[99.4256,13.2877],[99.4193,13.2879],[99.4203,13.2852],[99.4185,13.2846],[99.4198,13.2831],[99.4247,13.286],[99.4267,13.2839],[99.4225,13.2822],[99.4222,13.2805],[99.4299,13.2758],[99.4284,13.2741],[99.4332,13.2745],[99.4334,13.2718],[99.4359,13.2721],[99.4382,13.2749],[99.4405,13.2746],[99.4362,13.2675],[99.4416,13.2682],[99.4401,13.2656],[99.4406,13.2623],[99.4378,13.2623],[99.4362,13.2582],[99.4322,13.2572],[99.4281,13.2597],[99.4279,13.2569],[99.4255,13.256],[99.4264,13.2523],[99.4318,13.2485],[99.4305,13.2468],[99.4286,13.2462],[99.4201,13.2515],[99.4203,13.2558],[99.417,13.2585],[99.4162,13.2614],[99.4099,13.2625],[99.4058,13.2666],[99.3995,13.2625],[99.3935,13.2631],[99.3934,13.2545],[99.3846,13.2545],[99.3845,13.2597],[99.377,13.26],[99.3767,13.2544],[99.3569,13.2544],[99.3569,13.2488],[99.3846,13.2486],[99.387,13.2451],[99.3915,13.2452],[99.3937,13.2435],[99.394,13.2325],[99.4032,13.2409],[99.4062,13.242],[99.4075,13.2355],[99.4025,13.2219],[99.4024,13.213],[99.4071,13.2129],[99.4145,13.199],[99.4202,13.1974],[99.4281,13.1984],[99.4323,13.1952],[99.4333,13.1915],[99.438,13.1858],[99.4425,13.1835],[99.4592,13.1864],[99.4639,13.184],[99.4692,13.1928],[99.4787,13.2005],[99.4814,13.199],[99.4864,13.1913],[99.4904,13.1919],[99.4945,13.187],[99.5002,13.1849],[99.5009,13.1806],[99.5067,13.1804],[99.5087,13.1831],[99.51,13.1908],[99.5149,13.1942],[99.5139,13.1992],[99.5149,13.2019],[99.5217,13.2098],[99.5293,13.2071],[99.5315,13.2093],[99.5345,13.2071],[99.5377,13.2075],[99.5407,13.2032],[99.5462,13.2026],[99.5487,13.2049]]]}},{"type":"Feature","properties":{"id":12113344,"name":"\u0e40\u0e02\u0e15\u0e23\u0e31\u0e01\u0e29\u0e32\u0e1e\u0e31\u0e19\u0e18\u0e38\u0e4c\u0e2a\u0e31\u0e15\u0e27\u0e4c\u0e1b\u0e48\u0e32\u0e41\u0e21\u0e48\u0e19\u0e49\u0e33\u0e20\u0e32\u0e0a\u0e35","name_en":"Maenam Phachi Wildlife Sanctuary","boundary":"protected_area","protect_class":"1a"},"geometry":{"type":"Polygon","coordinates":[[[99.2035,13.369],[99.2047,13.371],[99.2115,13.3726],[99.219,13.3723],[99.2229,13.3696],[99.2309,13.3685],[99.2433,13.3598],[99.2498,13.3595],[99.253,13.3571],[99.2574,13.3644],[99.259,13.3624],[99.261,13.3639],[99.2647,13.3615],[99.2682,13.3647],[99.2675,13.3671],[99.2713,13.3694],[99.2725,13.3728],[99.2758,13.3732],[99.2798,13.3661],[99.2826,13.3667],[99.2837,13.3618],[99.2879,13.3621],[99.2889,13.3599],[99.2937,13.3577],[99.2962,13.3596],[99.292,13.3641],[99.2945,13.3653],[99.2943,13.3672],[99.2901,13.3682],[99.2902,13.371],[99.2846,13.37],[99.278,13.3757],[99.2764,13.3823],[99.2737,13.3848],[99.2701,13.3849],[99.2732,13.3905],[99.2696,13.3944],[99.2707,13.3953],[99.2731,13.3933],[99.2758,13.3947],[99.2763,13.3987],[99.2805,13.4012],[99.28,13.4062],[99.283,13.4119],[99.2804,13.4168],[99.2786,13.4166],[99.2773,13.4128],[99.2723,13.4124],[99.2703,13.4084],[99.2657,13.413],[99.2677,13.4159],[99.2716,13.4167],[99.2719,13.4241],[99.2765,13.4239],[99.273,13.4338],[99.2743,13.4359],[99.2809,13.433],[99.2907,13.438],[99.2916,13.4421],[99.296,13.4431],[99.296,13.4294],[99.3038,13.4284],[99.304,13.4322],[99.2983,13.4422],[99.2988,13.4443],[99.2934,13.4486],[99.2928,13.4512],[99.284,13.4494],[99.2802,13.4545],[99.2774,13.4652],[99.2816,13.4695],[99.281,13.4711],[99.2838,13.4724],[99.2852,13.4711],[99.307,13.4724],[99.3133,13.475],[99.3158,13.4679],[99.3053,13.4592],[99.3084,13.4554],[99.3077,13.4537],[99.3094,13.4497],[99.3123,13.4481],[99.3156,13.4429],[99.3244,13.4503],[99.3324,13.4546],[99.337,13.4527],[99.3379,13.4405],[99.3428,13.4403],[99.3434,13.45],[99.3519,13.4461],[99.3646,13.4466],[99.3641,13.4371],[99.3683,13.4369],[99.3688,13.4443],[99.3735,13.4437],[99.3734,13.433],[99.367,13.4265],[99.3681,13.421],[99.3715,13.4196],[99.3701,13.4175],[99.371,13.415],[99.3732,13.416],[99.3739,13.4146],[99.3742,13.4008],[99.3702,13.3999],[99.3696,13.3865],[99.3662,13.3863],[99.366,13.3826],[99.3615,13.3826],[99.3616,13.377],[99.3722,13.3768],[99.3717,13.373],[99.3731,13.3727],[99.3745,13.3771],[99.3822,13.3734],[99.3816,13.3592],[99.3759,13.3599],[99.376,13.3515],[99.3785,13.3506],[99.3797,13.3473],[99.3782,13.345],[99.3801,13.3434],[99.384,13.348],[99.39,13.3488],[99.3888,13.3529],[99.399,13.3508],[99.3985,13.3449],[99.4,13.3431],[99.3994,13.3414],[99.3966,13.3414],[99.3959,13.3381],[99.4013,13.34],[99.4057,13.3366],[99.4066,13.3333],[99.4113,13.3331],[99.4134,13.3314],[99.4148,13.3268],[99.4089,13.326],[99.4214,13.3229],[99.4221,13.3143],[99.4214,13.3124],[99.4048,13.3118],[99.3942,13.3138],[99.3938,13.3096],[99.4022,13.3088],[99.4029,13.3069],[99.4188,13.3069],[99.4185,13.2988],[99.4144,13.2927],[99.4146,13.2884],[99.4081,13.2856],[99.4019,13.2901],[99.4022,13.2851],[99.4003,13.2821],[99.4033,13.2805],[99.4062,13.2811],[99.4082,13.2763],[99.4124,13.2775],[99.4148,13.2758],[99.41,13.2734],[99.412,13.2721],[99.4107,13.2691],[99.409,13.2696],[99.3995,13.2625],[99.3935,13.2631],[99.3934,13.2545],[99.3846,13.2545],[99.3845,13.2597],[99.377,13.26],[99.3767,13.2544],[99.3569,13.2544],[99.3569,13.2488],[99.3846,13.2486],[99.387,13.2451],[99.3915,13.2452],[99.3937,13.2435],[99.394,13.2325],[99.4032,13.2409],[99.4062,13.242],[99.4075,13.2355],[99.4025,13.2219],[99.4024,13.213],[99.3988,13.2176],[99.3965,13.2169],[99.3936,13.2129],[99.3728,13.22],[99.3712,13.2212],[99.3717,13.2282],[99.3682,13.2337],[99.3584,13.2332],[99.3503,13.2439],[99.3442,13.2386],[99.3423,13.2346],[99.3385,13.2329],[99.3388,13.2282],[99.3352,13.2207],[99.3233,13.2229],[99.325,13.2155],[99.3215,13.2136],[99.3187,13.2025],[99.3196,13.1898],[99.3247,13.1871],[99.3263,13.183],[99.3242,13.1775],[99.2823,13.1525],[99.2701,13.1491],[99.2652,13.1553],[99.2633,13.1609],[99.2471,13.1795],[99.2457,13.1857],[99.2394,13.1875],[99.2276,13.203],[99.2215,13.2046],[99.2159,13.2013],[99.2045,13.2187],[99.2092,13.2256],[99.2088,13.2313],[99.2046,13.2375],[99.2051,13.241],[99.1964,13.2551],[99.1973,13.2575],[99.2011,13.2585],[99.2025,13.2616],[99.2084,13.26],[99.2108,13.2602],[99.2116,13.2619],[99.2056,13.2693],[99.2007,13.2726],[99.1994,13.2773],[99.1942,13.2807],[99.193,13.2845],[99.1869,13.2911],[99.19,13.2942],[99.1905,13.3029],[99.1942,13.3045],[99.1913,13.3071],[99.192,13.3131],[99.1908,13.3161],[99.1921,13.3228],[99.1969,13.3248],[99.2016,13.3349],[99.206,13.337],[99.2068,13.3392],[99.206,13.3484],[99.2027,13.3548],[99.206,13.3615],[99.2058,13.3664],[99.2035,13.369]],[[99.3101,13.4327],[99.3132,13.4356],[99.3142,13.4314],[99.3101,13.4327]]]}},{"type":"Feature","properties":{"id":12113345,"name":"\u0e2d\u0e38\u0e17\u0e22\u0e32\u0e19\u0e41\u0e2b\u0e48\u0e07\u0e0a\u0e32\u0e15\u0e34\u0e01\u0e38\u0e22\u0e1a\u0e38\u0e23\u0e35","name_en":"Kui Buri National Park","boundary":"national_park","protect_class":"2"},"geometry":{"type":"Polygon","coordinates":[[[99.7484,12.1983],[99.7311,12.21],[99.7284,12.2067],[99.7219,12.2125],[99.7251,12.2196],[99.7291,12.2186],[99.7305,12.2271],[99.7243,12.2295],[99.7222,12.2412],[99.7181,12.2467],[99.7203,12.2548],[99.7402,12.2556],[99.7471,12.2689],[99.7402,12.2692],[99.7373,12.2615],[99.7329,12.2602],[99.7203,12.2691],[99.7203,12.2756],[99.7248,12.2771],[99.7241,12.2796],[99.715,12.2796],[99.7116,12.2816],[99.7116,12.2848],[99.7251,12.2915],[99.7298,12.2915],[99.7416,12.2977],[99.7411,12.3004],[99.745,12.3016],[99.7444,12.3039],[99.7523,12.3091],[99.7509,12.3132],[99.7576,12.318],[99.7632,12.3257],[99.7605,12.3328],[99.7638,12.3341],[99.7699,12.3291],[99.7727,12.332],[99.7751,12.339],[99.7789,12.3382],[99.7792,12.3427],[99.7897,12.3435],[99.7935,12.3422],[99.7964,12.3509],[99.8072,12.3492],[99.8075,12.3475],[99.8032,12.3463],[99.8047,12.3427],[99.8089,12.3434],[99.8084,12.339],[99.8003,12.3386],[99.7972,12.3413],[99.7939,12.3369],[99.8023,12.3338],[99.8018,12.3323],[99.7954,12.3329],[99.79,12.3301],[99.7885,12.3306],[99.7886,12.3338],[99.7863,12.3338],[99.7839,12.3299],[99.7844,12.3258],[99.7808,12.3243],[99.7778,12.3284],[99.7756,12.3212],[99.7697,12.3208],[99.7705,12.3168],[99.7825,12.3194],[99.7833,12.3176],[99.7774,12.3141],[99.782,12.3139],[99.785,12.3096],[99.7914,12.3159],[99.7956,12.3148],[99.7941,12.3122],[99.7976,12.3114],[99.7972,12.3096],[99.7912,12.3092],[99.7917,12.3064],[99.797,12.3071],[99.7968,12.3059],[99.7934,12.3023],[99.7883,12.3037],[99.7848,12.2954],[99.7752,12.2888],[99.7734,12.2899],[99.774,12.2928],[99.7773,12.2956],[99.7761,12.2972],[99.7644,12.2872],[99.7576,12.2842],[99.7538,12.2842],[99.7532,12.2825],[99.7577,12.28],[99.7613,12.2822],[99.7702,12.2784],[99.7662,12.2727],[99.7634,12.2727],[99.7553,12.2768],[99.751,12.2729],[99.7497,12.2644],[99.7553,12.2603],[99.7544,12.2554],[99.7563,12.2467],[99.7535,12.247],[99.7534,12.2405],[99.7559,12.238],[99.7607,12.2466],[99.7622,12.2463],[99.7623,12.236],[99.7651,12.2336],[99.7643,12.2252],[99.7662,12.2035],[99.7576,12.1973],[99.7545,12.1977],[99.7533,12.1955],[99.7507,12.1957],[99.7484,12.1983]]]}},{"type":"Feature","properties":{"id":12113346,"name":"\u0e27\u0e19\u0e2d\u0e38\u0e17\u0e22\u0e32\u0e19\u0e40\u0e02\u0e32\u0e15\u0e32\u0e21\u0e48\u0e2d\u0e07\u0e25\u0e48\u0e32\u0e22","name_en":"Khao Ta Mong Lai Forest Park","boundary":"protected_area","protect_class":"3"},"geometry":{"type":"Polygon","coordinates":[[[99.8305,11.8373],[99.8285,11.8336],[99.8295,11.8282],[99.8317,11.8286],[99.8334,11.8312],[99.8355,11.8421],[99.8316,11.8488],[99.8287,11.8502],[99.8264,11.8476],[99.8305,11.8373]]]}},{"type":"Feature","properties":{"id":12124530,"name":"\u0e2d\u0e38\u0e17\u0e22\u0e32\u0e19\u0e41\u0e2b\u0e48\u0e07\u0e0a\u0e32\u0e15\u0e34\u0e40\u0e2d\u0e23\u0e32\u0e27\u0e31\u0e13","name_en":"Erawan National Park","boundary":"national_park","protect_class":"2"},"geometry":{"type":"Polygon","coordinates":[[[99.0602,14.4788],[99.0575,14.4789],[99.0586,14.4772],[99.0569,14.4764],[99.0537,14.4776],[99.0534,14.4801],[99.0509,14.4776],[99.0492,14.4807],[99.0444,14.4805],[99.0493,14.4779],[99.0469,14.4752],[99.052,14.4769],[99.0538,14.4753],[99.0483,14.4744],[99.0444,14.4718],[99.0527,14.4732],[99.0532,14.4717],[99.0552,14.4726],[99.0549,14.4701],[99.0596,14.4737],[99.0585,14.4694],[99.0606,14.4684],[99.0631,14.4726],[99.0631,14.4677],[99.0588,14.4661],[99.0579,14.4647],[99.0599,14.464],[99.0563,14.4621],[99.0572,14.4582],[99.0555,14.4571],[99.0577,14.4577],[99.0617,14.4458],[99.0701,14.4366],[99.0698,14.434],[99.0727,14.4282],[99.0759,14.4268],[99.0758,14.424],[99.0779,14.4246],[99.0765,14.4233],[99.0792,14.4235],[99.0796,14.4222],[99.0801,14.4234],[99.0832,14.4225],[99.0832,14.4243],[99.0855,14.4241],[99.0879,14.4198],[99.0914,14.4202],[99.0969,14.4154],[99.1018,14.4155],[99.1053,14.4138],[99.1073,14.4092],[99.1106,14.41],[99.1084,14.4085],[99.1099,14.4085],[99.1098,14.3794],[99.1398,14.391],[99.1466,14.3717],[99.1495,14.371],[99.1559,14.3588],[99.1576,14.3574],[99.1681,14.3569],[99.1763,14.349],[99.1814,14.3401],[99.1885,14.3379],[99.1928,14.3323],[99.1946,14.3257],[99.1989,14.3201],[99.2059,14.2969],[99.2064,14.2904],[99.2089,14.2878],[99.2127,14.2869],[99.2225,14.2778],[99.2254,14.2723],[99.2302,14.2692],[99.2229,14.2559],[99.2243,14.2463],[99.2216,14.2349],[99.2229,14.2314],[99.2273,14.2306],[99.2322,14.2324],[99.2332,14.2233],[99.2281,14.2246],[99.2258,14.2236],[99.2216,14.2126],[99.2181,14.2096],[99.2147,14.2095],[99.2003,14.2193],[99.1741,14.2315],[99.171,14.2349],[99.1571,14.2388],[99.1565,14.2349],[99.148,14.2233],[99.1446,14.2155],[99.1368,14.2157],[99.1214,14.2215],[99.1215,14.2185],[99.1193,14.2173],[99.1156,14.2214],[99.1142,14.2195],[99.1151,14.2163],[99.1117,14.2154],[99.1087,14.2186],[99.1079,14.2247],[99.1026,14.225],[99.0967,14.2283],[99.0893,14.2239],[99.0832,14.2242],[99.0696,14.2354],[99.0638,14.244],[99.0595,14.2433],[99.0541,14.2456],[99.0415,14.2584],[99.0426,14.266],[99.0368,14.2757],[99.0312,14.2813],[99.0269,14.2833],[99.0257,14.2796],[99.0194,14.2799],[99.0139,14.283],[99.006,14.2934],[99.0041,14.3017],[99.0002,14.307],[98.9974,14.3161],[98.9898,14.321],[98.9891,14.3234],[98.9941,14.3259],[98.995,14.3298],[98.994,14.3316],[98.9856,14.3348],[98.9798,14.3337],[98.9769,14.34],[98.9716,14.3408],[98.9704,14.3443],[98.9612,14.3505],[98.9561,14.3616],[98.9437,14.3778],[98.939,14.3787],[98.9191,14.3966],[98.9175,14.4028],[98.922,14.4068],[98.922,14.4124],[98.924,14.4165],[98.9328,14.4195],[98.9388,14.4187],[98.9393,14.4144],[98.9421,14.4153],[98.9421,14.4205],[98.9449,14.4222],[98.9499,14.4197],[98.9519,14.416],[98.9555,14.4158],[98.956,14.42],[98.9504,14.428],[98.9415,14.4301],[98.9401,14.4323],[98.94,14.4401],[98.944,14.4471],[98.9534,14.454],[98.957,14.4597],[98.9635,14.4638],[98.9802,14.4678],[98.987,14.4714],[98.9965,14.47],[99.0028,14.4714],[99.0142,14.4545],[99.0187,14.4518],[99.026,14.4507],[99.0353,14.4599],[99.0336,14.4652],[99.0341,14.4764],[99.0408,14.4827],[99.0486,14.4878],[99.0502,14.4856],[99.0529,14.4855],[99.0535,14.4829],[99.0545,14.4847],[99.0563,14.4841],[99.0556,14.4814],[99.0578,14.48],[99.0588,14.481],[99.0609,14.4796],[99.0602,14.4788]],[[99.0535,14.4195],[99.0545,14.4223],[99.0567,14.4219],[99.0561,14.4179],[99.0546,14.4175],[99.0535,14.4195]]]}},{"type":"Feature","properties":{"id":12124531,"name":"\u0e40\u0e02\u0e15\u0e2b\u0e49\u0e32\u0e21\u0e25\u0e48\u0e32\u0e2a\u0e31\u0e15\u0e27\u0e4c\u0e1b\u0e48\u0e32\u0e1e\u0e31\u0e19\u0e17\u0e49\u0e32\u0e22\u0e19\u0e23\u0e2a\u0e34\u0e07\u0e2b\u0e4c","name_en":"Phan Thai Norasing Non-Hunting Area","boundary":"protected_area","protect_class":"4"},"geometry":{"type":"Polygon","coordinates":[[[100.2915,13.5005],[100.3055,13.4927],[100.3302,13.4863],[100.3324,13.4884],[100.336,13.4873],[100.3431,13.4883],[100.3443,13.4863],[100.3478,13.4886],[100.3491,13.4866],[100.3512,13.4886],[100.3567,13.4872],[100.3566,13.4891],[100.3582,13.4874],[100.3598,13.489],[100.363,13.4876],[100.3673,13.4898],[100.3683,13.4921],[100.3701,13.4907],[100.3745,13.4912],[100.377,13.4892],[100.3823,13.4903],[100.3829,13.493],[100.3843,13.4909],[100.3903,13.4931],[100.392,13.491],[100.3964,13.491],[100.3967,13.4927],[100.4072,13.4936],[100.4088,13.4843],[100.4057,13.4841],[100.4019,13.4802],[100.3826,13.4746],[100.3662,13.4761],[100.3529,13.4747],[100.343,13.4795],[100.3371,13.4799],[100.3205,13.4755],[100.3169,13.4766],[100.3049,13.4904],[100.2908,13.4995],[100.2915,13.5005]]]}},{"type":"Feature","properties":{"id":12128395,"name":"\u0e27\u0e19\u0e2d\u0e38\u0e17\u0e22\u0e32\u0e19\u0e16\u0e49\u0e33\u0e40\u0e02\u0e32\u0e27\u0e07","name_en":"Tham Khao Wong Forest Park","boundary":"protected_area","protect_class":"3"},"geometry":{"type":"Polygon","coordinates":[[[99.4758,15.0067],[99.4661,15.0129],[99.4655,15.0157],[99.4699,15.0168],[99.4715,15.02],[99.4585,15.025],[99.4554,15.0291],[99.4565,15.0311],[99.4797,15.0274],[99.4809,15.0208],[99.4867,15.0169],[99.4869,15.0145],[99.4825,15.0112],[99.4827,15.0085],[99.4795,15.0063],[99.4758,15.0067]]]}},{"type":"Feature","properties":{"id":12128396,"name":"\u0e40\u0e02\u0e15\u0e2b\u0e49\u0e32\u0e21\u0e25\u0e48\u0e32\u0e2a\u0e31\u0e15\u0e27\u0e4c\u0e1b\u0e48\u0e32\u0e16\u0e49\u0e33\u0e1b\u0e23\u0e30\u0e17\u0e38\u0e19","name_en":"Tham Prathun Non-Hunting Area","boundary":"protected_area","protect_class":"4"},"geometry":{"type":"Polygon","coordinates":[[[99.6566,15.3697],[99.6569,15.3728],[99.6581,15.372],[99.6566,15.3697]]]}},{"type":"Feature","properties":{"id":12128397,"name":"\u0e2d\u0e38\u0e17\u0e22\u0e32\u0e19\u0e41\u0e2b\u0e48\u0e07\u0e0a\u0e32\u0e15\u0e34\u0e1e\u0e38\u0e40\u0e15\u0e22","name_en":"Phu Toei National Park","boundary":"national_park","protect_class":"2"},"geometry":{"type":"Polygon","coordinates":[[[99.3785,14.8034],[99.3719,14.8144],[99.3751,14.8154],[99.3789,14.8133],[99.3814,14.8151],[99.3761,14.8219],[99.3733,14.8222],[99.369,14.8312],[99.3771,14.8312],[99.3746,14.8347],[99.3877,14.8572],[99.3887,14.8564],[99.387,14.8535],[99.3878,14.8526],[99.3902,14.8548],[99.3904,14.8511],[99.3929,14.8501],[99.3933,14.8439],[99.3999,14.8442],[99.403,14.8424],[99.4019,14.834],[99.3972,14.8313],[99.3938,14.8268],[99.3992,14.8241],[99.4016,14.8255],[99.4033,14.818],[99.4046,14.818],[99.4046,14.8136],[99.3993,14.8053],[99.3925,14.8058],[99.389,14.809],[99.388,14.8079],[99.3899,14.8043],[99.3876,14.806],[99.387,14.8051],[99.3874,14.8005],[99.3844,14.8058],[99.3806,14.8058],[99.3785,14.8034]]]}},{"type":"Feature","properties":{"id":12128398,"name":"\u0e40\u0e02\u0e15\u0e2b\u0e49\u0e32\u0e21\u0e25\u0e48\u0e32\u0e2a\u0e31\u0e15\u0e27\u0e4c\u0e1b\u0e48\u0e32\u0e16\u0e49\u0e33\u0e25\u0e30\u0e27\u0e49\u0e32-\u0e16\u0e49\u0e33\u0e14\u0e32\u0e27\u0e14\u0e36\u0e07\u0e2a\u0e4c","name_en":"Tham Lawa-Tham Daowadueng Non-Hunting Area","boundary":"protected_area","protect_class":"4"},"geometry":{"type":"Polygon","coordinates":[[[99.0033,14.2765],[99.0056,14.2713],[99.0033,14.2697],[99.0063,14.2658],[99.0152,14.2601],[99.0148,14.2567],[98.9986,14.2649],[98.9967,14.2678],[98.9924,14.2665],[98.98,14.2747],[98.9753,14.2743],[98.9727,14.2783],[98.9732,14.2572],[98.9781,14.2497],[99.0145,14.2222],[99.0383,14.2109],[99.0405,14.2081],[99.0407,14.2041],[99.0364,14.1895],[99.0373,14.1835],[99.04,14.179],[99.0554,14.1665],[99.0709,14.1461],[99.0758,14.1424],[99.0802,14.1399],[99.105,14.1345],[99.1114,14.1313],[99.1179,14.123],[99.1216,14.1065],[99.1271,14.1014],[99.1459,14.0928],[99.1654,14.0802],[99.1768,14.0686],[99.1995,14.0518],[99.2151,14.0295],[99.2212,14.0282],[99.2224,14.031],[99.2251,14.0315],[99.2247,14.0337],[99.2296,14.0292],[99.229,14.0327],[99.2319,14.0345],[99.2258,14.0367],[99.2241,14.0393],[99.224,14.0413],[99.2286,14.041],[99.2296,14.0424],[99.2239,14.0501],[99.2294,14.0513],[99.2285,14.0549],[99.2317,14.0603],[99.229,14.0616],[99.2262,14.0584],[99.223,14.0581],[99.221,14.0592],[99.2201,14.0624],[99.2184,14.0625],[99.2178,14.0584],[99.2202,14.0567],[99.2203,14.0546],[99.2152,14.0486],[99.2129,14.0481],[99.2078,14.0555],[99.2091,14.0601],[99.2038,14.0626],[99.2086,14.0688],[99.207,14.0751],[99.1965,14.0707],[99.1875,14.0743],[99.1834,14.0791],[99.1886,14.0802],[99.1886,14.0825],[99.1855,14.0844],[99.1793,14.0849],[99.1822,14.0891],[99.1764,14.0925],[99.1739,14.0959],[99.1681,14.0954],[99.168,14.1012],[99.1662,14.1044],[99.1623,14.1008],[99.1567,14.1033],[99.1498,14.0989],[99.1465,14.1034],[99.1487,14.1117],[99.144,14.1131],[99.1415,14.1087],[99.1352,14.1083],[99.1321,14.1119],[99.1351,14.1157],[99.1346,14.1196],[99.1315,14.1205],[99.1283,14.1192],[99.1256,14.1217],[99.1269,14.1276],[99.1229,14.131],[99.1269,14.1333],[99.1263,14.1371],[99.1221,14.1392],[99.1201,14.1461],[99.1179,14.1474],[99.1147,14.1443],[99.1122,14.1448],[99.109,14.1528],[99.1075,14.1488],[99.1052,14.1482],[99.1039,14.1498],[99.1052,14.1543],[99.1022,14.1553],[99.0966,14.1537],[99.0943,14.157],[99.0872,14.1548],[99.0874,14.1595],[99.0841,14.1619],[99.0875,14.1704],[99.0839,14.1727],[99.0805,14.1709],[99.0798,14.1725],[99.0829,14.1778],[99.086,14.1796],[99.0844,14.1837],[99.0732,14.1858],[99.0761,14.1933],[99.0752,14.1952],[99.066,14.2005],[99.0627,14.1993],[99.0593,14.201],[99.0592,14.2102],[99.0573,14.2152],[99.0505,14.2194],[99.0408,14.2287],[99.0345,14.2315],[99.0323,14.23],[99.0302,14.2305],[99.033,14.2373],[99.0318,14.2401],[99.0248,14.2368],[99.0164,14.2417],[99.0162,14.2433],[99.0205,14.2456],[99.0195,14.2526],[99.014,14.2656],[99.009,14.27],[99.007,14.2753],[99.0033,14.2765]]]}},{"type":"Feature","properties":{"id":12206397,"name":"\u0e27\u0e19\u0e2d\u0e38\u0e17\u0e22\u0e32\u0e19\u0e16\u0e49\u0e33\u0e15\u0e30\u0e42\u0e04\u0e30\u0e1a\u0e34\u0e4a","name_en":"Tham Takhobi Forest Park","boundary":"protected_area","protect_class":"3"},"geometry":{"type":"Polygon","coordinates":[[[98.7977,16.0413],[98.8011,16.0375],[98.8024,16.04],[98.8072,16.0403],[98.8055,16.0437],[98.8076,16.0453],[98.8062,16.0465],[98.8067,16.0503],[98.8077,16.0473],[98.8093,16.0469],[98.813,16.0492],[98.8132,16.0572],[98.8094,16.0579],[98.8077,16.0604],[98.804,16.0606],[98.7991,16.0517],[98.7991,16.0491],[98.8016,16.0457],[98.7977,16.0413]]]}},{"type":"Feature","properties":{"id":12206398,"name":"\u0e27\u0e19\u0e2d\u0e38\u0e17\u0e22\u0e32\u0e19\u0e19\u0e49\u0e33\u0e15\u0e01\u0e1b\u0e30\u0e2b\u0e25\u0e30\u0e17\u0e30","name_en":"Namtok Palatha Forest Park","boundary":"protected_area","protect_class":"3"},"geometry":{"type":"Polygon","coordinates":[[[98.8454,15.8608],[98.8482,15.8608],[98.8505,15.8659],[98.8574,15.8709],[98.8578,15.8748],[98.8462,15.8737],[98.8471,15.8655],[98.8454,15.8608]]]}},{"type":"Feature","properties":{"id":12206399,"name":"\u0e40\u0e02\u0e15\u0e23\u0e31\u0e01\u0e29\u0e32\u0e1e\u0e31\u0e19\u0e18\u0e38\u0e4c\u0e2a\u0e31\u0e15\u0e27\u0e4c\u0e1b\u0e48\u0e32\u0e2d\u0e38\u0e49\u0e21\u0e1c\u0e32\u0e07","name_en":"Umphang Wildlife Sanctuary","boundary":"protected_area","protect_class":"1a"},"geometry":{"type":"Polygon","coordinates":[[[98.7977,16.0413],[98.7983,16.037],[98.8097,16.0262],[98.8206,16.0257],[98.8191,16.0232],[98.8203,16.0216],[98.8271,16.0232],[98.8271,16.0215],[98.8294,16.0202],[98.829,16.0179],[98.8344,16.0155],[98.8355,16.0136],[98.8385,16.0134],[98.8424,16.0077],[98.8449,15.9998],[98.836,15.9927],[98.8366,15.9722],[98.8592,15.952],[98.8708,15.929],[98.8675,15.9219],[98.8618,15.9166],[98.857,15.903],[98.845,15.8986],[98.8454,15.8908],[98.8432,15.8881],[98.8445,15.8738],[98.8362,15.8702],[98.8381,15.8638],[98.8347,15.8588],[98.8364,15.8554],[98.8412,15.855],[98.8399,15.8529],[98.8488,15.8314],[98.8521,15.827],[98.8569,15.8248],[98.8587,15.8194],[98.8631,15.8157],[98.8632,15.8121],[98.8671,15.8093],[98.8749,15.8086],[98.875,15.8066],[98.8815,15.7991],[98.8877,15.7988],[98.8792,15.8058],[98.8765,15.812],[98.8819,15.8169],[98.8896,15.8205],[98.893,15.832],[98.8842,15.8363],[98.8816,15.8464],[98.8753,15.8491],[98.8702,15.8569],[98.8655,15.8586],[98.8584,15.8751],[98.8554,15.876],[98.8512,15.8739],[98.848,15.8758],[98.8479,15.8739],[98.8447,15.8738],[98.8438,15.8753],[98.8433,15.8882],[98.8455,15.8908],[98.8451,15.8985],[98.8571,15.903],[98.8619,15.9166],[98.8675,15.9219],[98.8709,15.9291],[98.8593,15.9521],[98.8528,15.9592],[98.8448,15.9639],[98.8369,15.972],[98.8357,15.978],[98.8373,15.9849],[98.8355,15.9888],[98.8366,15.994],[98.8449,15.9997],[98.8441,15.9975],[98.8507,15.991],[98.849,15.9892],[98.854,15.9754],[98.86,15.9683],[98.8689,15.9688],[98.8762,15.9714],[98.8738,15.9586],[98.8816,15.9565],[98.9,15.9715],[98.9021,15.9947],[98.8987,16.002],[98.8932,16.007],[98.8955,16.0167],[98.8841,16.0226],[98.8836,16.0333],[98.8735,16.0382],[98.8706,16.0445],[98.8711,16.053],[98.873,16.0563],[98.8705,16.0628],[98.8727,16.0652],[98.8758,16.0636],[98.8809,16.0714],[98.8813,16.0691],[98.8844,16.0681],[98.8863,16.0707],[98.8876,16.0681],[98.8899,16.0735],[98.8943,16.0766],[98.8918,16.0764],[98.8908,16.0784],[98.8922,16.0777],[98.8917,16.0798],[98.8962,16.084],[98.894,16.0877],[98.8964,16.091],[98.9007,16.0927],[98.9046,16.0915],[98.9115,16.0963],[98.9121,16.0993],[98.9179,16.1016],[98.9195,16.1005],[98.9227,16.1017],[98.9231,16.1042],[98.9189,16.1093],[98.9189,16.115],[98.9175,16.1155],[98.9185,16.1187],[98.9155,16.128],[98.9113,16.1319],[98.9149,16.1365],[98.9166,16.1422],[98.916,16.1493],[98.9116,16.1556],[98.9112,16.165],[98.923,16.1777],[98.9218,16.1899],[98.9244,16.196],[98.9272,16.1977],[98.9235,16.1981],[98.9259,16.2033],[98.9249,16.2078],[98.9315,16.2083],[98.9363,16.2107],[98.9424,16.2063],[98.9391,16.2161],[98.9402,16.2224],[98.9329,16.2335],[98.9302,16.2459],[98.9206,16.2483],[98.9192,16.2511],[98.9038,16.2559],[98.9082,16.2664],[98.9107,16.2679],[98.9103,16.2709],[98.9066,16.274],[98.9118,16.2933],[98.9107,16.2981],[98.9163,16.3063],[98.9236,16.3066],[98.9318,16.3292],[98.9298,16.3314],[98.9287,16.3373],[98.9251,16.3416],[98.9253,16.3448],[98.9128,16.3434],[98.9094,16.3468],[98.9114,16.3525],[98.9173,16.3581],[98.92,16.3695],[98.917,16.3791],[98.9187,16.3842],[98.9279,16.3898],[98.9372,16.3888],[98.9437,16.3832],[98.9588,16.3829],[98.9683,16.3775],[98.9712,16.3787],[98.9742,16.3762],[98.9788,16.3766],[98.986,16.3733],[98.9922,16.3773],[98.9995,16.3741],[99.0026,16.3693],[99.0059,16.3699],[99.009,16.3772],[99.0074,16.3818],[99.02,16.3797],[99.0314,16.385],[99.0362,16.3838],[99.0419,16.3746],[99.0408,16.3688],[99.043,16.3643],[99.0418,16.3569],[99.0448,16.3537],[99.0417,16.3462],[99.0426,16.339],[99.0513,16.335],[99.052,16.3237],[99.0531,16.3232],[99.0502,16.316],[99.0534,16.309],[99.0509,16.3042],[99.0443,16.2998],[99.0421,16.2923],[99.0467,16.2824],[99.0454,16.2763],[99.0477,16.2703],[99.0483,16.2611],[99.0497,16.2576],[99.0533,16.255],[99.0549,16.2469],[99.064,16.2411],[99.0652,16.2357],[99.0723,16.2294],[99.0742,16.222],[99.0793,16.2189],[99.0813,16.2094],[99.0804,16.202],[99.0737,16.1968],[99.0734,16.1876],[99.0702,16.182],[99.0681,16.1655],[99.0561,16.1648],[99.0554,16.163],[99.0508,16.1613],[99.0492,16.1444],[99.0508,16.1421],[99.0501,16.1379],[99.0533,16.1348],[99.0687,16.1323],[99.0749,16.127],[99.0806,16.1248],[99.0832,16.1147],[99.0896,16.1147],[99.0944,16.1026],[99.1066,16.1022],[99.109,16.0926],[99.1067,16.0902],[99.1064,16.0871],[99.1094,16.0819],[99.1141,16.0804],[99.1146,16.0766],[99.1174,16.0746],[99.1133,16.0644],[99.1145,16.0604],[99.1086,16.0554],[99.1056,16.0495],[99.0975,16.0478],[99.0888,16.0441],[99.0866,16.0414],[99.0869,16.0341],[99.084,16.0268],[99.0822,16.0059],[99.087,15.995],[99.0886,15.9795],[99.0858,15.972],[99.0819,15.9702],[99.0795,15.964],[99.0747,15.9624],[99.0741,15.96],[99.0752,15.9515],[99.0799,15.9505],[99.0808,15.9486],[99.0863,15.9481],[99.089,15.9452],[99.0904,15.9375],[99.0945,15.9347],[99.097,15.9305],[99.0957,15.9246],[99.0862,15.9146],[99.0858,15.9],[99.0883,15.8971],[99.0884,15.8922],[99.0858,15.8851],[99.0877,15.8831],[99.0882,15.8796],[99.0949,15.8755],[99.0975,15.8712],[99.094,15.8612],[99.0948,15.8581],[99.0989,15.8536],[99.0964,15.8476],[99.0975,15.8444],[99.0956,15.8367],[99.0972,15.8348],[99.0966,15.8318],[99.1035,15.8275],[99.1043,15.8249],[99.1029,15.8217],[99.1094,15.819],[99.1105,15.8135],[99.1051,15.8021],[99.1077,15.7981],[99.1064,15.788],[99.1001,15.7735],[99.0998,15.7682],[99.0979,15.7662],[99.085,15.7618],[99.0832,15.7633],[99.0775,15.7609],[99.0718,15.7627],[99.0638,15.7608],[99.0613,15.7544],[99.0565,15.7538],[99.0512,15.7485],[99.0515,15.7448],[99.0493,15.7444],[99.0469,15.7466],[99.0482,15.7478],[99.0473,15.7484],[99.0393,15.7454],[99.035,15.7423],[99.0334,15.7389],[99.0253,15.7394],[99.0212,15.7363],[99.0168,15.7388],[99.0089,15.7389],[99.007,15.7424],[99.004,15.7428],[98.9982,15.7309],[98.9993,15.7222],[98.9981,15.7186],[98.9942,15.7173],[98.9836,15.7193],[98.9757,15.7173],[98.9296,15.716],[98.9099,15.7189],[98.8735,15.7204],[98.871,15.7201],[98.8663,15.713],[98.858,15.7115],[98.8515,15.7168],[98.8449,15.7158],[98.842,15.7142],[98.8224,15.6916],[98.7805,15.6776],[98.7642,15.6588],[98.7645,15.6554],[98.7626,15.653],[98.7546,15.6479],[98.7543,15.6454],[98.7559,15.6433],[98.7552,15.6327],[98.7533,15.6279],[98.7554,15.6241],[98.7547,15.6223],[98.7501,15.6242],[98.7432,15.6201],[98.738,15.6216],[98.7383,15.6178],[98.7364,15.6169],[98.7325,15.6225],[98.7342,15.6256],[98.7335,15.6285],[98.7315,15.6293],[98.729,15.6265],[98.7232,15.6278],[98.7189,15.6263],[98.7144,15.6331],[98.7059,15.6387],[98.7048,15.6336],[98.6891,15.627],[98.6825,15.6274],[98.665,15.6332],[98.6582,15.6337],[98.6524,15.6371],[98.6435,15.6366],[98.6403,15.6381],[98.6367,15.6326],[98.6324,15.6296],[98.6323,15.6276],[98.6268,15.6262],[98.6224,15.6301],[98.6268,15.6386],[98.6205,15.6401],[98.6133,15.6448],[98.6075,15.6411],[98.6003,15.6452],[98.5903,15.6444],[98.5881,15.6469],[98.5842,15.6602],[98.5758,15.6604],[98.5717,15.6545],[98.5578,15.6525],[98.5483,15.6852],[98.5658,15.7635],[98.573,15.7875],[98.5795,15.789],[98.5979,15.7766],[98.6,15.7735],[98.6064,15.7733],[98.6123,15.7764],[98.6105,15.7969],[98.6267,15.8174],[98.6432,15.8267],[98.6508,15.8278],[98.6512,15.8376],[98.6497,15.8396],[98.646,15.84],[98.6472,15.8423],[98.6501,15.8433],[98.65,15.8454],[98.6516,15.8447],[98.6521,15.8472],[98.6508,15.8492],[98.6493,15.8488],[98.6491,15.8518],[98.6453,15.8538],[98.6499,15.863],[98.6471,15.8676],[98.6484,15.8692],[98.6505,15.8685],[98.6507,15.871],[98.65,15.8747],[98.6439,15.8788],[98.6477,15.8834],[98.6477,15.8857],[98.6353,15.8951],[98.6332,15.905],[98.6375,15.9178],[98.6363,15.9206],[98.6336,15.9212],[98.6347,15.9242],[98.6314,15.9332],[98.6334,15.9435],[98.6322,15.9461],[98.6304,15.9452],[98.6287,15.9489],[98.6269,15.9494],[98.6262,15.9527],[98.6273,15.9536],[98.6254,15.9542],[98.6247,15.9574],[98.6259,15.958],[98.6256,15.9629],[98.628,15.9659],[98.6224,15.9738],[98.6246,15.9741],[98.6256,15.9764],[98.6241,15.9771],[98.6236,15.9826],[98.6267,15.9883],[98.6252,15.994],[98.6203,15.9931],[98.6194,15.9944],[98.6207,16.0008],[98.6165,16.0114],[98.617,16.0128],[98.6207,16.0135],[98.6192,16.0219],[98.6258,16.0287],[98.631,16.0208],[98.6347,16.02],[98.6398,16.0145],[98.6454,16.0161],[98.6482,16.011],[98.6514,16.0096],[98.655,16.0104],[98.6596,16.0072],[98.6627,16.008],[98.6636,16.002],[98.6689,15.9999],[98.6697,15.9978],[98.6909,15.9948],[98.6913,15.9961],[98.6865,15.9998],[98.6862,16.0033],[98.6878,16.0044],[98.685,16.0055],[98.679,16.0129],[98.6756,16.021],[98.675,16.0273],[98.6855,16.0376],[98.6891,16.0341],[98.6945,16.0351],[98.6979,16.0291],[98.7029,16.0267],[98.7071,16.0267],[98.7091,16.0226],[98.712,16.0247],[98.7198,16.0251],[98.7222,16.0217],[98.7256,16.0054],[98.7306,16.0019],[98.7306,16.0085],[98.7367,16.0114],[98.7349,16.0172],[98.7378,16.0165],[98.7389,16.0266],[98.7421,16.0308],[98.7461,16.0312],[98.7458,16.0279],[98.7488,16.0252],[98.7507,16.0282],[98.7501,16.032],[98.754,16.0341],[98.758,16.0334],[98.7634,16.0242],[98.7704,16.0239],[98.7696,16.0211],[98.7721,16.0191],[98.7748,16.0199],[98.7806,16.0174],[98.7872,16.0311],[98.7874,16.0374],[98.7901,16.0416],[98.7944,16.0433],[98.7977,16.0413]],[[98.9109,16.0481],[98.9105,16.0505],[98.9159,16.0517],[98.9133,16.048],[98.9109,16.0481]]]}},{"type":"Feature","properties":{"id":12206400,"name":"\u0e27\u0e19\u0e2d\u0e38\u0e17\u0e22\u0e32\u0e19\u0e16\u0e49\u0e33\u0e40\u0e1e\u0e0a\u0e23-\u0e16\u0e49\u0e33\u0e17\u0e2d\u0e07","name_en":"Tham Phet-Tham Thong Forest Park","boundary":"protected_area","protect_class":"3"},"geometry":{"type":"Polygon","coordinates":[[[100.4041,15.3088],[100.3962,15.3091],[100.3944,15.3055],[100.3899,15.307],[100.3859,15.324],[100.3872,15.3265],[100.3913,15.3276],[100.3969,15.3258],[100.4008,15.3283],[100.4037,15.3276],[100.4069,15.3231],[100.4056,15.3181],[100.4018,15.317],[100.4016,15.3153],[100.4059,15.3112],[100.4041,15.3088]]]}},{"type":"Feature","properties":{"id":12249536,"name":"\u0e40\u0e02\u0e15\u0e23\u0e31\u0e01\u0e29\u0e32\u0e1e\u0e31\u0e19\u0e18\u0e38\u0e4c\u0e2a\u0e31\u0e15\u0e27\u0e4c\u0e1b\u0e48\u0e32\u0e2d\u0e21\u0e01\u0e4b\u0e2d\u0e22","name_en":"Omkoi Wildlife Sanctuary","boundary":"protected_area","protect_class":"1a"},"geometry":{"type":"Polygon","coordinates":[[[98.5287,17.5952],[98.5255,17.5852],[98.5233,17.583],[98.5219,17.5751],[98.526,17.5695],[98.5259,17.5657],[98.536,17.5555],[98.5216,17.5546],[98.5125,17.556],[98.5052,17.5548],[98.4938,17.5481],[98.4848,17.5487],[98.4775,17.5444],[98.4626,17.5491],[98.4492,17.5427],[98.4427,17.5426],[98.4422,17.5404],[98.435,17.5434],[98.4257,17.5399],[98.4217,17.5411],[98.4242,17.529],[98.4224,17.5236],[98.4176,17.5248],[98.4143,17.5299],[98.4067,17.5301],[98.4075,17.526],[98.403,17.5258],[98.4053,17.5184],[98.4038,17.5152],[98.4085,17.5121],[98.4042,17.5095],[98.4038,17.5038],[98.4075,17.5028],[98.4082,17.499],[98.413,17.5004],[98.4238,17.4981],[98.4247,17.5058],[98.4267,17.5069],[98.4339,17.4996],[98.4347,17.4959],[98.4411,17.4933],[98.4405,17.4858],[98.4428,17.4824],[98.4492,17.4772],[98.4579,17.4769],[98.4568,17.456],[98.4578,17.4425],[98.4684,17.445],[98.4687,17.4423],[98.4655,17.4352],[98.4661,17.4337],[98.4727,17.4352],[98.4746,17.4342],[98.4776,17.4247],[98.48,17.4239],[98.4789,17.4088],[98.4802,17.4063],[98.4832,17.4063],[98.487,17.417],[98.4895,17.4177],[98.4988,17.4098],[98.4971,17.3859],[98.502,17.3562],[98.5041,17.3547],[98.5044,17.3515],[98.5023,17.3506],[98.5018,17.3475],[98.5027,17.346],[98.5053,17.3461],[98.507,17.3432],[98.5119,17.3419],[98.5132,17.3389],[98.5086,17.3343],[98.5049,17.3337],[98.504,17.3294],[98.5002,17.329],[98.502,17.3264],[98.5076,17.3284],[98.509,17.3267],[98.5031,17.3145],[98.4923,17.3103],[98.4932,17.3062],[98.486,17.3038],[98.4858,17.3003],[98.4812,17.2967],[98.4828,17.2917],[98.4866,17.2946],[98.4884,17.3],[98.4921,17.3017],[98.4942,17.2964],[98.4968,17.2956],[98.5108,17.3021],[98.5301,17.3004],[98.5406,17.3134],[98.5517,17.3367],[98.5566,17.3415],[98.5613,17.3519],[98.5691,17.3595],[98.5932,17.3669],[98.6197,17.3668],[98.6248,17.3704],[98.6259,17.3731],[98.6329,17.372],[98.6328,17.3731],[98.6364,17.3739],[98.6392,17.373],[98.6407,17.3766],[98.6484,17.3815],[98.6565,17.3834],[98.6605,17.38],[98.6685,17.3825],[98.6675,17.3897],[98.6653,17.3894],[98.6647,17.3911],[98.6667,17.3907],[98.6697,17.3972],[98.6662,17.3974],[98.6663,17.4037],[98.6635,17.4055],[98.6628,17.4081],[98.6683,17.4048],[98.6672,17.4012],[98.6704,17.3995],[98.6765,17.4034],[98.6787,17.4073],[98.6776,17.4101],[98.6735,17.4131],[98.6756,17.4181],[98.6787,17.4196],[98.6826,17.4187],[98.6883,17.4233],[98.6903,17.4305],[98.688,17.4375],[98.6855,17.441],[98.6827,17.4417],[98.6797,17.4473],[98.6827,17.453],[98.681,17.459],[98.6845,17.466],[98.6817,17.467],[98.6835,17.4683],[98.6815,17.4692],[98.6847,17.4715],[98.6845,17.474],[98.687,17.477],[98.6877,17.4755],[98.6887,17.4763],[98.6877,17.477],[98.6887,17.4788],[98.6905,17.477],[98.6955,17.4803],[98.699,17.479],[98.7007,17.4835],[98.7048,17.4868],[98.7025,17.491],[98.7048,17.5018],[98.7,17.5048],[98.6965,17.5113],[98.6923,17.5102],[98.6953,17.5123],[98.6942,17.5145],[98.6993,17.522],[98.701,17.5296],[98.6999,17.535],[98.7016,17.5389],[98.7006,17.5393],[98.7031,17.5407],[98.7026,17.5461],[98.6954,17.5455],[98.7024,17.5477],[98.702,17.5527],[98.7002,17.5535],[98.7018,17.5545],[98.7004,17.5546],[98.7013,17.5566],[98.6995,17.5569],[98.7006,17.5577],[98.6979,17.5656],[98.6962,17.566],[98.6974,17.5679],[98.6952,17.5716],[98.6952,17.5754],[98.6941,17.5748],[98.6951,17.5762],[98.6942,17.5831],[98.691,17.5874],[98.6874,17.587],[98.6839,17.5887],[98.6808,17.5965],[98.6841,17.6059],[98.6828,17.6065],[98.6844,17.6068],[98.6852,17.6111],[98.6875,17.6112],[98.6862,17.6139],[98.6888,17.6134],[98.6891,17.6164],[98.6856,17.6184],[98.6887,17.6191],[98.6856,17.6251],[98.688,17.6313],[98.6895,17.6308],[98.6831,17.6388],[98.6801,17.6387],[98.6748,17.6482],[98.6809,17.6477],[98.689,17.6555],[98.6824,17.6619],[98.6827,17.6661],[98.6875,17.6696],[98.6899,17.6688],[98.6934,17.673],[98.6934,17.6751],[98.6948,17.6735],[98.6932,17.6678],[98.6989,17.6678],[98.7171,17.6756],[98.7237,17.6762],[98.7286,17.6813],[98.7366,17.6829],[98.7448,17.6902],[98.7447,17.699],[98.7363,17.7086],[98.7237,17.7145],[98.7228,17.7187],[98.7248,17.7245],[98.7209,17.7262],[98.7147,17.7333],[98.7092,17.7325],[98.7059,17.7396],[98.7019,17.7407],[98.7033,17.7432],[98.7012,17.7474],[98.704,17.752],[98.7041,17.7625],[98.6951,17.7661],[98.6944,17.7739],[98.6876,17.7768],[98.6851,17.7797],[98.6848,17.7832],[98.6817,17.7829],[98.685,17.7852],[98.6837,17.7929],[98.6818,17.7941],[98.6838,17.7939],[98.6835,17.7991],[98.6758,17.8086],[98.6755,17.8157],[98.6734,17.8162],[98.6723,17.8138],[98.6701,17.8175],[98.6725,17.8282],[98.6709,17.8319],[98.6679,17.832],[98.6643,17.8289],[98.6618,17.8296],[98.6604,17.8282],[98.6612,17.8304],[98.6644,17.8304],[98.6673,17.8338],[98.6614,17.8361],[98.6605,17.8407],[98.662,17.8427],[98.6583,17.8553],[98.6516,17.8575],[98.6571,17.856],[98.6588,17.8571],[98.6549,17.8602],[98.6541,17.8672],[98.6507,17.8708],[98.6486,17.8707],[98.6459,17.8674],[98.6445,17.8615],[98.6432,17.8614],[98.6464,17.8742],[98.644,17.8742],[98.6424,17.8763],[98.6445,17.8779],[98.6383,17.877],[98.6385,17.8786],[98.6348,17.8795],[98.6336,17.8776],[98.6318,17.8784],[98.6328,17.8747],[98.6312,17.8761],[98.6297,17.8733],[98.6295,17.8745],[98.627,17.8735],[98.6263,17.8744],[98.6297,17.8772],[98.6265,17.8768],[98.6293,17.8791],[98.6251,17.8784],[98.6238,17.8763],[98.6241,17.8788],[98.6287,17.8818],[98.6271,17.8826],[98.6279,17.8866],[98.6259,17.8903],[98.6241,17.8886],[98.6252,17.8848],[98.6219,17.8799],[98.6205,17.8796],[98.6201,17.8817],[98.6187,17.8805],[98.6163,17.8823],[98.6166,17.8836],[98.6134,17.8848],[98.6055,17.8824],[98.5987,17.8837],[98.5895,17.8782],[98.5885,17.8758],[98.5798,17.8743],[98.5716,17.8787],[98.5669,17.8782],[98.5646,17.882],[98.5626,17.8812],[98.563,17.8777],[98.56,17.8763],[98.5568,17.8713],[98.5535,17.8732],[98.5495,17.8701],[98.5474,17.8726],[98.5448,17.8721],[98.542,17.8745],[98.538,17.872],[98.5337,17.8724],[98.5292,17.8706],[98.5221,17.8777],[98.5209,17.8813],[98.5167,17.8737],[98.511,17.8764],[98.5116,17.8782],[98.5075,17.8786],[98.5061,17.8765],[98.5035,17.8803],[98.5017,17.8778],[98.4964,17.8816],[98.4915,17.8751],[98.4931,17.875],[98.4931,17.8733],[98.4915,17.8723],[98.4908,17.8683],[98.4796,17.8738],[98.4771,17.8723],[98.4753,17.8735],[98.4752,17.8722],[98.4702,17.8703],[98.466,17.8381],[98.4703,17.8352],[98.4731,17.8286],[98.4926,17.8069],[98.4927,17.8034],[98.4994,17.7933],[98.5031,17.78],[98.5035,17.7611],[98.5058,17.7531],[98.5172,17.7368],[98.5163,17.7303],[98.5193,17.726],[98.5207,17.7152],[98.5255,17.7073],[98.5248,17.7014],[98.5218,17.6979],[98.5234,17.6909],[98.5221,17.6807],[98.5252,17.6658],[98.5284,17.6605],[98.5274,17.6575],[98.5311,17.6487],[98.5325,17.6401],[98.5292,17.6341],[98.5321,17.6216],[98.5336,17.6208],[98.5308,17.607],[98.5419,17.6056],[98.5418,17.5954],[98.5287,17.5952]],[[98.6179,17.6827],[98.6129,17.6895],[98.6205,17.689],[98.6179,17.6827]]]}},{"type":"Feature","properties":{"id":12249537,"name":"\u0e40\u0e02\u0e15\u0e23\u0e31\u0e01\u0e29\u0e32\u0e1e\u0e31\u0e19\u0e18\u0e38\u0e4c\u0e2a\u0e31\u0e15\u0e27\u0e4c\u0e1b\u0e48\u0e32\u0e41\u0e21\u0e48\u0e15\u0e37\u0e48\u0e19","name_en":"Mae Tuen Wildlife Sanctuary","boundary":"protected_area","protect_class":"1a"},"geometry":{"type":"Polygon","coordinates":[[[98.8758,17.3502],[98.8773,17.3517],[98.8758,17.3551],[98.8559,17.3678],[98.8536,17.3737],[98.8579,17.3766],[98.8538,17.38],[98.8518,17.385],[98.8593,17.3961],[98.8624,17.3966],[98.8627,17.4036],[98.8648,17.4018],[98.8761,17.4056],[98.8784,17.4031],[98.8816,17.4053],[98.8852,17.401],[98.888,17.3915],[98.8983,17.3846],[98.9002,17.3954],[98.8967,17.4079],[98.9007,17.4136],[98.8933,17.4158],[98.8902,17.4223],[98.8924,17.4311],[98.8942,17.4302],[98.895,17.432],[98.8938,17.4387],[98.8866,17.4388],[98.8839,17.441],[98.8799,17.4413],[98.8751,17.4518],[98.8729,17.4526],[98.8693,17.4528],[98.8681,17.4493],[98.8653,17.4475],[98.8639,17.45],[98.866,17.4521],[98.865,17.4529],[98.8609,17.4513],[98.8535,17.4567],[98.8516,17.4598],[98.8475,17.4613],[98.832,17.4639],[98.8226,17.4611],[98.8149,17.4691],[98.8143,17.4718],[98.8111,17.4732],[98.8032,17.4732],[98.7994,17.4752],[98.7915,17.4711],[98.7816,17.4703],[98.7795,17.4704],[98.7795,17.4724],[98.775,17.4731],[98.769,17.4601],[98.7568,17.4544],[98.7515,17.449],[98.7452,17.4503],[98.7474,17.4462],[98.7412,17.4487],[98.7371,17.4406],[98.73,17.4357],[98.729,17.4322],[98.7283,17.4337],[98.7245,17.4295],[98.7245,17.427],[98.723,17.4292],[98.721,17.428],[98.7205,17.424],[98.719,17.427],[98.717,17.426],[98.7163,17.4228],[98.716,17.4262],[98.712,17.4232],[98.7087,17.4245],[98.6972,17.4243],[98.6945,17.4213],[98.6883,17.4233],[98.6826,17.4187],[98.6763,17.4188],[98.6735,17.4131],[98.6776,17.4101],[98.6786,17.4066],[98.6765,17.4034],[98.6704,17.3995],[98.6672,17.4012],[98.6683,17.4048],[98.6643,17.4063],[98.663,17.4084],[98.6635,17.4055],[98.6663,17.4037],[98.6662,17.3974],[98.6697,17.3972],[98.6667,17.3907],[98.6647,17.3911],[98.6653,17.3894],[98.6675,17.3897],[98.6685,17.3825],[98.6605,17.38],[98.6565,17.3834],[98.6484,17.3815],[98.6407,17.3766],[98.6392,17.373],[98.6364,17.3739],[98.6328,17.3731],[98.6329,17.372],[98.6259,17.3731],[98.6248,17.3704],[98.6197,17.3668],[98.5932,17.3669],[98.5691,17.3595],[98.5613,17.3519],[98.5566,17.3415],[98.5517,17.3367],[98.5406,17.3134],[98.5301,17.3004],[98.5108,17.3021],[98.4968,17.2956],[98.4942,17.2964],[98.493,17.2934],[98.4866,17.2917],[98.4905,17.2912],[98.4933,17.2889],[98.4925,17.2806],[98.4962,17.28],[98.4962,17.2734],[98.5004,17.2719],[98.5016,17.27],[98.4988,17.2658],[98.5078,17.2654],[98.5098,17.2581],[98.5132,17.2571],[98.5144,17.2526],[98.5186,17.2516],[98.5184,17.2465],[98.5247,17.2453],[98.5226,17.2289],[98.5343,17.2235],[98.5323,17.2185],[98.539,17.2105],[98.5405,17.2049],[98.5459,17.2025],[98.546,17.1973],[98.5535,17.198],[98.5643,17.192],[98.5716,17.1924],[98.5724,17.1858],[98.5769,17.1843],[98.5777,17.1824],[98.5705,17.1835],[98.5701,17.1815],[98.5759,17.1788],[98.5774,17.1733],[98.5812,17.1716],[98.5792,17.1704],[98.5785,17.1666],[98.5802,17.1647],[98.5779,17.1582],[98.5824,17.1603],[98.5834,17.1571],[98.5872,17.157],[98.5874,17.1541],[98.5914,17.1556],[98.5924,17.1496],[98.5964,17.1463],[98.6003,17.1461],[98.6007,17.1484],[98.603,17.1468],[98.6043,17.1476],[98.6046,17.1462],[98.6094,17.1459],[98.6055,17.1374],[98.6116,17.1373],[98.6189,17.1309],[98.6216,17.1302],[98.626,17.1359],[98.632,17.1331],[98.6356,17.1278],[98.6494,17.1191],[98.6527,17.1222],[98.6582,17.1218],[98.6575,17.1197],[98.6599,17.1195],[98.6599,17.1176],[98.662,17.1179],[98.6641,17.1146],[98.6659,17.1168],[98.6687,17.1145],[98.67,17.1168],[98.6733,17.1164],[98.6849,17.1113],[98.6888,17.1138],[98.688,17.1109],[98.6917,17.1091],[98.6915,17.1071],[98.7035,17.1],[98.7211,17.0841],[98.7262,17.0837],[98.7266,17.0802],[98.7304,17.0788],[98.7307,17.0772],[98.7334,17.0774],[98.7352,17.0713],[98.7388,17.0702],[98.7387,17.0686],[98.7417,17.0673],[98.7439,17.0632],[98.7485,17.0606],[98.7539,17.0481],[98.7616,17.0427],[98.7671,17.0458],[98.7728,17.0452],[98.7761,17.0424],[98.7806,17.0439],[98.7919,17.0437],[98.7962,17.0453],[98.7984,17.051],[98.8116,17.0512],[98.8128,17.0544],[98.8158,17.0543],[98.8182,17.0569],[98.8181,17.0589],[98.8256,17.0624],[98.8303,17.0668],[98.8307,17.0688],[98.826,17.0704],[98.8251,17.0739],[98.8266,17.0791],[98.8248,17.0818],[98.8259,17.0889],[98.8428,17.1036],[98.847,17.1032],[98.846,17.1163],[98.8497,17.1188],[98.8503,17.1221],[98.8459,17.1381],[98.8479,17.1495],[98.8455,17.151],[98.8456,17.1572],[98.8499,17.158],[98.8529,17.1605],[98.8666,17.1619],[98.8723,17.1656],[98.872,17.1677],[98.877,17.1678],[98.8841,17.1631],[98.8866,17.1572],[98.8969,17.1635],[98.9048,17.1626],[98.9121,17.1582],[98.9074,17.1651],[98.9099,17.168],[98.9206,17.1592],[98.9213,17.1542],[98.9271,17.1511],[98.929,17.1596],[98.9349,17.1693],[98.9379,17.1702],[98.94,17.1782],[98.939,17.1829],[98.9427,17.1867],[98.9421,17.1909],[98.9393,17.1929],[98.9414,17.1958],[98.94,17.1976],[98.941,17.2002],[98.9381,17.2025],[98.9335,17.2009],[98.9371,17.2043],[98.9316,17.2066],[98.9324,17.2078],[98.9307,17.2096],[98.9321,17.2114],[98.9307,17.2147],[98.9282,17.216],[98.9271,17.2127],[98.9252,17.2171],[98.9211,17.215],[98.9213,17.2166],[98.918,17.2184],[98.9151,17.2155],[98.9144,17.212],[98.9113,17.2127],[98.9112,17.2143],[98.9076,17.2116],[98.9063,17.2138],[98.9045,17.2102],[98.9024,17.2148],[98.9038,17.216],[98.9031,17.2193],[98.8936,17.2155],[98.8938,17.2114],[98.8876,17.2138],[98.8885,17.217],[98.884,17.214],[98.8832,17.2196],[98.89,17.2261],[98.8928,17.2265],[98.8931,17.2243],[98.8974,17.2242],[98.9026,17.2263],[98.8973,17.2319],[98.8978,17.2371],[98.8936,17.2399],[98.8868,17.2391],[98.8854,17.2401],[98.8859,17.2427],[98.8839,17.2416],[98.8803,17.2432],[98.8791,17.2473],[98.8768,17.247],[98.8732,17.2514],[98.8703,17.2504],[98.8676,17.2545],[98.8633,17.2537],[98.8626,17.2558],[98.8705,17.2658],[98.8684,17.2734],[98.8696,17.2745],[98.8787,17.2758],[98.8863,17.2793],[98.8914,17.2763],[98.8916,17.2802],[98.888,17.2884],[98.8914,17.2907],[98.8948,17.2966],[98.8971,17.314],[98.8909,17.3191],[98.8835,17.3161],[98.8832,17.3091],[98.8797,17.3088],[98.8791,17.3111],[98.8755,17.312],[98.8737,17.3081],[98.8741,17.3009],[98.8634,17.3086],[98.8669,17.3096],[98.8662,17.3114],[98.8619,17.3109],[98.8569,17.3143],[98.8567,17.312],[98.8547,17.3117],[98.8559,17.3073],[98.8536,17.3073],[98.8531,17.3045],[98.8506,17.3047],[98.8463,17.302],[98.8452,17.305],[98.8466,17.3076],[98.8449,17.3107],[98.8468,17.3153],[98.8458,17.3214],[98.8502,17.3229],[98.8509,17.3266],[98.8464,17.3273],[98.8444,17.3319],[98.8415,17.3319],[98.8408,17.3345],[98.8341,17.3335],[98.8317,17.3374],[98.8355,17.3373],[98.8339,17.3491],[98.8291,17.3512],[98.8252,17.3558],[98.8252,17.3581],[98.8324,17.3579],[98.8308,17.3643],[98.8284,17.3674],[98.8303,17.3681],[98.8367,17.366],[98.8389,17.3615],[98.8416,17.3619],[98.843,17.3584],[98.8458,17.3594],[98.8492,17.3579],[98.8521,17.3517],[98.8547,17.3505],[98.8571,17.3528],[98.8602,17.351],[98.8691,17.3537],[98.8758,17.3502]]]}},{"type":"Feature","properties":{"id":12249538,"name":"\u0e2d\u0e38\u0e17\u0e22\u0e32\u0e19\u0e41\u0e2b\u0e48\u0e07\u0e0a\u0e32\u0e15\u0e34\u0e15\u0e32\u0e01\u0e2a\u0e34\u0e19\u0e21\u0e2b\u0e32\u0e23\u0e32\u0e0a","name_en":"Taksin Maha Rat National Park","boundary":"national_park","protect_class":"2"},"geometry":{"type":"Polygon","coordinates":[[[98.792,16.9114],[98.7752,16.904],[98.7518,16.8636],[98.7555,16.8609],[98.7555,16.8578],[98.7633,16.8525],[98.7684,16.8525],[98.7704,16.8585],[98.7705,16.8497],[98.776,16.8517],[98.778,16.8507],[98.7799,16.853],[98.781,16.8515],[98.7803,16.8466],[98.7824,16.8494],[98.7829,16.848],[98.7835,16.8489],[98.7841,16.8435],[98.7858,16.8442],[98.7848,16.8426],[98.7874,16.8435],[98.7883,16.842],[98.7854,16.8412],[98.7898,16.8389],[98.7919,16.8396],[98.7928,16.842],[98.7952,16.8409],[98.7979,16.8428],[98.7989,16.8416],[98.8008,16.8392],[98.799,16.8379],[98.7963,16.8408],[98.7914,16.8379],[98.7904,16.8352],[98.7801,16.8365],[98.778,16.8349],[98.7796,16.8342],[98.7778,16.8316],[98.7819,16.8302],[98.783,16.8253],[98.7871,16.8201],[98.7902,16.8193],[98.7907,16.8166],[98.7957,16.8163],[98.7939,16.8135],[98.7947,16.8118],[98.7986,16.8146],[98.7994,16.8137],[98.8023,16.8188],[98.808,16.8193],[98.8121,16.8234],[98.8191,16.8218],[98.8112,16.8203],[98.8086,16.8137],[98.8016,16.8106],[98.8013,16.8093],[98.8035,16.8081],[98.8028,16.8042],[98.8105,16.7995],[98.82,16.8105],[98.8222,16.8113],[98.8222,16.807],[98.8173,16.8028],[98.8159,16.7972],[98.818,16.7969],[98.8233,16.7998],[98.8239,16.803],[98.8261,16.7994],[98.8224,16.7952],[98.8142,16.7904],[98.8245,16.7762],[98.8316,16.7768],[98.8347,16.7841],[98.8363,16.7834],[98.8339,16.7756],[98.8274,16.775],[98.8243,16.7698],[98.8287,16.7633],[98.8285,16.7614],[98.8309,16.7618],[98.8288,16.76],[98.8296,16.7574],[98.8329,16.7563],[98.8324,16.758],[98.8341,16.7593],[98.8377,16.7572],[98.8377,16.7597],[98.8413,16.7577],[98.8397,16.7604],[98.842,16.7603],[98.8433,16.7623],[98.8424,16.759],[98.8441,16.7578],[98.846,16.7599],[98.8445,16.7636],[98.8451,16.7678],[98.8474,16.7616],[98.8485,16.764],[98.8499,16.7634],[98.8469,16.7587],[98.8492,16.7613],[98.8519,16.7612],[98.8515,16.7597],[98.8489,16.7593],[98.8466,16.7547],[98.8423,16.7543],[98.8408,16.7499],[98.8353,16.7478],[98.8346,16.7462],[98.8372,16.7439],[98.8433,16.7416],[98.8559,16.7409],[98.8585,16.7421],[98.8633,16.7459],[98.8623,16.748],[98.8643,16.7592],[98.8675,16.7623],[98.8744,16.761],[98.8795,16.7641],[98.8811,16.7685],[98.8832,16.7694],[98.8943,16.7691],[98.9031,16.7637],[98.9046,16.7654],[98.9071,16.7649],[98.9107,16.7591],[98.9139,16.7572],[98.9161,16.7586],[98.9218,16.7579],[98.9267,16.7675],[98.9318,16.7684],[98.933,16.7722],[98.9358,16.7734],[98.9448,16.7874],[98.945,16.7908],[98.9508,16.7946],[98.9524,16.7997],[98.9556,16.8017],[98.9585,16.8097],[98.9617,16.8101],[98.9654,16.8136],[98.9707,16.8146],[98.9773,16.8134],[98.9841,16.8096],[98.987,16.8102],[98.9886,16.8132],[98.9697,16.8367],[98.9697,16.8433],[98.9662,16.8449],[98.9679,16.8508],[98.9698,16.8519],[98.9699,16.86],[98.9661,16.8651],[98.9591,16.8687],[98.9338,16.8947],[98.9309,16.895],[98.9269,16.8917],[98.9244,16.8921],[98.9238,16.9],[98.9216,16.9028],[98.9222,16.9074],[98.9183,16.9077],[98.908,16.9207],[98.906,16.9206],[98.9048,16.9137],[98.8983,16.9091],[98.8908,16.916],[98.8634,16.914],[98.7988,16.9138],[98.792,16.9114]]]}},{"type":"Feature","properties":{"id":12250882,"name":"\u0e40\u0e02\u0e15\u0e23\u0e31\u0e01\u0e29\u0e32\u0e1e\u0e31\u0e19\u0e18\u0e38\u0e4c\u0e2a\u0e31\u0e15\u0e27\u0e4c\u0e1b\u0e48\u0e32\u0e16\u0e49\u0e33\u0e40\u0e08\u0e49\u0e32\u0e23\u0e32\u0e21","name_en":"Tham Chao Ram Wildlife Sanctuary","boundary":"protected_area","protect_class":"1a"},"geometry":{"type":"Polygon","coordinates":[[[99.387,17.2885],[99.3839,17.2798],[99.3645,17.275],[99.3566,17.2633],[99.3571,17.2605],[99.361,17.2595],[99.3582,17.2547],[99.3541,17.2522],[99.3419,17.261],[99.3395,17.2677],[99.3241,17.2665],[99.321,17.27],[99.3152,17.2698],[99.3189,17.2625],[99.319,17.2557],[99.3215,17.2483],[99.3206,17.2408],[99.3188,17.2382],[99.3198,17.2294],[99.3178,17.2232],[99.314,17.2201],[99.3144,17.2176],[99.3209,17.2168],[99.337,17.2246],[99.3438,17.2336],[99.3452,17.2409],[99.3507,17.2496],[99.3553,17.2401],[99.3534,17.226],[99.358,17.2164],[99.3613,17.2038],[99.3615,17.1963],[99.3675,17.1846],[99.3731,17.1864],[99.3823,17.1911],[99.3828,17.2095],[99.3781,17.2187],[99.375,17.2209],[99.3748,17.2293],[99.3641,17.2427],[99.3685,17.2498],[99.3699,17.2495],[99.3734,17.2422],[99.3771,17.2419],[99.3788,17.2461],[99.3821,17.2459],[99.3811,17.2359],[99.3852,17.2351],[99.3865,17.2419],[99.3881,17.2417],[99.3898,17.2304],[99.3951,17.2304],[99.3965,17.234],[99.3997,17.2313],[99.3943,17.2062],[99.3955,17.2061],[99.4,17.2143],[99.4024,17.2119],[99.401,17.2083],[99.4061,17.2088],[99.4072,17.2036],[99.4105,17.2027],[99.4104,17.1981],[99.4024,17.1938],[99.401,17.1918],[99.4019,17.1896],[99.4111,17.1854],[99.4202,17.1895],[99.4255,17.1856],[99.4282,17.1859],[99.4303,17.1836],[99.4289,17.1788],[99.4463,17.1652],[99.447,17.1523],[99.4455,17.1501],[99.4473,17.1348],[99.4522,17.1257],[99.4546,17.1252],[99.4559,17.126],[99.463,17.167],[99.4716,17.1601],[99.4798,17.1723],[99.4787,17.1746],[99.4729,17.175],[99.4679,17.1702],[99.4652,17.1804],[99.4685,17.1816],[99.4663,17.1842],[99.4685,17.1861],[99.4677,17.1918],[99.4697,17.1905],[99.4703,17.1915],[99.4692,17.1939],[99.4745,17.1892],[99.4762,17.1907],[99.4788,17.1872],[99.4814,17.1884],[99.4803,17.1821],[99.4845,17.1785],[99.4862,17.1804],[99.4862,17.1869],[99.4828,17.1911],[99.4887,17.1951],[99.4942,17.1893],[99.4986,17.1874],[99.5017,17.1879],[99.5019,17.1949],[99.5038,17.1986],[99.5026,17.2011],[99.497,17.2045],[99.4977,17.2083],[99.4942,17.2114],[99.4921,17.2099],[99.4894,17.2108],[99.4882,17.2139],[99.4915,17.2171],[99.4858,17.2279],[99.4904,17.2295],[99.4897,17.233],[99.4933,17.2361],[99.4917,17.2384],[99.4854,17.2396],[99.4849,17.2436],[99.4896,17.248],[99.4991,17.2441],[99.5009,17.2459],[99.4996,17.2547],[99.5024,17.2586],[99.5025,17.2627],[99.4984,17.2628],[99.4974,17.2707],[99.4932,17.2741],[99.4919,17.2724],[99.4896,17.2744],[99.4865,17.2692],[99.4795,17.2713],[99.4791,17.274],[99.4868,17.2809],[99.4872,17.283],[99.4837,17.2844],[99.4834,17.2894],[99.4779,17.2956],[99.4752,17.2922],[99.4735,17.2943],[99.4701,17.2939],[99.4686,17.2975],[99.4742,17.3012],[99.4695,17.3045],[99.4745,17.3111],[99.4789,17.3114],[99.4785,17.3081],[99.4807,17.3072],[99.4839,17.3013],[99.4875,17.3016],[99.4896,17.3057],[99.4934,17.307],[99.4921,17.3095],[99.4955,17.3102],[99.4953,17.316],[99.4922,17.3186],[99.493,17.3202],[99.4982,17.3191],[99.5006,17.3225],[99.4997,17.3255],[99.4896,17.3222],[99.4876,17.3261],[99.48,17.3283],[99.4636,17.3174],[99.4588,17.311],[99.4563,17.3125],[99.4529,17.3092],[99.4544,17.3023],[99.4447,17.2796],[99.4422,17.2812],[99.4431,17.2902],[99.4402,17.2971],[99.4365,17.2977],[99.4351,17.2939],[99.4324,17.2959],[99.4276,17.2907],[99.4208,17.2915],[99.4089,17.2871],[99.4022,17.2805],[99.3962,17.2812],[99.395,17.2931],[99.3906,17.2937],[99.387,17.2885]]]}},{"type":"Feature","properties":{"id":12252371,"name":"\u0e40\u0e02\u0e15\u0e23\u0e31\u0e01\u0e29\u0e32\u0e1e\u0e31\u0e19\u0e18\u0e38\u0e4c\u0e2a\u0e31\u0e15\u0e27\u0e4c\u0e1b\u0e48\u0e32\u0e14\u0e2d\u0e22\u0e40\u0e27\u0e35\u0e22\u0e07\u0e2b\u0e25\u0e49\u0e32","name_en":"Doi Wiang La Wildlife Sanctuary","boundary":"protected_area","protect_class":"1a"},"geometry":{"type":"Polygon","coordinates":[[[97.9011,18.9031],[97.8972,18.8988],[97.8976,18.8934],[97.893,18.8948],[97.8982,18.8915],[97.8962,18.8902],[97.8958,18.8872],[97.8914,18.8861],[97.8892,18.876],[97.8835,18.8758],[97.8827,18.8735],[97.8834,18.8715],[97.8877,18.8706],[97.889,18.8684],[97.8885,18.8625],[97.8905,18.8568],[97.8906,18.8545],[97.8867,18.8478],[97.8833,18.8466],[97.8842,18.8426],[97.8797,18.8354],[97.88,18.8205],[97.8832,18.8195],[97.8864,18.8095],[97.8852,18.8087],[97.8795,18.8115],[97.8759,18.8078],[97.8719,18.8069],[97.8752,18.8135],[97.8687,18.8172],[97.8664,18.8146],[97.8675,18.812],[97.8646,18.8108],[97.8638,18.8077],[97.8625,18.8081],[97.8622,18.8108],[97.8603,18.8095],[97.8564,18.813],[97.86,18.8209],[97.8591,18.8255],[97.8624,18.8281],[97.8609,18.8306],[97.8634,18.8322],[97.8631,18.8368],[97.8633,18.8324],[97.8597,18.8307],[97.8582,18.8183],[97.855,18.812],[97.8531,18.8169],[97.8474,18.8217],[97.8447,18.8217],[97.8438,18.8246],[97.8409,18.826],[97.8382,18.8357],[97.8459,18.8422],[97.8399,18.8488],[97.8371,18.8461],[97.8317,18.8446],[97.8295,18.8408],[97.8285,18.8425],[97.8262,18.8426],[97.8272,18.8463],[97.8251,18.8459],[97.8243,18.8487],[97.8209,18.8478],[97.8166,18.8494],[97.8182,18.8536],[97.8186,18.8633],[97.8209,18.865],[97.8233,18.8641],[97.8245,18.8663],[97.8215,18.8675],[97.8182,18.8721],[97.8208,18.8776],[97.8163,18.878],[97.812,18.8869],[97.821,18.8908],[97.8207,18.8934],[97.822,18.8921],[97.8262,18.8948],[97.8307,18.8892],[97.8338,18.8907],[97.8328,18.8989],[97.8413,18.9072],[97.8446,18.9055],[97.8458,18.8997],[97.8508,18.895],[97.8597,18.897],[97.8626,18.8999],[97.8593,18.9064],[97.8599,18.9143],[97.8618,18.9167],[97.8603,18.9196],[97.8644,18.9246],[97.8683,18.9233],[97.8714,18.9263],[97.8767,18.9259],[97.8785,18.9217],[97.8803,18.921],[97.8796,18.9193],[97.8863,18.9163],[97.8879,18.9135],[97.8864,18.9109],[97.8908,18.9058],[97.897,18.9055],[97.9011,18.9031]],[[97.8762,18.8607],[97.8796,18.8632],[97.8803,18.8619],[97.8781,18.8587],[97.8766,18.8585],[97.8762,18.8607]]]}},{"type":"Feature","properties":{"id":12252372,"name":"\u0e40\u0e02\u0e15\u0e23\u0e31\u0e01\u0e29\u0e32\u0e1e\u0e31\u0e19\u0e18\u0e38\u0e4c\u0e2a\u0e31\u0e15\u0e27\u0e4c\u0e1b\u0e48\u0e32\u0e41\u0e21\u0e48\u0e22\u0e27\u0e21\u0e1d\u0e31\u0e48\u0e07\u0e02\u0e27\u0e32","name_en":"Mae Yuam Fang Khwa Wildlife Sanctuary","boundary":"protected_area","protect_class":"1a"},"geometry":{"type":"Polygon","coordinates":[[[97.7735,18.6186],[97.782,18.6206],[97.7906,18.6174],[97.8054,18.6151],[97.8169,18.6143],[97.8281,18.6157],[97.8406,18.6131],[97.8457,18.6143],[97.8511,18.6199],[97.8595,18.6201],[97.8641,18.6223],[97.8701,18.6165],[97.8711,18.6133],[97.8797,18.6155],[97.8837,18.6084],[97.8905,18.6088],[97.8977,18.6131],[97.9009,18.617],[97.9047,18.6147],[97.904,18.6114],[97.9071,18.6097],[97.9065,18.6071],[97.9116,18.6035],[97.9071,18.5991],[97.9058,18.5947],[97.9026,18.597],[97.9034,18.5943],[97.9021,18.5926],[97.8993,18.5978],[97.8953,18.5981],[97.8984,18.5951],[97.8992,18.5903],[97.9025,18.5901],[97.9027,18.5864],[97.907,18.5854],[97.9042,18.5822],[97.9061,18.5782],[97.9096,18.5769],[97.9106,18.5719],[97.9062,18.57],[97.9078,18.5681],[97.9093,18.5687],[97.9098,18.5649],[97.907,18.5576],[97.909,18.5562],[97.9095,18.55],[97.906,18.5485],[97.9079,18.5462],[97.903,18.544],[97.9042,18.5476],[97.9012,18.5495],[97.8948,18.5466],[97.8971,18.5452],[97.8983,18.5398],[97.8942,18.5374],[97.8938,18.5316],[97.8962,18.5291],[97.8925,18.5277],[97.9013,18.5226],[97.9018,18.5195],[97.8989,18.5186],[97.9018,18.5181],[97.9021,18.5156],[97.8967,18.5134],[97.8956,18.5095],[97.8739,18.5084],[97.871,18.5055],[97.8846,18.4917],[97.8937,18.4778],[97.8966,18.4764],[97.8988,18.4795],[97.9,18.478],[97.9019,18.4785],[97.9035,18.4731],[97.9058,18.4736],[97.907,18.4719],[97.9055,18.468],[97.9071,18.4674],[97.9095,18.4693],[97.9107,18.4683],[97.91,18.4593],[97.9135,18.4577],[97.9118,18.4557],[97.9124,18.4525],[97.9086,18.4489],[97.9113,18.4478],[97.9192,18.4488],[97.9121,18.4427],[97.9091,18.4422],[97.9112,18.4392],[97.9093,18.4333],[97.9027,18.4329],[97.9119,18.4252],[97.912,18.4225],[97.9074,18.4176],[97.9098,18.4123],[97.9133,18.4108],[97.9143,18.406],[97.9132,18.4035],[97.9094,18.4042],[97.9082,18.4026],[97.9104,18.3986],[97.9137,18.3976],[97.9162,18.3911],[97.9099,18.389],[97.9112,18.3851],[97.9082,18.3786],[97.8927,18.3689],[97.8912,18.3736],[97.8875,18.3767],[97.8847,18.3758],[97.8829,18.3814],[97.8814,18.3813],[97.8817,18.3843],[97.8772,18.3873],[97.8742,18.3939],[97.8754,18.3991],[97.8695,18.4083],[97.8699,18.411],[97.8621,18.4135],[97.8567,18.4179],[97.8519,18.4237],[97.8515,18.4282],[97.8475,18.432],[97.842,18.4309],[97.8308,18.4317],[97.8285,18.4292],[97.8241,18.4283],[97.8187,18.4301],[97.8005,18.4266],[97.7999,18.4293],[97.8018,18.4315],[97.8015,18.4346],[97.8049,18.4444],[97.7894,18.4444],[97.7842,18.4519],[97.7845,18.4619],[97.7797,18.4744],[97.7804,18.4881],[97.7842,18.4967],[97.7807,18.5084],[97.7824,18.5229],[97.7855,18.5309],[97.7848,18.5403],[97.7768,18.5426],[97.7668,18.5542],[97.7668,18.5595],[97.7708,18.5742],[97.7693,18.5799],[97.767,18.5822],[97.7692,18.5868],[97.7667,18.5889],[97.77,18.5917],[97.7721,18.5978],[97.7711,18.6055],[97.7739,18.6103],[97.7735,18.6186]]]}},{"type":"Feature","properties":{"id":12252373,"name":"\u0e40\u0e02\u0e15\u0e23\u0e31\u0e01\u0e29\u0e32\u0e1e\u0e31\u0e19\u0e18\u0e38\u0e4c\u0e2a\u0e31\u0e15\u0e27\u0e4c\u0e1b\u0e48\u0e32\u0e2a\u0e32\u0e25\u0e30\u0e27\u0e34\u0e19","name_en":"Salawin Wildlife Sanctuary","boundary":"protected_area","protect_class":"1a"},"geometry":{"type":"Polygon","coordinates":[[[97.7928,18.355],[97.7739,18.354],[97.7634,18.3505],[97.7603,18.3467],[97.7543,18.3475],[97.7523,18.3498],[97.7363,18.3547],[97.7303,18.3531],[97.718,18.3575],[97.7093,18.3518],[97.7085,18.3527],[97.7106,18.3577],[97.7084,18.3615],[97.7003,18.3635],[97.6871,18.3633],[97.6826,18.3684],[97.6756,18.3685],[97.6814,18.3582],[97.6888,18.36],[97.6939,18.354],[97.6899,18.3535],[97.6924,18.3508],[97.6897,18.3479],[97.6918,18.3475],[97.6879,18.3436],[97.6896,18.3414],[97.689,18.3391],[97.6912,18.3371],[97.6893,18.337],[97.69,18.3344],[97.6864,18.3311],[97.6898,18.3273],[97.6872,18.3266],[97.6891,18.3236],[97.6873,18.3233],[97.6881,18.3205],[97.6867,18.3196],[97.6896,18.3142],[97.687,18.3153],[97.6859,18.3139],[97.6808,18.3133],[97.6765,18.31],[97.6754,18.3117],[97.6719,18.3112],[97.6708,18.3068],[97.6645,18.307],[97.6602,18.2973],[97.6579,18.2984],[97.6627,18.2919],[97.6595,18.2909],[97.6589,18.2872],[97.6585,18.2897],[97.6558,18.2903],[97.6555,18.2867],[97.6526,18.2899],[97.6519,18.2859],[97.6486,18.2875],[97.648,18.29],[97.6417,18.2882],[97.6403,18.2897],[97.6391,18.2882],[97.6202,18.3179],[97.6143,18.3201],[97.605,18.3271],[97.5994,18.3283],[97.5941,18.3318],[97.5828,18.3325],[97.576,18.3387],[97.5675,18.3361],[97.5594,18.3394],[97.5512,18.3341],[97.5497,18.3309],[97.5366,18.2862],[97.5299,18.2789],[97.5205,18.2726],[97.5067,18.2662],[97.5018,18.2674],[97.4841,18.2909],[97.4666,18.3034],[97.4623,18.3088],[97.4527,18.3284],[97.4476,18.3303],[97.4441,18.3403],[97.4421,18.3601],[97.4511,18.3753],[97.4521,18.3898],[97.4467,18.3947],[97.4421,18.4033],[97.4367,18.4067],[97.4305,18.4057],[97.4264,18.408],[97.4235,18.4172],[97.4201,18.4211],[97.4182,18.4356],[97.4139,18.4424],[97.4038,18.4487],[97.3986,18.4587],[97.3868,18.5054],[97.3735,18.523],[97.3634,18.5264],[97.3535,18.5343],[97.3506,18.542],[97.3462,18.5461],[97.3438,18.5761],[97.3576,18.5911],[97.3601,18.5987],[97.3619,18.5995],[97.3633,18.5933],[97.3618,18.5691],[97.3631,18.5599],[97.3883,18.56],[97.3943,18.5617],[97.398,18.5656],[97.4032,18.5667],[97.4092,18.5552],[97.4129,18.5527],[97.4181,18.5528],[97.4216,18.5485],[97.4267,18.5454],[97.4284,18.5255],[97.4358,18.5208],[97.4365,18.507],[97.4434,18.5021],[97.4449,18.4982],[97.444,18.495],[97.4543,18.4935],[97.4588,18.4995],[97.4637,18.4971],[97.4664,18.4978],[97.4703,18.5014],[97.4708,18.504],[97.4792,18.507],[97.4818,18.5111],[97.4845,18.5086],[97.491,18.5099],[97.4977,18.4964],[97.5018,18.4935],[97.5101,18.4928],[97.511,18.4952],[97.5188,18.4977],[97.522,18.4944],[97.5282,18.4959],[97.5344,18.4911],[97.5368,18.4927],[97.5399,18.5013],[97.5387,18.5039],[97.5429,18.5138],[97.5438,18.526],[97.546,18.5295],[97.5493,18.5308],[97.554,18.5275],[97.558,18.5273],[97.5634,18.5217],[97.567,18.5246],[97.5717,18.535],[97.5818,18.5328],[97.586,18.5335],[97.5884,18.5379],[97.5912,18.538],[97.5943,18.5355],[97.6034,18.5362],[97.6065,18.5436],[97.6131,18.5457],[97.6187,18.5428],[97.6199,18.5393],[97.6221,18.5409],[97.6226,18.5443],[97.6145,18.555],[97.6141,18.5612],[97.62,18.5642],[97.6273,18.5656],[97.6349,18.5586],[97.6423,18.5648],[97.6444,18.5647],[97.6455,18.5608],[97.6494,18.559],[97.6502,18.5529],[97.653,18.5483],[97.6516,18.5411],[97.6524,18.5393],[97.6563,18.5382],[97.6577,18.5294],[97.6597,18.5267],[97.6635,18.5259],[97.6684,18.5293],[97.6704,18.528],[97.6702,18.5215],[97.6758,18.5128],[97.6779,18.5132],[97.6774,18.5188],[97.6789,18.5198],[97.6758,18.5215],[97.6797,18.5267],[97.6766,18.5279],[97.6779,18.5325],[97.68,18.5347],[97.6833,18.535],[97.6882,18.5415],[97.6868,18.5426],[97.6882,18.5544],[97.6835,18.5553],[97.6806,18.5584],[97.6811,18.5626],[97.6755,18.5678],[97.6773,18.571],[97.6809,18.5711],[97.6825,18.5752],[97.6931,18.57],[97.7015,18.5696],[97.7096,18.5724],[97.71,18.5639],[97.722,18.5657],[97.7267,18.57],[97.7283,18.5766],[97.7304,18.5777],[97.7302,18.5801],[97.7346,18.5849],[97.7384,18.5795],[97.7477,18.5784],[97.7513,18.5762],[97.7575,18.578],[97.7687,18.5783],[97.7708,18.5742],[97.7668,18.5595],[97.7668,18.5542],[97.7768,18.5426],[97.7848,18.5403],[97.7855,18.5309],[97.7824,18.5229],[97.7807,18.5084],[97.7842,18.4967],[97.7804,18.4881],[97.7797,18.4744],[97.7845,18.4619],[97.7842,18.4519],[97.7894,18.4444],[97.8049,18.4444],[97.8015,18.4346],[97.8018,18.4315],[97.7999,18.4293],[97.8001,18.4208],[97.7971,18.4173],[97.8075,18.4119],[97.8082,18.4068],[97.8051,18.4008],[97.8097,18.3936],[97.8042,18.3913],[97.7987,18.3795],[97.8012,18.3738],[97.7998,18.3694],[97.7949,18.3674],[97.7928,18.355]],[[97.7108,18.5549],[97.7182,18.5576],[97.7193,18.5508],[97.7176,18.5475],[97.7117,18.5462],[97.7108,18.5549]]]}},{"type":"Feature","properties":{"id":12252374,"name":"\u0e40\u0e02\u0e15\u0e23\u0e31\u0e01\u0e29\u0e32\u0e1e\u0e31\u0e19\u0e18\u0e38\u0e4c\u0e2a\u0e31\u0e15\u0e27\u0e4c\u0e1b\u0e48\u0e32\u0e14\u0e2d\u0e22\u0e1c\u0e32\u0e40\u0e21\u0e37\u0e2d\u0e07","name_en":"Doi Pha Mueang Wildlife Sanctuary","boundary":"protected_area","protect_class":"1a"},"geometry":{"type":"Polygon","coordinates":[[[99.21,18.2395],[99.2083,18.2381],[99.2091,18.234],[99.1987,18.2299],[99.1947,18.2251],[99.187,18.2245],[99.1872,18.2184],[99.1852,18.2148],[99.187,18.2116],[99.1855,18.2042],[99.1838,18.2025],[99.1808,18.2055],[99.1772,18.2166],[99.1669,18.2206],[99.1647,18.2241],[99.1643,18.2284],[99.1611,18.2303],[99.1594,18.2382],[99.155,18.2391],[99.1489,18.2364],[99.1518,18.2234],[99.1457,18.2221],[99.1493,18.2097],[99.132,18.2085],[99.1185,18.1997],[99.1035,18.2058],[99.0934,18.213],[99.0879,18.2237],[99.0854,18.2336],[99.0781,18.2333],[99.0907,18.2055],[99.08,18.2021],[99.0663,18.2028],[99.0459,18.1907],[99.0567,18.1759],[99.0514,18.1627],[99.0534,18.1578],[99.0579,18.1561],[99.0649,18.1398],[99.0642,18.1241],[99.0666,18.1171],[99.0655,18.1103],[99.07,18.1074],[99.0702,18.1057],[99.0667,18.0999],[99.0678,18.0965],[99.0722,18.0932],[99.0728,18.0834],[99.0703,18.0621],[99.0825,18.0444],[99.0844,18.0359],[99.0835,18.0336],[99.078,18.0328],[99.0726,18.0299],[99.0555,18.0384],[99.0543,18.0409],[99.0457,18.0461],[99.0455,18.048],[99.0392,18.0497],[99.0424,18.0637],[99.0405,18.0646],[99.0402,18.0766],[99.0372,18.0801],[99.038,18.0909],[99.0363,18.0916],[99.0381,18.0954],[99.0355,18.0959],[99.0353,18.1003],[99.0319,18.098],[99.025,18.1248],[99.0201,18.1304],[99.0175,18.1301],[99.0161,18.1363],[99.0111,18.1387],[99.0077,18.1437],[99.0056,18.1397],[99.0032,18.1403],[99.0012,18.1426],[98.9948,18.1449],[98.9937,18.1484],[98.9896,18.1455],[98.9861,18.1475],[98.9824,18.1535],[98.9791,18.155],[98.9748,18.1539],[98.962,18.1714],[98.9672,18.1744],[98.9694,18.1736],[98.9733,18.1753],[98.9744,18.1778],[98.9722,18.1808],[98.9743,18.1852],[98.974,18.1905],[98.9783,18.1945],[98.9786,18.1969],[98.9755,18.2046],[98.9757,18.2133],[98.9734,18.2151],[98.9752,18.2163],[98.9721,18.2191],[98.9711,18.2232],[98.9723,18.2247],[98.9684,18.2273],[98.9658,18.2385],[98.9628,18.2419],[98.9636,18.2438],[98.9651,18.2433],[98.9666,18.2494],[98.9691,18.2495],[98.969,18.2522],[98.9752,18.253],[98.9752,18.2466],[98.9781,18.2493],[98.9819,18.2475],[98.9861,18.2567],[98.9834,18.2619],[98.9837,18.2649],[98.9789,18.2652],[98.9801,18.2687],[98.9706,18.2784],[98.9721,18.2838],[98.9712,18.2917],[98.9734,18.2968],[98.9717,18.2981],[98.9722,18.3021],[98.971,18.3035],[98.9754,18.3106],[98.9748,18.3118],[98.9781,18.3129],[98.9815,18.3199],[98.9803,18.3251],[98.9818,18.3346],[98.9792,18.337],[98.9786,18.3417],[98.98,18.3429],[98.983,18.3406],[98.9881,18.3444],[98.9848,18.3502],[98.9908,18.3519],[98.9863,18.3614],[98.9861,18.366],[98.9844,18.3665],[98.9849,18.3731],[98.9879,18.3815],[98.9917,18.3821],[98.9932,18.38],[98.9958,18.3843],[98.9942,18.3877],[98.9913,18.3881],[98.989,18.3864],[98.9889,18.3892],[98.9932,18.3904],[99.0092,18.3867],[99.0121,18.3775],[99.019,18.3746],[99.0189,18.3846],[99.021,18.3859],[99.0211,18.39],[99.0121,18.3894],[99.009,18.3935],[99.0162,18.3997],[99.0242,18.4026],[99.0375,18.4009],[99.0436,18.4029],[99.049,18.4008],[99.0511,18.3918],[99.0534,18.3907],[99.0554,18.3931],[99.0545,18.3948],[99.0576,18.3974],[99.0607,18.3941],[99.0626,18.3948],[99.0621,18.4039],[99.0672,18.4107],[99.0718,18.4106],[99.0788,18.4131],[99.0822,18.409],[99.0925,18.4105],[99.095,18.4135],[99.1019,18.415],[99.104,18.4203],[99.1066,18.4221],[99.1106,18.4209],[99.1127,18.4285],[99.1212,18.4347],[99.1401,18.4391],[99.1419,18.4246],[99.1685,18.4258],[99.1689,18.435],[99.1587,18.4405],[99.1628,18.4447],[99.1651,18.4451],[99.1651,18.4508],[99.1673,18.4547],[99.1702,18.455],[99.1709,18.4574],[99.1745,18.4579],[99.176,18.4555],[99.1786,18.4559],[99.1809,18.4537],[99.1836,18.4535],[99.1873,18.4575],[99.2013,18.453],[99.2048,18.4453],[99.2056,18.4346],[99.2092,18.4239],[99.2096,18.4102],[99.2156,18.3943],[99.2236,18.3795],[99.2283,18.3767],[99.2321,18.3775],[99.2364,18.3682],[99.2326,18.3627],[99.2335,18.3477],[99.2327,18.3462],[99.2264,18.3462],[99.2225,18.3543],[99.2221,18.3603],[99.2188,18.3632],[99.2201,18.369],[99.2163,18.3694],[99.2161,18.3627],[99.2178,18.359],[99.2166,18.3576],[99.2187,18.3568],[99.2174,18.3538],[99.2193,18.3439],[99.2224,18.3397],[99.2243,18.3401],[99.2267,18.3377],[99.2282,18.3331],[99.2325,18.3313],[99.2321,18.329],[99.2344,18.3252],[99.2434,18.3243],[99.2434,18.3222],[99.2486,18.317],[99.2443,18.3069],[99.2412,18.3061],[99.2367,18.2998],[99.2375,18.2946],[99.2355,18.2944],[99.2327,18.2889],[99.2261,18.2837],[99.2229,18.2837],[99.2222,18.2816],[99.2241,18.2794],[99.2209,18.278],[99.2224,18.2754],[99.2204,18.2686],[99.2173,18.2665],[99.2139,18.2685],[99.2095,18.2632],[99.2134,18.2621],[99.2129,18.2484],[99.2104,18.2456],[99.21,18.2395]],[[99.2276,18.3174],[99.2247,18.3181],[99.2226,18.3245],[99.2248,18.327],[99.2287,18.3281],[99.2319,18.3268],[99.2335,18.3203],[99.2276,18.3174]]]}},{"type":"Feature","properties":{"id":12309757,"name":"\u0e40\u0e02\u0e15\u0e23\u0e31\u0e01\u0e29\u0e32\u0e1e\u0e31\u0e19\u0e18\u0e38\u0e4c\u0e2a\u0e31\u0e15\u0e27\u0e4c\u0e1b\u0e48\u0e32\u0e40\u0e0a\u0e35\u0e22\u0e07\u0e14\u0e32\u0e27","name_en":"Chiang Dao Wildlife Sanctuary","boundary":"protected_area","protect_class":"1a"},"geometry":{"type":"Polygon","coordinates":[[[98.9368,19.4518],[98.939,19.453],[98.9416,19.4502],[98.9395,19.4468],[98.9409,19.4427],[98.9373,19.4408],[98.9389,19.4375],[98.9386,19.4308],[98.9465,19.426],[98.9475,19.4183],[98.9454,19.4114],[98.946,19.406],[98.9423,19.4041],[98.9411,19.4001],[98.9351,19.3993],[98.9319,19.3971],[98.9308,19.4054],[98.9285,19.4044],[98.9276,19.4075],[98.9253,19.4072],[98.9208,19.4131],[98.9165,19.4134],[98.921,19.4121],[98.9268,19.4001],[98.9285,19.3904],[98.9276,19.3886],[98.9233,19.3878],[98.9229,19.3846],[98.9251,19.3831],[98.925,19.3811],[98.93,19.3798],[98.9256,19.3662],[98.9215,19.3632],[98.9265,19.3626],[98.9275,19.3607],[98.93,19.3632],[98.9334,19.3604],[98.94,19.3595],[98.9437,19.3536],[98.9428,19.3512],[98.9321,19.3585],[98.9346,19.3528],[98.9312,19.3509],[98.9318,19.3488],[98.9303,19.3472],[98.933,19.3461],[98.9263,19.3385],[98.9263,19.3295],[98.9203,19.332],[98.9151,19.3382],[98.9138,19.3366],[98.9102,19.3364],[98.9091,19.3322],[98.8993,19.3368],[98.8925,19.3379],[98.892,19.3344],[98.8883,19.3362],[98.8841,19.3343],[98.8818,19.3369],[98.8774,19.336],[98.873,19.341],[98.8707,19.3407],[98.8688,19.345],[98.8654,19.3447],[98.8621,19.3469],[98.8612,19.3496],[98.8523,19.3479],[98.8489,19.3449],[98.8458,19.3444],[98.8441,19.3419],[98.8455,19.341],[98.8441,19.3385],[98.8456,19.3342],[98.8446,19.3323],[98.8378,19.3293],[98.83,19.3235],[98.8301,19.3209],[98.8284,19.3202],[98.8237,19.3225],[98.818,19.3216],[98.8053,19.3231],[98.7951,19.3266],[98.7901,19.3372],[98.7811,19.3433],[98.7731,19.3393],[98.7699,19.335],[98.7654,19.3334],[98.7626,19.3297],[98.7546,19.3314],[98.7497,19.3264],[98.7421,19.3246],[98.7401,19.3214],[98.7386,19.322],[98.7381,19.3198],[98.7332,19.3188],[98.7301,19.3152],[98.7288,19.315],[98.729,19.3169],[98.7265,19.3151],[98.7257,19.3172],[98.7228,19.3123],[98.7203,19.3106],[98.7197,19.3115],[98.7182,19.3092],[98.7136,19.3118],[98.7134,19.3088],[98.7112,19.3082],[98.7101,19.3053],[98.7077,19.305],[98.7091,19.3036],[98.7053,19.2983],[98.7027,19.3011],[98.7051,19.3076],[98.7011,19.3045],[98.7003,19.3073],[98.7021,19.3108],[98.7045,19.31],[98.7026,19.3182],[98.7034,19.3229],[98.6997,19.327],[98.6944,19.3292],[98.695,19.3355],[98.6987,19.3376],[98.6974,19.3407],[98.7022,19.3415],[98.7012,19.343],[98.7066,19.3495],[98.7059,19.3518],[98.7118,19.3513],[98.7094,19.3539],[98.7127,19.356],[98.7118,19.3588],[98.7071,19.3608],[98.7104,19.3662],[98.7125,19.3667],[98.7156,19.3645],[98.7279,19.368],[98.7387,19.3661],[98.7295,19.3697],[98.7191,19.3667],[98.7146,19.3671],[98.7164,19.3712],[98.7237,19.376],[98.7252,19.3741],[98.7275,19.3748],[98.7287,19.3722],[98.7327,19.3727],[98.734,19.3754],[98.7304,19.3758],[98.7284,19.3791],[98.7316,19.3854],[98.7341,19.3839],[98.7341,19.3865],[98.7317,19.388],[98.7299,19.385],[98.7287,19.3863],[98.7249,19.3846],[98.7241,19.3856],[98.7231,19.3926],[98.7261,19.395],[98.7242,19.4003],[98.7264,19.4055],[98.7234,19.409],[98.7276,19.4106],[98.7245,19.4122],[98.7251,19.4148],[98.7203,19.426],[98.7165,19.4249],[98.7164,19.4268],[98.7127,19.4295],[98.7108,19.4285],[98.6967,19.4358],[98.6975,19.4413],[98.6915,19.4426],[98.6918,19.4492],[98.6879,19.4539],[98.689,19.461],[98.6855,19.4601],[98.6827,19.467],[98.6799,19.4671],[98.6784,19.4705],[98.676,19.4712],[98.6757,19.4751],[98.673,19.4777],[98.6647,19.4794],[98.658,19.4876],[98.6593,19.4916],[98.6577,19.4932],[98.6594,19.4937],[98.6594,19.4978],[98.6566,19.5053],[98.6621,19.5052],[98.6614,19.5122],[98.6634,19.5142],[98.6623,19.5174],[98.6602,19.5171],[98.6585,19.5197],[98.6564,19.5179],[98.6531,19.5219],[98.658,19.5237],[98.6585,19.5273],[98.6604,19.5288],[98.6663,19.5297],[98.6764,19.5366],[98.6813,19.542],[98.6824,19.5482],[98.6898,19.552],[98.6866,19.5498],[98.6936,19.5459],[98.6972,19.5461],[98.6984,19.5445],[98.6972,19.5432],[98.6996,19.5434],[98.6998,19.5414],[98.7041,19.54],[98.7034,19.5337],[98.7137,19.5284],[98.7146,19.5243],[98.7162,19.5237],[98.7151,19.522],[98.7174,19.5223],[98.7185,19.5198],[98.7233,19.5206],[98.7243,19.5142],[98.7323,19.5122],[98.7369,19.5129],[98.7419,19.507],[98.7476,19.5047],[98.7533,19.5078],[98.7495,19.5133],[98.751,19.5177],[98.7542,19.5187],[98.7556,19.5171],[98.7618,19.5191],[98.7644,19.516],[98.7669,19.5168],[98.7669,19.5215],[98.7718,19.5235],[98.7773,19.5213],[98.7871,19.5138],[98.7954,19.5153],[98.8001,19.5132],[98.8019,19.5148],[98.8026,19.5085],[98.8041,19.5078],[98.8059,19.5093],[98.8139,19.5064],[98.8154,19.5029],[98.8195,19.511],[98.8231,19.5105],[98.8245,19.5134],[98.8268,19.513],[98.8263,19.5141],[98.8308,19.5115],[98.8409,19.5168],[98.8412,19.5151],[98.8433,19.5148],[98.8461,19.5152],[98.8474,19.5172],[98.8488,19.5148],[98.851,19.5159],[98.851,19.5177],[98.8535,19.5183],[98.8579,19.5154],[98.8636,19.5156],[98.8639,19.5172],[98.8594,19.5198],[98.8579,19.5229],[98.859,19.5243],[98.8767,19.5285],[98.8796,19.5272],[98.8825,19.5284],[98.8868,19.5259],[98.8882,19.5282],[98.8908,19.528],[98.8993,19.5205],[98.9067,19.5189],[98.9076,19.5165],[98.9122,19.5152],[98.9155,19.5118],[98.9241,19.5116],[98.9259,19.5124],[98.9249,19.5132],[98.9289,19.5136],[98.928,19.5119],[98.9319,19.512],[98.9318,19.5081],[98.9344,19.5055],[98.9416,19.508],[98.9458,19.507],[98.9487,19.5083],[98.9582,19.5065],[98.9527,19.4875],[98.9511,19.4903],[98.9476,19.4907],[98.9491,19.4892],[98.9493,19.4832],[98.9375,19.5007],[98.9312,19.502],[98.9291,19.4994],[98.9283,19.5016],[98.9268,19.5011],[98.9283,19.498],[98.9337,19.4995],[98.9385,19.498],[98.9475,19.4805],[98.9513,19.4763],[98.9461,19.4752],[98.9487,19.4687],[98.9471,19.4571],[98.9446,19.4565],[98.9426,19.4584],[98.9433,19.4552],[98.9402,19.4548],[98.9388,19.459],[98.9371,19.4597],[98.9387,19.4623],[98.9351,19.4627],[98.9336,19.4603],[98.9382,19.4547],[98.9364,19.4535],[98.9368,19.4518]]]}},{"type":"Feature","properties":{"id":12338887,"name":"\u0e27\u0e19\u0e2d\u0e38\u0e17\u0e22\u0e32\u0e19\u0e17\u0e38\u0e48\u0e07\u0e1a\u0e31\u0e27\u0e15\u0e2d\u0e07","name_en":"Thung Bua Tong Forest Park","boundary":"protected_area","protect_class":"3"},"geometry":{"type":"Polygon","coordinates":[[[98.0677,18.9429],[98.0699,18.9457],[98.0752,18.9413],[98.0762,18.9373],[98.0732,18.9364],[98.0734,18.933],[98.0809,18.9265],[98.0837,18.9262],[98.0852,18.9167],[98.0899,18.9166],[98.0907,18.9078],[98.0943,18.9036],[98.106,18.9032],[98.112,18.8937],[98.1085,18.8864],[98.1023,18.8846],[98.0955,18.8722],[98.0913,18.87],[98.0962,18.8791],[98.0948,18.8822],[98.0907,18.8852],[98.0823,18.8799],[98.0796,18.8827],[98.0768,18.8928],[98.0792,18.9006],[98.084,18.9035],[98.0833,18.9095],[98.0802,18.9148],[98.0724,18.9183],[98.0749,18.9192],[98.0759,18.9223],[98.0677,18.9429]]]}},{"type":"Feature","properties":{"id":12338888,"name":"\u0e2d\u0e38\u0e17\u0e22\u0e32\u0e19\u0e41\u0e2b\u0e48\u0e07\u0e0a\u0e32\u0e15\u0e34\u0e19\u0e49\u0e33\u0e15\u0e01\u0e41\u0e21\u0e48\u0e2a\u0e38\u0e23\u0e34\u0e19\u0e17\u0e23\u0e4c","name_en":"Namtok Mae Surin National Park","boundary":"national_park","protect_class":"2"},"geometry":{"type":"Polygon","coordinates":[[[98.0403,19.3645],[98.0396,19.3668],[98.0362,19.3672],[98.0318,19.3622],[98.0152,19.3569],[98.0076,19.3492],[98.0028,19.3475],[98.0013,19.3483],[97.9983,19.3578],[97.9928,19.3569],[97.9921,19.3546],[97.9893,19.3562],[97.9803,19.3456],[97.979,19.3421],[97.9806,19.3353],[97.9894,19.3306],[97.9923,19.2945],[98.0046,19.2929],[98.0144,19.2962],[98.0275,19.2936],[98.0372,19.2987],[98.04,19.2963],[98.0265,19.277],[98.0211,19.2778],[98.0197,19.2756],[98.0228,19.271],[98.021,19.2651],[98.0187,19.2654],[98.0144,19.2726],[97.988,19.2854],[97.989,19.2889],[97.9869,19.2905],[97.9755,19.2912],[97.9761,19.2931],[97.9739,19.295],[97.9665,19.2895],[97.9674,19.2881],[97.9717,19.289],[97.9716,19.2862],[97.9689,19.2872],[97.9675,19.2856],[97.9673,19.2872],[97.9657,19.2871],[97.9589,19.2765],[97.9608,19.2739],[97.9637,19.2764],[97.9664,19.2763],[97.9713,19.2717],[97.9704,19.2688],[97.968,19.2685],[97.9703,19.2675],[97.9696,19.2663],[97.9659,19.2675],[97.9655,19.2609],[97.9679,19.262],[97.9662,19.2578],[97.9674,19.2566],[97.9717,19.2605],[97.9724,19.2539],[97.9795,19.2519],[97.9838,19.2549],[97.9843,19.2583],[97.9884,19.2615],[97.9929,19.2578],[97.9998,19.2574],[98.0001,19.2508],[97.9974,19.2469],[97.9835,19.2458],[97.9819,19.242],[97.9824,19.2371],[97.974,19.2353],[97.9703,19.2309],[97.974,19.2224],[97.9792,19.2191],[97.9812,19.212],[97.9911,19.2078],[97.9901,19.1997],[97.992,19.1898],[98.0011,19.1698],[97.998,19.1665],[97.996,19.1547],[97.9934,19.1534],[97.9925,19.1455],[97.9939,19.1437],[97.9934,19.1399],[97.996,19.1383],[97.9949,19.1364],[97.9959,19.1348],[97.9946,19.1316],[97.9926,19.132],[97.9929,19.1277],[97.99,19.1248],[97.9934,19.1205],[97.9912,19.1179],[97.9937,19.1169],[97.9933,19.1136],[98.0063,19.1043],[98.0154,19.0944],[98.0237,19.0932],[98.0304,19.0997],[98.0303,19.0929],[98.0349,19.0919],[98.0412,19.0878],[98.0522,19.085],[98.0546,19.0832],[98.0543,19.0763],[98.0574,19.077],[98.0681,19.0747],[98.0693,19.0719],[98.0664,19.0634],[98.046,19.0528],[98.0422,19.0536],[98.0394,19.0574],[98.0333,19.0511],[98.0317,19.0466],[98.0237,19.039],[98.0082,19.031],[98.006,19.0283],[98.0052,19.0183],[98.0001,19.0149],[97.988,19.0133],[97.9886,19.0063],[97.9944,19.0064],[97.9892,19.0013],[97.9912,18.9791],[97.9882,18.9746],[97.975,18.9727],[97.9694,18.9695],[97.9685,18.9561],[97.9699,18.9531],[97.967,18.9543],[97.9674,18.9495],[97.9619,18.95],[97.9627,18.9481],[97.961,18.9476],[97.9609,18.9441],[97.9588,18.9442],[97.9578,18.9425],[97.9585,18.9402],[97.9539,18.9263],[97.9599,18.9191],[97.9668,18.9203],[97.967,18.9192],[97.9656,18.9153],[97.9623,18.9137],[97.9588,18.9069],[97.9565,18.9064],[97.9559,18.9046],[97.9581,18.9021],[97.9791,18.8999],[97.9863,18.8952],[97.9863,18.8938],[97.9889,18.8945],[97.995,18.891],[97.9956,18.888],[98.0009,18.8887],[98.006,18.8859],[98.0099,18.8876],[98.0158,18.8868],[98.0235,18.8833],[98.0278,18.8842],[98.0357,18.8789],[98.0371,18.8798],[98.0356,18.8918],[98.032,18.8959],[98.034,18.9019],[98.05,18.898],[98.0531,18.8948],[98.0583,18.8953],[98.0607,18.9211],[98.0724,18.9183],[98.0749,18.9192],[98.0759,18.9223],[98.0704,18.9342],[98.0675,18.9455],[98.0665,18.9468],[98.0602,18.9447],[98.0572,18.947],[98.0611,18.9538],[98.0585,18.9568],[98.0576,18.9655],[98.0545,18.971],[98.0627,18.9795],[98.0647,18.9843],[98.0738,18.9912],[98.074,19.0024],[98.0588,19.0087],[98.0589,19.0142],[98.0567,19.0166],[98.0593,19.0238],[98.0582,19.0339],[98.0547,19.0369],[98.0547,19.0403],[98.062,19.0404],[98.0624,19.0421],[98.07,19.0435],[98.076,19.0425],[98.0779,19.0451],[98.0883,19.0423],[98.0913,19.048],[98.0886,19.049],[98.0897,19.0509],[98.0881,19.0523],[98.0874,19.0508],[98.0837,19.0534],[98.0853,19.0572],[98.088,19.0572],[98.0846,19.059],[98.0846,19.0611],[98.0878,19.0613],[98.0872,19.0639],[98.0842,19.0641],[98.0862,19.0682],[98.0854,19.0722],[98.0824,19.0744],[98.0841,19.0778],[98.0821,19.078],[98.0824,19.082],[98.0843,19.0819],[98.0852,19.0843],[98.0805,19.0843],[98.0791,19.0865],[98.0808,19.0869],[98.0798,19.0886],[98.0811,19.0919],[98.0793,19.0931],[98.0824,19.0959],[98.0854,19.0961],[98.0861,19.0978],[98.0931,19.1003],[98.0998,19.1001],[98.0995,19.1019],[98.1034,19.1024],[98.1074,19.1182],[98.107,19.1211],[98.1037,19.124],[98.1002,19.1247],[98.0978,19.1225],[98.0936,19.1223],[98.0904,19.1267],[98.0935,19.1343],[98.0911,19.1402],[98.0973,19.1435],[98.0996,19.1495],[98.1031,19.1507],[98.1054,19.1539],[98.1025,19.1572],[98.1011,19.1559],[98.0991,19.1575],[98.1,19.1596],[98.0961,19.163],[98.0911,19.1855],[98.0811,19.1953],[98.0783,19.2034],[98.0662,19.2044],[98.0652,19.2209],[98.0685,19.2308],[98.0662,19.2369],[98.082,19.2726],[98.0805,19.2979],[98.0754,19.3127],[98.0605,19.3136],[98.0522,19.3082],[98.0461,19.3191],[98.049,19.3272],[98.0456,19.334],[98.0484,19.3385],[98.0369,19.3574],[98.0379,19.362],[98.0403,19.3645]]]}},{"type":"Feature","properties":{"id":12351271,"name":"\u0e40\u0e02\u0e15\u0e23\u0e31\u0e01\u0e29\u0e32\u0e1e\u0e31\u0e19\u0e18\u0e38\u0e4c\u0e2a\u0e31\u0e15\u0e27\u0e4c\u0e1b\u0e48\u0e32\u0e20\u0e39\u0e40\u0e02\u0e35\u0e22\u0e27","name_en":"Phu Khiao Wildlife Sanctuary","boundary":"protected_area","protect_class":"1a"},"geometry":{"type":"Polygon","coordinates":[[[101.467,16.5203],[101.4647,16.5148],[101.4659,16.511],[101.4647,16.5084],[101.4669,16.5029],[101.4637,16.5007],[101.4643,16.4979],[101.4733,16.489],[101.4727,16.4821],[101.4749,16.4808],[101.4735,16.4772],[101.4678,16.4753],[101.4657,16.4691],[101.4603,16.4611],[101.4559,16.4605],[101.4509,16.4564],[101.4488,16.4499],[101.4502,16.4483],[101.4443,16.4383],[101.4312,16.4344],[101.4241,16.4292],[101.4228,16.4242],[101.419,16.4238],[101.4189,16.418],[101.4168,16.4164],[101.4198,16.4126],[101.4171,16.4087],[101.4106,16.4071],[101.407,16.4079],[101.4056,16.4035],[101.4009,16.4016],[101.401,16.3977],[101.4084,16.3933],[101.4097,16.3899],[101.4091,16.3831],[101.4053,16.3779],[101.3994,16.377],[101.3929,16.3728],[101.3933,16.3668],[101.3828,16.3602],[101.3823,16.3546],[101.3778,16.3485],[101.3789,16.3434],[101.3764,16.3298],[101.3784,16.328],[101.3764,16.3234],[101.3793,16.3184],[101.3749,16.3111],[101.3735,16.3019],[101.3678,16.2939],[101.3692,16.2875],[101.368,16.2851],[101.371,16.2803],[101.37,16.2767],[101.3717,16.2745],[101.3683,16.2736],[101.3629,16.2681],[101.3581,16.2685],[101.3547,16.2599],[101.3562,16.2569],[101.3611,16.2535],[101.3646,16.2459],[101.3684,16.2452],[101.3706,16.2493],[101.3723,16.2496],[101.3759,16.2489],[101.3767,16.2439],[101.3792,16.2464],[101.3814,16.2459],[101.3808,16.2448],[101.3825,16.2457],[101.3848,16.2441],[101.3863,16.2459],[101.3884,16.2442],[101.3912,16.2444],[101.391,16.2496],[101.3994,16.2546],[101.399,16.2576],[101.4019,16.2588],[101.4046,16.2566],[101.4089,16.257],[101.4106,16.2664],[101.4087,16.2659],[101.41,16.2686],[101.4216,16.2739],[101.4221,16.2767],[101.4249,16.2791],[101.424,16.2762],[101.4275,16.2745],[101.429,16.2756],[101.4309,16.2738],[101.4311,16.2755],[101.4329,16.274],[101.4322,16.2758],[101.434,16.2767],[101.436,16.2743],[101.4357,16.2719],[101.4395,16.2738],[101.4433,16.2697],[101.4471,16.2718],[101.4465,16.2691],[101.449,16.2694],[101.4497,16.2678],[101.4514,16.2719],[101.4532,16.2719],[101.4571,16.2763],[101.4594,16.2744],[101.46,16.2781],[101.4627,16.2766],[101.4641,16.2784],[101.468,16.2771],[101.4677,16.2787],[101.4702,16.28],[101.4693,16.2811],[101.472,16.2812],[101.4717,16.2781],[101.4744,16.2775],[101.4779,16.2745],[101.4781,16.2725],[101.4898,16.2635],[101.4932,16.2465],[101.4967,16.2385],[101.4995,16.2359],[101.5055,16.2366],[101.5053,16.2353],[101.5116,16.2341],[101.5129,16.2322],[101.5178,16.2329],[101.5231,16.2307],[101.5271,16.2346],[101.5296,16.2321],[101.535,16.2333],[101.5394,16.232],[101.5391,16.2306],[101.5408,16.2318],[101.5392,16.2332],[101.5399,16.235],[101.5417,16.2359],[101.5449,16.235],[101.5551,16.2387],[101.5558,16.2405],[101.5589,16.2388],[101.56,16.2415],[101.5618,16.2416],[101.5644,16.2407],[101.5659,16.2375],[101.5767,16.2341],[101.578,16.2351],[101.5801,16.2324],[101.5873,16.2317],[101.5895,16.2272],[101.5954,16.2223],[101.5954,16.2243],[101.5973,16.2248],[101.6007,16.2223],[101.6006,16.2184],[101.6036,16.2181],[101.6051,16.2162],[101.6034,16.2108],[101.605,16.2062],[101.6066,16.2055],[101.6076,16.2093],[101.6094,16.2095],[101.6118,16.2091],[101.6141,16.2049],[101.6162,16.205],[101.6157,16.2029],[101.6183,16.1979],[101.6157,16.1969],[101.6168,16.195],[101.6249,16.1925],[101.6251,16.1908],[101.6274,16.1897],[101.6285,16.1936],[101.6302,16.19],[101.6397,16.1863],[101.6408,16.1836],[101.6486,16.1838],[101.6535,16.1817],[101.6507,16.1808],[101.6525,16.1793],[101.6579,16.1812],[101.6598,16.1836],[101.6653,16.1806],[101.6703,16.1824],[101.6721,16.1815],[101.6733,16.1835],[101.6777,16.1832],[101.68,16.185],[101.6883,16.1854],[101.6903,16.1841],[101.6929,16.1853],[101.69,16.1882],[101.6931,16.1874],[101.697,16.1838],[101.709,16.18],[101.7108,16.1776],[101.7141,16.1775],[101.7163,16.1745],[101.7163,16.1691],[101.7199,16.1673],[101.7202,16.1645],[101.7222,16.1653],[101.7227,16.1619],[101.7264,16.1612],[101.7311,16.1574],[101.7335,16.1577],[101.7388,16.1538],[101.7344,16.1514],[101.7424,16.1508],[101.7461,16.1489],[101.748,16.147],[101.7451,16.1468],[101.7472,16.1437],[101.745,16.144],[101.7479,16.1381],[101.7447,16.1368],[101.7585,16.1351],[101.769,16.127],[101.7685,16.1287],[101.7756,16.1276],[101.7787,16.1298],[101.7787,16.1313],[101.7764,16.1322],[101.7791,16.1342],[101.779,16.1365],[101.7737,16.1392],[101.7823,16.137],[101.7855,16.133],[101.7891,16.1318],[101.7897,16.1331],[101.787,16.1358],[101.7947,16.1353],[101.8021,16.1382],[101.8009,16.1401],[101.8073,16.1396],[101.8027,16.1362],[101.8032,16.1335],[101.8093,16.1331],[101.815,16.135],[101.8175,16.1381],[101.825,16.139],[101.8366,16.1434],[101.8392,16.1526],[101.8442,16.1551],[101.8443,16.1594],[101.8488,16.1599],[101.8505,16.1654],[101.8542,16.167],[101.8585,16.1779],[101.8609,16.1787],[101.8664,16.1867],[101.8673,16.1916],[101.8694,16.1906],[101.8722,16.1925],[101.8733,16.2015],[101.8764,16.2024],[101.8785,16.2056],[101.8769,16.2076],[101.8792,16.2129],[101.8783,16.2177],[101.8802,16.217],[101.8817,16.2185],[101.8828,16.223],[101.8796,16.2249],[101.8809,16.2271],[101.8803,16.2302],[101.8833,16.2313],[101.8849,16.2341],[101.8811,16.239],[101.879,16.2485],[101.8812,16.249],[101.8813,16.2523],[101.8787,16.2564],[101.8827,16.258],[101.8807,16.2646],[101.8834,16.2667],[101.8817,16.27],[101.876,16.2733],[101.8767,16.2755],[101.874,16.2797],[101.8763,16.2826],[101.8738,16.2824],[101.8723,16.284],[101.8726,16.2907],[101.8704,16.2943],[101.8673,16.2957],[101.8682,16.3],[101.8615,16.303],[101.8591,16.3063],[101.8597,16.309],[101.8569,16.3155],[101.8526,16.3156],[101.8473,16.3262],[101.8391,16.3323],[101.817,16.343],[101.812,16.3469],[101.8099,16.3516],[101.8041,16.3535],[101.8046,16.3549],[101.8023,16.355],[101.7963,16.3611],[101.7792,16.3699],[101.7791,16.3724],[101.7706,16.3776],[101.7703,16.3832],[101.7665,16.3834],[101.7654,16.3864],[101.7626,16.3868],[101.7568,16.3939],[101.7594,16.3978],[101.7574,16.4011],[101.7591,16.4036],[101.7519,16.4064],[101.7559,16.4086],[101.7565,16.4104],[101.7545,16.4113],[101.757,16.4115],[101.7582,16.4071],[101.7619,16.4061],[101.7764,16.3961],[101.7834,16.3943],[101.7832,16.3929],[101.796,16.3854],[101.7973,16.386],[101.7949,16.3901],[101.8006,16.3885],[101.8029,16.3931],[101.8013,16.3961],[101.8022,16.4032],[101.8006,16.4072],[101.7957,16.4061],[101.7933,16.4099],[101.793,16.4131],[101.7979,16.4216],[101.7855,16.4238],[101.7803,16.4223],[101.7781,16.4232],[101.7799,16.4307],[101.7784,16.4351],[101.7695,16.4394],[101.7672,16.4428],[101.7625,16.4418],[101.7646,16.4454],[101.7597,16.4479],[101.7603,16.4495],[101.764,16.4494],[101.763,16.4596],[101.7514,16.4625],[101.7477,16.4578],[101.7401,16.4614],[101.7332,16.4607],[101.7325,16.4645],[101.731,16.4586],[101.726,16.4541],[101.7271,16.4615],[101.7244,16.4675],[101.7142,16.4704],[101.7097,16.4693],[101.7117,16.4737],[101.7142,16.473],[101.7138,16.4764],[101.7155,16.4746],[101.7132,16.4787],[101.7156,16.4795],[101.713,16.4823],[101.7148,16.4842],[101.7059,16.4931],[101.7016,16.5022],[101.6796,16.5128],[101.6752,16.5195],[101.6201,16.5203],[101.6205,16.5654],[101.6113,16.5655],[101.6114,16.5747],[101.5929,16.575],[101.593,16.5837],[101.5629,16.5841],[101.5617,16.5783],[101.5586,16.5744],[101.5632,16.5705],[101.5626,16.5647],[101.5578,16.5649],[101.5563,16.5626],[101.5541,16.5648],[101.5515,16.5611],[101.5518,16.5588],[101.5484,16.5588],[101.5495,16.5565],[101.5438,16.557],[101.5406,16.5557],[101.5391,16.5586],[101.5351,16.5561],[101.5314,16.5594],[101.5299,16.5575],[101.5142,16.5574],[101.5124,16.5549],[101.5149,16.5558],[101.5148,16.5519],[101.5173,16.5527],[101.517,16.5508],[101.5195,16.5497],[101.5149,16.5457],[101.5154,16.5428],[101.5096,16.5425],[101.5082,16.5448],[101.5064,16.543],[101.5034,16.5458],[101.5021,16.5407],[101.5046,16.5424],[101.5049,16.5389],[101.5029,16.5395],[101.5009,16.5366],[101.5004,16.5387],[101.4972,16.5378],[101.496,16.5396],[101.4939,16.5375],[101.4951,16.5358],[101.4939,16.5324],[101.4895,16.5331],[101.4903,16.5309],[101.4886,16.5318],[101.4835,16.5281],[101.483,16.5243],[101.482,16.5269],[101.4801,16.5274],[101.4807,16.5253],[101.4779,16.5241],[101.4755,16.5298],[101.4722,16.5291],[101.4713,16.5236],[101.467,16.5203]]]}},{"type":"Feature","properties":{"id":12377227,"name":"\u0e40\u0e02\u0e15\u0e23\u0e31\u0e01\u0e29\u0e32\u0e1e\u0e31\u0e19\u0e18\u0e38\u0e4c\u0e2a\u0e31\u0e15\u0e27\u0e4c\u0e1b\u0e48\u0e32\u0e2a\u0e31\u0e19\u0e1b\u0e31\u0e19\u0e41\u0e14\u0e19","name_en":"San Pan Daen Wildlife Sanctuary","boundary":"protected_area","protect_class":"1a"},"geometry":{"type":"Polygon","coordinates":[[[98.3628,19.5687],[98.3584,19.5727],[98.3456,19.5769],[98.3355,19.5714],[98.3306,19.5725],[98.3266,19.5763],[98.3298,19.5798],[98.3269,19.5821],[98.33,19.5857],[98.3273,19.587],[98.3294,19.5902],[98.3253,19.5913],[98.3233,19.5953],[98.3189,19.5971],[98.3168,19.609],[98.3307,19.6144],[98.3363,19.6206],[98.3336,19.6314],[98.3363,19.6334],[98.3372,19.6381],[98.3348,19.6409],[98.3281,19.6405],[98.3246,19.6447],[98.3173,19.6442],[98.3143,19.648],[98.3048,19.6481],[98.3009,19.6526],[98.2911,19.6492],[98.2895,19.6464],[98.281,19.6403],[98.2819,19.6341],[98.2807,19.6323],[98.2775,19.6332],[98.2691,19.63],[98.2664,19.6307],[98.2646,19.622],[98.257,19.6194],[98.2534,19.6162],[98.2387,19.6179],[98.2342,19.6208],[98.2337,19.6247],[98.2358,19.6327],[98.2352,19.6388],[98.2381,19.6413],[98.2366,19.6421],[98.234,19.6396],[98.231,19.6218],[98.2293,19.6219],[98.2243,19.6279],[98.2163,19.6284],[98.2143,19.6264],[98.2121,19.6272],[98.2125,19.6318],[98.2193,19.6441],[98.2245,19.6485],[98.2294,19.6484],[98.2331,19.6517],[98.2373,19.6521],[98.2403,19.6556],[98.2407,19.6595],[98.2365,19.6652],[98.2259,19.6725],[98.2293,19.6792],[98.2277,19.6801],[98.228,19.6859],[98.2257,19.688],[98.2266,19.6933],[98.2299,19.6973],[98.2241,19.7007],[98.2243,19.703],[98.2225,19.7036],[98.2126,19.6961],[98.2066,19.6952],[98.2061,19.6924],[98.199,19.6908],[98.1969,19.6928],[98.1952,19.6888],[98.1983,19.6851],[98.1986,19.6809],[98.2056,19.6754],[98.2148,19.6801],[98.2176,19.6778],[98.2173,19.6756],[98.2144,19.6748],[98.2132,19.6727],[98.2146,19.6663],[98.2017,19.6637],[98.1943,19.6656],[98.1829,19.66],[98.1789,19.6619],[98.1754,19.6603],[98.1739,19.6617],[98.1717,19.6598],[98.172,19.6569],[98.1703,19.6562],[98.1703,19.6543],[98.1655,19.6558],[98.144,19.6785],[98.144,19.6814],[98.1461,19.6815],[98.1488,19.6891],[98.1514,19.6878],[98.1528,19.6919],[98.156,19.6913],[98.1565,19.6953],[98.154,19.7068],[98.1498,19.7074],[98.1476,19.7097],[98.1476,19.6924],[98.143,19.6914],[98.14,19.6942],[98.1377,19.6942],[98.128,19.6846],[98.13,19.6686],[98.1283,19.6646],[98.1286,19.655],[98.1265,19.6505],[98.1307,19.6469],[98.137,19.6447],[98.1373,19.6376],[98.1305,19.628],[98.1302,19.6231],[98.1272,19.6176],[98.1289,19.6156],[98.1312,19.6158],[98.1338,19.6209],[98.1344,19.6284],[98.14,19.6358],[98.1424,19.6452],[98.1454,19.6492],[98.1472,19.6489],[98.1517,19.6468],[98.1513,19.6437],[98.1562,19.6408],[98.1571,19.6368],[98.1598,19.6353],[98.1587,19.6283],[98.1561,19.6265],[98.1534,19.6276],[98.15,19.6249],[98.1456,19.6247],[98.1434,19.6091],[98.1369,19.6051],[98.135,19.603],[98.1355,19.6011],[98.1398,19.6045],[98.1619,19.605],[98.1568,19.5988],[98.1581,19.5983],[98.1568,19.5968],[98.1582,19.5939],[98.1558,19.5914],[98.1575,19.5899],[98.1557,19.5891],[98.1523,19.5805],[98.1468,19.582],[98.1436,19.5766],[98.1452,19.5758],[98.1446,19.5739],[98.1405,19.5731],[98.1388,19.5742],[98.1357,19.5715],[98.1369,19.5706],[98.1351,19.5664],[98.1375,19.565],[98.1352,19.5655],[98.1319,19.5631],[98.1335,19.562],[98.1324,19.559],[98.1352,19.5578],[98.1351,19.5565],[98.1315,19.5558],[98.1319,19.5515],[98.1257,19.5527],[98.1249,19.5505],[98.1219,19.5504],[98.1202,19.548],[98.1185,19.5492],[98.1192,19.5517],[98.117,19.5528],[98.1193,19.5536],[98.1168,19.5615],[98.1135,19.5637],[98.1183,19.5657],[98.118,19.5669],[98.1132,19.5702],[98.1102,19.5695],[98.11,19.5726],[98.1149,19.5742],[98.1151,19.5777],[98.1114,19.5806],[98.1128,19.5814],[98.112,19.5844],[98.1141,19.5846],[98.1145,19.5872],[98.1126,19.5873],[98.1128,19.5934],[98.1097,19.5934],[98.1086,19.5885],[98.104,19.5889],[98.1083,19.5918],[98.1112,19.5969],[98.1097,19.5982],[98.1097,19.602],[98.1069,19.6048],[98.1067,19.6128],[98.1095,19.6131],[98.1099,19.6152],[98.1081,19.6169],[98.1107,19.621],[98.109,19.6276],[98.1122,19.6277],[98.1011,19.6385],[98.1016,19.6417],[98.0993,19.6434],[98.1022,19.646],[98.097,19.656],[98.104,19.6561],[98.0999,19.6593],[98.1031,19.6632],[98.1025,19.6651],[98.0976,19.6665],[98.0986,19.6717],[98.0966,19.6753],[98.099,19.6772],[98.0967,19.6828],[98.0991,19.685],[98.0963,19.6878],[98.0988,19.6879],[98.0967,19.6894],[98.0995,19.6943],[98.098,19.695],[98.1003,19.7013],[98.0977,19.7051],[98.0949,19.7052],[98.0953,19.7089],[98.0976,19.7102],[98.0949,19.7118],[98.1002,19.7156],[98.1003,19.7197],[98.0974,19.7265],[98.0911,19.7294],[98.092,19.7345],[98.0905,19.7359],[98.0925,19.7404],[98.0897,19.7426],[98.0914,19.7463],[98.0902,19.7479],[98.099,19.7486],[98.1004,19.747],[98.102,19.7486],[98.1075,19.7491],[98.1118,19.7469],[98.112,19.7488],[98.1095,19.7512],[98.0998,19.7497],[98.0963,19.7508],[98.0981,19.7581],[98.0968,19.7606],[98.0995,19.7641],[98.0987,19.7679],[98.1012,19.7721],[98.1133,19.774],[98.1151,19.7792],[98.1237,19.7799],[98.1294,19.7856],[98.1354,19.7882],[98.138,19.7874],[98.1395,19.7825],[98.1449,19.7808],[98.1508,19.7741],[98.1566,19.7712],[98.1618,19.7723],[98.1694,19.7701],[98.1786,19.7602],[98.184,19.76],[98.1833,19.7497],[98.193,19.7379],[98.1989,19.7372],[98.2014,19.7342],[98.2013,19.7302],[98.2073,19.732],[98.2104,19.7312],[98.2176,19.7252],[98.2222,19.7252],[98.2257,19.7285],[98.2288,19.7277],[98.2308,19.7185],[98.2344,19.7157],[98.238,19.7085],[98.2363,19.7043],[98.2319,19.7005],[98.232,19.697],[98.2366,19.6883],[98.2423,19.6845],[98.2485,19.6764],[98.2534,19.6791],[98.2606,19.6787],[98.2677,19.6838],[98.2779,19.6819],[98.2877,19.685],[98.291,19.6842],[98.2924,19.6817],[98.2964,19.682],[98.3007,19.6872],[98.3085,19.6882],[98.3215,19.681],[98.3371,19.6778],[98.3334,19.6724],[98.3414,19.6618],[98.356,19.6557],[98.3636,19.6502],[98.3708,19.6485],[98.3735,19.6378],[98.3707,19.6343],[98.3767,19.6147],[98.3753,19.6066],[98.3798,19.5988],[98.381,19.5926],[98.3769,19.5838],[98.3743,19.5819],[98.3726,19.5747],[98.3628,19.5687]]]}},{"type":"Feature","properties":{"id":12377228,"name":"\u0e40\u0e02\u0e15\u0e23\u0e31\u0e01\u0e29\u0e32\u0e1e\u0e31\u0e19\u0e18\u0e38\u0e4c\u0e2a\u0e31\u0e15\u0e27\u0e4c\u0e1b\u0e48\u0e32\u0e25\u0e38\u0e48\u0e21\u0e19\u0e49\u0e33\u0e1b\u0e32\u0e22","name_en":"Lum Nam Pai Wildlife Sanctuary","boundary":"protected_area","protect_class":"1a"},"geometry":{"type":"Polygon","coordinates":[[[98.0403,19.3645],[98.0474,19.3693],[98.0516,19.3683],[98.0571,19.3697],[98.0605,19.3677],[98.0656,19.369],[98.0702,19.3668],[98.0751,19.3704],[98.0805,19.3701],[98.085,19.3726],[98.0876,19.3798],[98.101,19.3841],[98.1055,19.3898],[98.1117,19.3906],[98.1331,19.3792],[98.137,19.3789],[98.1419,19.3753],[98.1471,19.3748],[98.1485,19.3722],[98.1529,19.3716],[98.1557,19.3696],[98.1564,19.3652],[98.1584,19.3645],[98.1587,19.3621],[98.1614,19.3594],[98.1635,19.3598],[98.1643,19.3576],[98.1681,19.357],[98.1805,19.3479],[98.1878,19.3462],[98.1943,19.3413],[98.1946,19.3386],[98.1975,19.3373],[98.197,19.335],[98.1994,19.3329],[98.1978,19.3289],[98.2016,19.3175],[98.2047,19.3137],[98.2128,19.3091],[98.217,19.3039],[98.2162,19.2863],[98.2205,19.2799],[98.2246,19.2805],[98.2278,19.2764],[98.2307,19.2671],[98.2407,19.2653],[98.2448,19.2571],[98.2503,19.2546],[98.2512,19.2506],[98.2559,19.2473],[98.262,19.2464],[98.273,19.2397],[98.2896,19.2387],[98.2948,19.2355],[98.2976,19.2313],[98.3065,19.2285],[98.3083,19.2241],[98.3181,19.2249],[98.3205,19.2286],[98.3255,19.2272],[98.3302,19.223],[98.3375,19.2226],[98.3399,19.2257],[98.3427,19.2264],[98.3451,19.221],[98.3515,19.2257],[98.3561,19.2205],[98.3604,19.2208],[98.3668,19.2239],[98.368,19.2235],[98.3675,19.2215],[98.3706,19.2208],[98.3753,19.2238],[98.3812,19.2242],[98.3861,19.2202],[98.3915,19.2248],[98.3904,19.2289],[98.3867,19.2318],[98.3854,19.2379],[98.3938,19.2396],[98.4087,19.2226],[98.4246,19.2207],[98.4295,19.2276],[98.4314,19.2274],[98.4351,19.2232],[98.4374,19.2234],[98.4418,19.2276],[98.438,19.2314],[98.4376,19.2392],[98.4413,19.2567],[98.4445,19.2594],[98.4496,19.2581],[98.4476,19.2641],[98.4482,19.2677],[98.4442,19.2689],[98.4427,19.2682],[98.443,19.2659],[98.4402,19.2657],[98.441,19.2695],[98.436,19.2742],[98.4318,19.2721],[98.4271,19.2743],[98.4231,19.2737],[98.4211,19.281],[98.4175,19.2831],[98.4133,19.2817],[98.4107,19.2855],[98.4168,19.2874],[98.4192,19.29],[98.4188,19.2919],[98.4211,19.2926],[98.4201,19.2958],[98.4229,19.2963],[98.427,19.2923],[98.4275,19.294],[98.426,19.2952],[98.4277,19.2981],[98.4261,19.3037],[98.4299,19.3042],[98.4308,19.3064],[98.4245,19.3126],[98.4169,19.3137],[98.4086,19.3232],[98.4086,19.3254],[98.4108,19.327],[98.4103,19.3301],[98.4146,19.3304],[98.4147,19.3357],[98.4054,19.3403],[98.4029,19.3476],[98.4009,19.3459],[98.3989,19.3475],[98.402,19.3499],[98.4007,19.3577],[98.396,19.363],[98.3957,19.3671],[98.3878,19.3691],[98.3875,19.3675],[98.379,19.3652],[98.3728,19.3612],[98.3704,19.3626],[98.3683,19.371],[98.3696,19.3764],[98.3743,19.3789],[98.3818,19.3798],[98.3883,19.3774],[98.3907,19.3793],[98.3918,19.3806],[98.3889,19.3843],[98.3849,19.386],[98.3853,19.3941],[98.3907,19.3946],[98.3919,19.3989],[98.3946,19.3997],[98.4034,19.3963],[98.4159,19.3989],[98.416,19.404],[98.4139,19.4086],[98.4156,19.4117],[98.4132,19.4178],[98.4105,19.4191],[98.4098,19.4177],[98.4075,19.4181],[98.4027,19.4206],[98.3988,19.425],[98.3994,19.4283],[98.3981,19.4309],[98.3834,19.4371],[98.3787,19.4379],[98.3671,19.4362],[98.3612,19.4384],[98.3542,19.437],[98.3557,19.4405],[98.3534,19.4419],[98.3471,19.4403],[98.343,19.4419],[98.3428,19.4449],[98.3406,19.4436],[98.3388,19.4389],[98.3365,19.4387],[98.338,19.4401],[98.3361,19.443],[98.3321,19.4419],[98.3345,19.4413],[98.3296,19.4388],[98.3247,19.4399],[98.3247,19.4439],[98.3209,19.4435],[98.3187,19.446],[98.3175,19.4525],[98.315,19.4524],[98.3113,19.4559],[98.3099,19.4559],[98.3089,19.4529],[98.3126,19.4519],[98.3076,19.4511],[98.3059,19.4523],[98.3062,19.4561],[98.3035,19.4528],[98.3046,19.4557],[98.3016,19.4577],[98.3048,19.4589],[98.3025,19.4592],[98.2995,19.4629],[98.2994,19.4595],[98.2993,19.4612],[98.2971,19.4621],[98.2977,19.467],[98.2954,19.4688],[98.2919,19.4773],[98.2946,19.4812],[98.2937,19.4842],[98.2846,19.4954],[98.2792,19.4977],[98.2772,19.5038],[98.2735,19.5062],[98.27,19.5172],[98.2581,19.5183],[98.2559,19.5156],[98.249,19.5162],[98.2403,19.5256],[98.2214,19.5377],[98.2194,19.5427],[98.2159,19.5441],[98.2134,19.5403],[98.2108,19.5401],[98.2049,19.5266],[98.2005,19.5261],[98.197,19.5276],[98.1922,19.5251],[98.187,19.5263],[98.1774,19.5229],[98.1725,19.5234],[98.1717,19.5258],[98.1668,19.5282],[98.18,19.5251],[98.1914,19.5271],[98.2012,19.5305],[98.2029,19.5319],[98.2026,19.5344],[98.2076,19.538],[98.2076,19.5428],[98.2056,19.5424],[98.2058,19.5442],[98.2022,19.5473],[98.2033,19.5513],[98.1949,19.5519],[98.1908,19.5588],[98.1838,19.563],[98.1776,19.5648],[98.1721,19.5643],[98.1702,19.5658],[98.1678,19.565],[98.1665,19.5618],[98.1619,19.5578],[98.1549,19.5579],[98.1547,19.5597],[98.1473,19.5496],[98.1424,19.5475],[98.1429,19.5454],[98.1372,19.5401],[98.1389,19.5371],[98.1365,19.5349],[98.1326,19.5341],[98.131,19.5353],[98.1298,19.534],[98.1199,19.5411],[98.1147,19.5383],[98.1147,19.5353],[98.1119,19.535],[98.1109,19.5364],[98.1094,19.5347],[98.1049,19.5363],[98.0963,19.5361],[98.0945,19.5339],[98.0963,19.5315],[98.0951,19.5228],[98.0893,19.5209],[98.0742,19.5043],[98.0678,19.5059],[98.0676,19.5026],[98.0554,19.4961],[98.0491,19.487],[98.0459,19.4881],[98.0453,19.4867],[98.0307,19.4817],[98.0261,19.4717],[98.0258,19.4659],[98.0233,19.4625],[98.0225,19.457],[98.0189,19.4551],[98.0193,19.4505],[98.0159,19.4396],[98.0134,19.4344],[98.0074,19.4325],[98.0058,19.4241],[97.9966,19.4213],[97.9866,19.4245],[97.9843,19.4233],[97.9789,19.4248],[97.9753,19.4234],[97.9761,19.4202],[97.9729,19.4156],[97.9705,19.4064],[97.9723,19.3993],[97.9692,19.3906],[97.9652,19.3882],[97.9662,19.3876],[97.9625,19.3781],[97.9616,19.3721],[97.9646,19.3682],[97.9664,19.3673],[97.9688,19.3696],[97.9723,19.3634],[97.975,19.3628],[97.9776,19.3652],[97.9774,19.3692],[97.9798,19.3696],[97.9846,19.366],[97.9844,19.3585],[97.9867,19.3578],[97.9893,19.3638],[97.9924,19.364],[97.9939,19.3601],[97.9983,19.3578],[98.0022,19.3475],[98.0076,19.3492],[98.0152,19.3569],[98.0318,19.3622],[98.0362,19.3672],[98.0396,19.3668],[98.0403,19.3645]],[[98.2574,19.4692],[98.2536,19.4787],[98.2536,19.4833],[98.2493,19.4875],[98.2502,19.4906],[98.2551,19.4908],[98.2564,19.4944],[98.2613,19.4992],[98.2646,19.4975],[98.27,19.4867],[98.2684,19.4775],[98.264,19.47],[98.2574,19.4692]]]}},{"type":"Feature","properties":{"id":12407224,"name":"\u0e40\u0e02\u0e15\u0e23\u0e31\u0e01\u0e29\u0e32\u0e1e\u0e31\u0e19\u0e18\u0e38\u0e4c\u0e2a\u0e31\u0e15\u0e27\u0e4c\u0e1b\u0e48\u0e32\u0e41\u0e21\u0e48\u0e40\u0e25\u0e32-\u0e41\u0e21\u0e48\u0e41\u0e2a\u0e30","name_en":"Mae Lao-Mae Sae Wildlife Sanctuary","boundary":"protected_area","protect_class":"1a"},"geometry":{"type":"Polygon","coordinates":[[[98.592,19.268],[98.5897,19.2623],[98.5906,19.2588],[98.5874,19.2543],[98.5924,19.246],[98.5923,19.2428],[98.5956,19.2395],[98.5876,19.2388],[98.5824,19.2315],[98.5806,19.2329],[98.5844,19.2375],[98.5845,19.241],[98.5817,19.2412],[98.5777,19.2473],[98.5655,19.2502],[98.5644,19.253],[98.5593,19.2542],[98.5578,19.25],[98.5556,19.2483],[98.5249,19.2414],[98.512,19.2354],[98.501,19.2335],[98.5006,19.2313],[98.4959,19.2291],[98.4938,19.2318],[98.4899,19.2323],[98.4879,19.2359],[98.4842,19.2367],[98.484,19.2396],[98.4825,19.2403],[98.4748,19.2398],[98.4736,19.2317],[98.471,19.2329],[98.4662,19.2435],[98.4603,19.2435],[98.4614,19.2263],[98.4573,19.2265],[98.4514,19.2242],[98.447,19.2155],[98.441,19.216],[98.4348,19.2215],[98.4273,19.2227],[98.4229,19.2192],[98.4287,19.2119],[98.4325,19.2096],[98.4324,19.2068],[98.4298,19.2066],[98.4306,19.2037],[98.4335,19.2029],[98.4272,19.1994],[98.4337,19.1947],[98.4339,19.1923],[98.4389,19.1924],[98.4362,19.1897],[98.4342,19.1909],[98.4302,19.1897],[98.4272,19.1945],[98.4257,19.1932],[98.4219,19.1942],[98.4251,19.1846],[98.4219,19.1837],[98.4214,19.1807],[98.4234,19.1799],[98.4215,19.1741],[98.4237,19.1696],[98.4241,19.1724],[98.4259,19.1724],[98.4275,19.1692],[98.4257,19.1672],[98.4277,19.1664],[98.4292,19.1678],[98.4291,19.1665],[98.4366,19.1615],[98.4387,19.1628],[98.4411,19.1578],[98.443,19.1594],[98.443,19.1575],[98.4458,19.1575],[98.4459,19.1555],[98.4521,19.1547],[98.4528,19.1529],[98.455,19.1539],[98.4552,19.1508],[98.4598,19.1481],[98.4609,19.1451],[98.4587,19.1437],[98.4605,19.1423],[98.4627,19.1424],[98.4632,19.1444],[98.4644,19.1421],[98.4666,19.1429],[98.467,19.1412],[98.4747,19.1392],[98.4749,19.1372],[98.4729,19.1365],[98.4729,19.135],[98.478,19.1353],[98.4784,19.1304],[98.4769,19.1284],[98.4792,19.1266],[98.4791,19.1238],[98.4808,19.1237],[98.4822,19.1187],[98.4841,19.121],[98.485,19.1159],[98.4911,19.1134],[98.4911,19.1104],[98.497,19.1041],[98.4968,19.1002],[98.5015,19.1011],[98.5049,19.0999],[98.505,19.0975],[98.5028,19.0959],[98.5015,19.0909],[98.5045,19.0897],[98.4999,19.0846],[98.5014,19.083],[98.4994,19.0805],[98.5019,19.0766],[98.5004,19.0701],[98.5018,19.0661],[98.4986,19.0667],[98.4941,19.0725],[98.4929,19.0641],[98.4881,19.0545],[98.4749,19.0452],[98.4764,19.0429],[98.4915,19.0383],[98.5056,19.0362],[98.5175,19.0321],[98.5252,19.0263],[98.5307,19.0253],[98.5419,19.0262],[98.5482,19.0286],[98.5495,19.0312],[98.5527,19.0324],[98.5562,19.0386],[98.5607,19.0373],[98.5643,19.0382],[98.566,19.04],[98.566,19.0447],[98.5692,19.0462],[98.5822,19.0486],[98.5913,19.0437],[98.595,19.0433],[98.6033,19.053],[98.5988,19.0564],[98.5921,19.0568],[98.5874,19.0544],[98.5821,19.0557],[98.5824,19.0579],[98.5788,19.0587],[98.5773,19.0621],[98.5783,19.0651],[98.5731,19.0735],[98.5741,19.0768],[98.5699,19.0802],[98.5609,19.0818],[98.554,19.0922],[98.5435,19.0957],[98.5371,19.1029],[98.5444,19.1007],[98.5452,19.1021],[98.5395,19.1057],[98.5403,19.1071],[98.5433,19.1062],[98.5443,19.108],[98.5372,19.1114],[98.538,19.1129],[98.5446,19.1122],[98.5452,19.1145],[98.5438,19.1165],[98.5379,19.1169],[98.5372,19.1184],[98.5383,19.1206],[98.5362,19.1225],[98.5388,19.1324],[98.5371,19.1351],[98.5394,19.1371],[98.5347,19.1433],[98.5366,19.1451],[98.5368,19.1534],[98.545,19.1605],[98.5451,19.1624],[98.5396,19.1672],[98.535,19.1683],[98.5284,19.1727],[98.5284,19.175],[98.5224,19.1816],[98.5232,19.1825],[98.5291,19.1827],[98.5311,19.1812],[98.5304,19.1773],[98.5329,19.1733],[98.5396,19.169],[98.5438,19.1677],[98.5439,19.1759],[98.5451,19.1768],[98.548,19.175],[98.5486,19.179],[98.55,19.179],[98.552,19.1763],[98.5551,19.176],[98.5586,19.1698],[98.5621,19.1708],[98.5638,19.1665],[98.5701,19.166],[98.5708,19.1608],[98.5693,19.1571],[98.5761,19.1515],[98.5751,19.1488],[98.5694,19.1506],[98.5653,19.1541],[98.5651,19.1567],[98.5635,19.1552],[98.5597,19.1559],[98.5511,19.1598],[98.549,19.1561],[98.5436,19.154],[98.5434,19.1518],[98.5405,19.15],[98.5407,19.1485],[98.5431,19.1481],[98.5424,19.1428],[98.5436,19.1415],[98.5501,19.142],[98.5614,19.1317],[98.5602,19.1303],[98.5473,19.1375],[98.5425,19.1271],[98.5485,19.1124],[98.5529,19.1128],[98.5515,19.1075],[98.5488,19.1052],[98.5491,19.1031],[98.554,19.1004],[98.5572,19.0957],[98.5609,19.0934],[98.5626,19.098],[98.558,19.1007],[98.5594,19.106],[98.5566,19.1094],[98.5566,19.1116],[98.5591,19.1154],[98.5589,19.1208],[98.5565,19.1252],[98.5593,19.1249],[98.5652,19.1172],[98.5696,19.1196],[98.5727,19.1236],[98.573,19.1265],[98.5802,19.1328],[98.5839,19.133],[98.5843,19.1317],[98.5704,19.1151],[98.5714,19.1059],[98.5685,19.0969],[98.5714,19.0891],[98.5781,19.0826],[98.5777,19.0726],[98.5842,19.0664],[98.5888,19.0676],[98.5942,19.0665],[98.6127,19.0569],[98.6172,19.0658],[98.621,19.0679],[98.6258,19.0644],[98.6289,19.0672],[98.6383,19.0661],[98.6405,19.0678],[98.6413,19.0756],[98.6464,19.077],[98.6491,19.0816],[98.646,19.0845],[98.6354,19.087],[98.6297,19.0959],[98.6253,19.1],[98.6212,19.1015],[98.621,19.1035],[98.6256,19.1042],[98.6263,19.1074],[98.6312,19.107],[98.6341,19.1033],[98.6421,19.1002],[98.6426,19.0962],[98.6452,19.0933],[98.6527,19.0921],[98.659,19.0885],[98.6665,19.0926],[98.6725,19.0988],[98.6835,19.0997],[98.6863,19.0982],[98.6892,19.1006],[98.6912,19.1003],[98.6794,19.112],[98.6751,19.1127],[98.674,19.1152],[98.6684,19.1171],[98.6703,19.1229],[98.6669,19.1236],[98.6677,19.127],[98.6706,19.129],[98.6681,19.1329],[98.6626,19.1351],[98.663,19.1369],[98.6665,19.1376],[98.6717,19.1328],[98.6734,19.1303],[98.6723,19.126],[98.674,19.1242],[98.6741,19.1213],[98.6763,19.1207],[98.6789,19.1212],[98.6787,19.1239],[98.681,19.1259],[98.6842,19.1236],[98.6851,19.1249],[98.6885,19.1246],[98.6851,19.1294],[98.6823,19.129],[98.6809,19.131],[98.6783,19.131],[98.6812,19.1337],[98.6821,19.1376],[98.6906,19.1349],[98.6955,19.1363],[98.6899,19.1415],[98.6896,19.1463],[98.6913,19.1501],[98.6846,19.1574],[98.6839,19.1657],[98.6768,19.1676],[98.6732,19.1637],[98.6706,19.1635],[98.6676,19.1683],[98.6606,19.174],[98.6625,19.1759],[98.6737,19.1705],[98.6789,19.1711],[98.6822,19.1687],[98.6835,19.1776],[98.6899,19.182],[98.6886,19.1885],[98.6832,19.1923],[98.6823,19.1992],[98.6794,19.2014],[98.674,19.1994],[98.6694,19.2006],[98.6667,19.1985],[98.6646,19.1992],[98.6621,19.1954],[98.6625,19.1916],[98.6547,19.1907],[98.6522,19.1866],[98.6461,19.187],[98.6436,19.1887],[98.6398,19.1872],[98.6292,19.1875],[98.6255,19.1905],[98.6275,19.1922],[98.6345,19.1886],[98.6386,19.1932],[98.6409,19.1917],[98.6428,19.1931],[98.6455,19.1919],[98.6533,19.1928],[98.6551,19.1944],[98.6551,19.1973],[98.6485,19.198],[98.6472,19.2006],[98.6428,19.2001],[98.6436,19.202],[98.6422,19.2035],[98.644,19.2054],[98.6438,19.2084],[98.6527,19.202],[98.6592,19.2017],[98.6584,19.2046],[98.6551,19.2066],[98.6551,19.2097],[98.6589,19.2131],[98.66,19.205],[98.6631,19.2045],[98.661,19.2107],[98.6633,19.2112],[98.6631,19.2144],[98.6669,19.2178],[98.6705,19.2173],[98.6696,19.2208],[98.6714,19.2211],[98.6725,19.2183],[98.6699,19.225],[98.6706,19.2276],[98.6709,19.2255],[98.674,19.2231],[98.6725,19.224],[98.6721,19.2282],[98.6693,19.2313],[98.6629,19.2318],[98.6616,19.2362],[98.6597,19.2368],[98.6587,19.2343],[98.6591,19.2393],[98.6559,19.2391],[98.6522,19.242],[98.6527,19.2467],[98.65,19.247],[98.6503,19.2513],[98.6491,19.2507],[98.6488,19.2535],[98.6478,19.2529],[98.647,19.2545],[98.6463,19.2534],[98.643,19.2558],[98.6444,19.2526],[98.6421,19.2499],[98.6371,19.2516],[98.6398,19.2551],[98.6382,19.2565],[98.6395,19.2595],[98.6369,19.2623],[98.6341,19.2612],[98.6321,19.2668],[98.6222,19.2724],[98.6217,19.2756],[98.6149,19.2785],[98.611,19.2785],[98.6083,19.2742],[98.607,19.2772],[98.604,19.2784],[98.5994,19.2764],[98.5983,19.271],[98.592,19.268]],[[98.6654,19.1502],[98.6627,19.1498],[98.6622,19.151],[98.6655,19.1532],[98.6672,19.1521],[98.6654,19.1502]]]}},{"type":"Feature","properties":{"id":12407225,"name":"\u0e40\u0e02\u0e15\u0e23\u0e31\u0e01\u0e29\u0e32\u0e1e\u0e31\u0e19\u0e18\u0e38\u0e4c\u0e2a\u0e31\u0e15\u0e27\u0e4c\u0e1b\u0e48\u0e32\u0e2a\u0e30\u0e40\u0e21\u0e34\u0e07","name_en":"Samoeng Wildlife Sanctuary","boundary":"protected_area","protect_class":"1a"},"geometry":{"type":"Polygon","coordinates":[[[98.4764,19.0429],[98.5154,19.033],[98.5252,19.0263],[98.5419,19.0262],[98.5523,19.032],[98.5562,19.0386],[98.5607,19.0373],[98.5643,19.0382],[98.566,19.04],[98.566,19.0447],[98.5692,19.0462],[98.5822,19.0486],[98.5913,19.0437],[98.595,19.0433],[98.6035,19.0531],[98.612,19.0557],[98.6172,19.0658],[98.621,19.0679],[98.6258,19.0644],[98.6289,19.0672],[98.6383,19.0661],[98.6498,19.0723],[98.6622,19.0723],[98.6653,19.0747],[98.6726,19.0733],[98.6585,19.0699],[98.6532,19.0647],[98.6529,19.0609],[98.6546,19.0607],[98.6586,19.0665],[98.6629,19.0688],[98.6685,19.0693],[98.6753,19.0623],[98.6772,19.0683],[98.6819,19.0706],[98.6832,19.0648],[98.6864,19.067],[98.6952,19.0643],[98.6957,19.0606],[98.6973,19.0606],[98.701,19.056],[98.6977,19.0503],[98.6875,19.0459],[98.6901,19.0402],[98.6831,19.039],[98.682,19.0252],[98.6789,19.0282],[98.6689,19.0267],[98.6688,19.0215],[98.6631,19.0187],[98.6454,19.0222],[98.6279,19.0056],[98.6127,18.9849],[98.6068,18.9716],[98.6061,18.9632],[98.6077,18.9565],[98.6052,18.9502],[98.592,18.9412],[98.5946,18.9341],[98.588,18.9242],[98.5879,18.9195],[98.5861,18.9173],[98.5844,18.9174],[98.5837,18.9147],[98.5792,18.916],[98.5785,18.9191],[98.5762,18.9208],[98.5788,18.9224],[98.576,18.9231],[98.57,18.9283],[98.5588,18.941],[98.5503,18.9437],[98.5428,18.9501],[98.5335,18.9514],[98.5298,18.9565],[98.5243,18.9574],[98.5134,18.972],[98.5083,18.9729],[98.5036,18.9707],[98.4991,18.9708],[98.4924,18.9651],[98.4802,18.9618],[98.4672,18.9614],[98.4644,18.9587],[98.4584,18.9606],[98.4481,18.9602],[98.4345,18.9503],[98.4304,18.9512],[98.4273,18.9615],[98.4169,18.963],[98.4096,18.9705],[98.4123,18.979],[98.4085,18.9837],[98.4021,18.9871],[98.3997,18.9995],[98.4025,19.0053],[98.4057,19.0054],[98.408,19.0031],[98.4148,19.0082],[98.4136,19.0105],[98.4202,19.0135],[98.4198,19.0251],[98.4304,19.0427],[98.4396,19.0486],[98.4447,19.0458],[98.454,19.0469],[98.4693,19.0411],[98.4764,19.0429]],[[98.6867,19.0497],[98.6866,19.0537],[98.6911,19.0528],[98.6908,19.0504],[98.6867,19.0497]]]}},{"type":"Feature","properties":{"id":12473839,"name":"\u0e27\u0e19\u0e2d\u0e38\u0e17\u0e22\u0e32\u0e19\u0e23\u0e48\u0e2d\u0e07\u0e04\u0e33\u0e2b\u0e25\u0e27\u0e07","name_en":"Rong Kham Luang Forest Park","boundary":"protected_area","protect_class":"3"},"geometry":{"type":"Polygon","coordinates":[[[99.8365,19.0544],[99.8358,19.0494],[99.8297,19.0453],[99.8301,19.0433],[99.8354,19.0402],[99.833,19.0372],[99.8335,19.0315],[99.8401,19.0291],[99.8529,19.0322],[99.8536,19.0303],[99.8594,19.0312],[99.8599,19.0351],[99.858,19.0362],[99.8608,19.0386],[99.8668,19.039],[99.8678,19.0438],[99.8713,19.0456],[99.865,19.051],[99.8606,19.0483],[99.8591,19.049],[99.8589,19.0504],[99.8627,19.0528],[99.862,19.0566],[99.8603,19.06],[99.8578,19.0601],[99.8568,19.0661],[99.8536,19.0673],[99.8504,19.0666],[99.8468,19.0571],[99.8392,19.0568],[99.8365,19.0544]]]}},{"type":"Feature","properties":{"id":12581453,"name":"\u0e40\u0e02\u0e15\u0e23\u0e31\u0e01\u0e29\u0e32\u0e1e\u0e31\u0e19\u0e18\u0e38\u0e4c\u0e2a\u0e31\u0e15\u0e27\u0e4c\u0e1b\u0e48\u0e32\u0e25\u0e33\u0e19\u0e49\u0e33\u0e19\u0e48\u0e32\u0e19\u0e1d\u0e31\u0e48\u0e07\u0e02\u0e27\u0e32","name_en":"Lam Nam Nan Fang Khwa Wildlife Sanctuary","boundary":"protected_area","protect_class":"1a"},"geometry":{"type":"Polygon","coordinates":[[[100.2712,17.906],[100.2676,17.9098],[100.2672,17.9202],[100.2728,17.9422],[100.2732,17.9541],[100.2701,17.9573],[100.2701,17.9646],[100.2605,17.9789],[100.2536,17.9818],[100.2505,17.9801],[100.2409,17.982],[100.2374,17.9809],[100.2287,17.9836],[100.2299,17.9887],[100.2248,17.9967],[100.2261,17.9987],[100.2203,18.0054],[100.2246,18.0072],[100.2256,18.0106],[100.2177,18.0168],[100.22,18.0218],[100.2298,18.0225],[100.2392,18.0276],[100.2347,18.0362],[100.238,18.0429],[100.2411,18.0446],[100.2403,18.0472],[100.2415,18.0487],[100.237,18.0533],[100.2323,18.0511],[100.2335,18.0539],[100.231,18.0545],[100.2301,18.0584],[100.2281,18.0616],[100.2253,18.0618],[100.225,18.0642],[100.2223,18.0657],[100.2205,18.0622],[100.2171,18.0625],[100.2163,18.0643],[100.2114,18.0642],[100.2071,18.0675],[100.2078,18.0624],[100.2136,18.0541],[100.2173,18.0519],[100.2198,18.047],[100.2074,18.0497],[100.2036,18.0473],[100.2038,18.0452],[100.1943,18.0363],[100.1939,18.0295],[100.1903,18.021],[100.1852,18.0186],[100.1936,18.0139],[100.1935,18.0101],[100.1908,18.0075],[100.1818,18.0075],[100.1758,18.0035],[100.1692,18.0043],[100.1683,18.0032],[100.1685,18.0004],[100.1734,17.9966],[100.173,17.9941],[100.1748,17.9918],[100.1856,17.9924],[100.1832,17.987],[100.1844,17.9846],[100.18,17.9832],[100.1725,17.9767],[100.1738,17.9617],[100.1713,17.9588],[100.1679,17.9605],[100.1637,17.9578],[100.1573,17.9601],[100.1507,17.9533],[100.1513,17.9498],[100.1447,17.9469],[100.1446,17.9382],[100.1381,17.9368],[100.1324,17.933],[100.1358,17.9253],[100.1337,17.9127],[100.1218,17.9088],[100.123,17.9063],[100.1271,17.9074],[100.1273,17.9049],[100.1242,17.9025],[100.1236,17.8926],[100.1285,17.887],[100.1206,17.8736],[100.1095,17.8712],[100.113,17.8642],[100.1132,17.8582],[100.1071,17.8504],[100.1006,17.8464],[100.111,17.8485],[100.1215,17.8565],[100.1253,17.8561],[100.1275,17.8512],[100.143,17.8383],[100.1558,17.849],[100.1642,17.8438],[100.1799,17.8456],[100.1807,17.8417],[100.1665,17.8342],[100.1584,17.8162],[100.1503,17.8222],[100.1457,17.8204],[100.1267,17.8053],[100.1444,17.7988],[100.1491,17.791],[100.1582,17.7963],[100.1613,17.8054],[100.1672,17.8097],[100.1658,17.8172],[100.1773,17.8276],[100.189,17.8296],[100.1941,17.8453],[100.2003,17.8472],[100.2027,17.8513],[100.2072,17.8499],[100.2109,17.8526],[100.2152,17.8521],[100.2175,17.8575],[100.2257,17.8611],[100.2319,17.8675],[100.225,17.8749],[100.2267,17.8775],[100.2223,17.8835],[100.2266,17.8843],[100.2394,17.8747],[100.2484,17.8775],[100.2508,17.8899],[100.2588,17.9054],[100.2635,17.9044],[100.2655,17.8974],[100.2688,17.8974],[100.2717,17.9029],[100.2712,17.906]]]}},{"type":"Feature","properties":{"id":12581454,"name":"\u0e27\u0e19\u0e2d\u0e38\u0e17\u0e22\u0e32\u0e19\u0e14\u0e2d\u0e22\u0e21\u0e48\u0e2d\u0e19\u0e41\u0e01\u0e49\u0e27-\u0e21\u0e48\u0e2d\u0e19\u0e40\u0e14\u0e47\u0e07","name_en":"Doi Mon Kaeo-Mon Deng Forest Park","boundary":"protected_area","protect_class":"3"},"geometry":{"type":"Polygon","coordinates":[[[100.2769,18.1879],[100.2714,18.19],[100.2683,18.1935],[100.2702,18.1971],[100.2722,18.196],[100.2738,18.1975],[100.2774,18.1932],[100.2787,18.1903],[100.2769,18.1879]]]}},{"type":"Feature","properties":{"id":12581455,"name":"\u0e40\u0e02\u0e15\u0e23\u0e31\u0e01\u0e29\u0e32\u0e1e\u0e31\u0e19\u0e18\u0e38\u0e4c\u0e2a\u0e31\u0e15\u0e27\u0e4c\u0e1b\u0e48\u0e32\u0e14\u0e2d\u0e22\u0e2b\u0e25\u0e27\u0e07","name_en":"Doi Luang Wildlife Sanctuary","boundary":"protected_area","protect_class":"1a"},"geometry":{"type":"Polygon","coordinates":[[[99.9996,18.4025],[100.0013,18.4037],[100.0021,18.4076],[100.0069,18.4117],[100.0044,18.4151],[100.0062,18.4217],[100.0142,18.4373],[100.0102,18.4431],[100.0044,18.4453],[100.0218,18.4477],[100.0286,18.4649],[100.023,18.4691],[100.0288,18.4689],[100.0315,18.4707],[100.0389,18.4857],[100.0497,18.4977],[100.0512,18.5117],[100.0535,18.5149],[100.0527,18.5193],[100.0565,18.5267],[100.0491,18.5302],[100.0528,18.5376],[100.0519,18.5423],[100.0553,18.5493],[100.0555,18.557],[100.0637,18.5613],[100.0763,18.5627],[100.0836,18.5559],[100.0884,18.5547],[100.0924,18.5469],[100.1028,18.5437],[100.1086,18.5254],[100.0994,18.5104],[100.1012,18.5061],[100.0998,18.5035],[100.1039,18.4985],[100.0906,18.491],[100.0824,18.4892],[100.0821,18.4737],[100.0794,18.467],[100.0796,18.4511],[100.0645,18.4207],[100.0623,18.4068],[100.0405,18.3867],[100.0337,18.3871],[100.0304,18.3846],[100.0249,18.3852],[100.0242,18.3875],[100.0214,18.3878],[100.0199,18.3906],[100.0122,18.3931],[100.0088,18.3959],[100.0036,18.3965],[99.9996,18.4025]]]}},{"type":"Feature","properties":{"id":12581456,"name":"\u0e40\u0e02\u0e15\u0e23\u0e31\u0e01\u0e29\u0e32\u0e1e\u0e31\u0e19\u0e18\u0e38\u0e4c\u0e2a\u0e31\u0e15\u0e27\u0e4c\u0e1b\u0e48\u0e32\u0e14\u0e2d\u0e22\u0e1c\u0e32\u0e0a\u0e49\u0e32\u0e07","name_en":"Doi Pha Chang Wildlife Sanctuary","boundary":"protected_area","protect_class":"1a"},"geometry":{"type":"Polygon","coordinates":[[[100.5823,19.352],[100.5735,19.3601],[100.5632,19.3614],[100.5691,19.3507],[100.5722,19.3504],[100.5724,19.3472],[100.5688,19.3466],[100.5655,19.3417],[100.5566,19.34],[100.543,19.3433],[100.5431,19.3392],[100.5413,19.3388],[100.5351,19.3414],[100.5333,19.3503],[100.5289,19.3529],[100.5253,19.3529],[100.5166,19.3372],[100.514,19.3381],[100.5054,19.3341],[100.5043,19.3311],[100.5023,19.333],[100.4983,19.3325],[100.4986,19.3348],[100.491,19.3301],[100.4888,19.3307],[100.4872,19.3282],[100.4859,19.3289],[100.4887,19.3325],[100.4841,19.3314],[100.4734,19.321],[100.4706,19.3201],[100.4696,19.3223],[100.4646,19.3213],[100.4638,19.3184],[100.461,19.3205],[100.4585,19.3188],[100.4578,19.3216],[100.4551,19.3216],[100.453,19.3236],[100.4514,19.3215],[100.4491,19.3236],[100.4434,19.3188],[100.4427,19.3215],[100.4415,19.319],[100.4371,19.3198],[100.4282,19.3092],[100.4253,19.3119],[100.424,19.3083],[100.4207,19.309],[100.4142,19.3034],[100.4128,19.3056],[100.4047,19.3009],[100.4051,19.2726],[100.3926,19.2625],[100.3551,19.2102],[100.3409,19.2034],[100.3804,19.18],[100.4255,19.2009],[100.4761,19.2065],[100.4759,19.1961],[100.4698,19.1953],[100.4705,19.1936],[100.4662,19.1905],[100.4686,19.1881],[100.4644,19.1887],[100.4654,19.1867],[100.4636,19.187],[100.4637,19.1848],[100.4614,19.183],[100.4637,19.1789],[100.4589,19.1813],[100.4597,19.1795],[100.4577,19.1801],[100.4563,19.1783],[100.4577,19.1761],[100.4554,19.1769],[100.4542,19.1742],[100.4573,19.1735],[100.4601,19.1702],[100.4567,19.1726],[100.4526,19.1726],[100.4533,19.1706],[100.4522,19.171],[100.4514,19.1687],[100.4501,19.1708],[100.4473,19.171],[100.4482,19.1676],[100.4537,19.165],[100.4502,19.165],[100.4452,19.1687],[100.444,19.1678],[100.4475,19.1629],[100.4465,19.162],[100.4423,19.1673],[100.4403,19.1643],[100.4389,19.1684],[100.4363,19.1703],[100.4331,19.17],[100.4295,19.1734],[100.4271,19.1704],[100.423,19.1731],[100.4239,19.1708],[100.4219,19.1695],[100.4224,19.1654],[100.4178,19.1646],[100.4198,19.1616],[100.4192,19.1593],[100.4216,19.1578],[100.4202,19.145],[100.4308,19.1273],[100.4542,19.1234],[100.4659,19.1108],[100.4605,19.1001],[100.4631,19.0916],[100.4576,19.0808],[100.4547,19.059],[100.4578,19.0509],[100.4471,19.028],[100.4411,19.0243],[100.4375,19.0139],[100.4382,19.0089],[100.4353,19.0016],[100.4276,18.9938],[100.4266,18.9859],[100.4183,18.9809],[100.424,18.9695],[100.4275,18.9684],[100.423,18.9583],[100.424,18.9485],[100.4271,18.9453],[100.4334,18.9463],[100.4419,18.9442],[100.4527,18.9347],[100.4557,18.9359],[100.4586,18.9425],[100.4822,18.9518],[100.4803,18.9597],[100.4813,18.9659],[100.4891,18.9686],[100.4913,18.9741],[100.499,18.9792],[100.5013,18.9895],[100.5036,18.9914],[100.5046,19.0016],[100.5143,19.0047],[100.5191,18.9995],[100.5244,19.0011],[100.5264,19.0207],[100.5345,19.0324],[100.5347,19.0424],[100.5391,19.0505],[100.5249,19.062],[100.5156,19.0782],[100.5088,19.1231],[100.51,19.1371],[100.506,19.159],[100.5122,19.1656],[100.5797,19.1787],[100.61,19.1807],[100.618,19.1829],[100.6182,19.1928],[100.6217,19.1995],[100.6188,19.2138],[100.6169,19.216],[100.6157,19.223],[100.6167,19.227],[100.6115,19.2329],[100.6001,19.2522],[100.605,19.2573],[100.6058,19.2648],[100.6044,19.2689],[100.6077,19.2783],[100.6101,19.2806],[100.6099,19.2856],[100.6118,19.2884],[100.61,19.2961],[100.6124,19.3159],[100.6163,19.32],[100.6138,19.3277],[100.6097,19.3311],[100.6093,19.338],[100.586,19.3466],[100.5823,19.352]],[[100.4957,19.0459],[100.4902,19.0452],[100.4894,19.0482],[100.4938,19.0588],[100.4923,19.064],[100.493,19.0774],[100.5009,19.078],[100.5053,19.0655],[100.4957,19.0459]]]}},{"type":"Feature","properties":{"id":12581457,"name":"\u0e40\u0e02\u0e15\u0e2b\u0e49\u0e32\u0e21\u0e25\u0e48\u0e32\u0e2a\u0e31\u0e15\u0e27\u0e4c\u0e1b\u0e48\u0e32\u0e17\u0e31\u0e1a\u0e1e\u0e0d\u0e32\u0e25\u0e2d","name_en":"Thap Phaya Lo Non-Hunting Area","boundary":"protected_area","protect_class":"4"},"geometry":{"type":"Polygon","coordinates":[[[100.0676,19.4309],[100.0562,19.4348],[100.0576,19.4321],[100.0537,19.4312],[100.056,19.4359],[100.0594,19.4356],[100.0609,19.4338],[100.0631,19.4385],[100.0665,19.4398],[100.0673,19.4433],[100.0651,19.4471],[100.0662,19.4489],[100.0631,19.4502],[100.0643,19.4551],[100.0587,19.4536],[100.059,19.4617],[100.0616,19.4641],[100.0574,19.4725],[100.059,19.4812],[100.0439,19.4814],[100.0418,19.4875],[100.0535,19.4897],[100.0522,19.4922],[100.0449,19.4948],[100.0461,19.503],[100.0499,19.5044],[100.0492,19.506],[100.0465,19.5056],[100.0479,19.5189],[100.0576,19.5214],[100.0583,19.5302],[100.07,19.545],[100.0697,19.5508],[100.0775,19.5515],[100.0785,19.5485],[100.0747,19.5456],[100.0767,19.5418],[100.0745,19.54],[100.0776,19.535],[100.0813,19.5347],[100.0762,19.5276],[100.0797,19.5097],[100.0774,19.5089],[100.0778,19.5062],[100.0808,19.5075],[100.0793,19.4947],[100.0771,19.4932],[100.0742,19.4587],[100.0754,19.4531],[100.0736,19.4476],[100.0746,19.4463],[100.0713,19.4451],[100.0685,19.4462],[100.0685,19.4445],[100.0711,19.4439],[100.0717,19.4381],[100.0699,19.4361],[100.0685,19.4384],[100.0634,19.4349],[100.0676,19.4309]]]}},{"type":"Feature","properties":{"id":12581458,"name":"\u0e40\u0e02\u0e15\u0e23\u0e31\u0e01\u0e29\u0e32\u0e1e\u0e31\u0e19\u0e18\u0e38\u0e4c\u0e2a\u0e31\u0e15\u0e27\u0e4c\u0e1b\u0e48\u0e32\u0e40\u0e27\u0e35\u0e22\u0e07\u0e25\u0e2d","name_en":"Wiang Lo Wildlife Sanctuary","boundary":"protected_area","protect_class":"1a"},"geometry":{"type":"Polygon","coordinates":[[[100.2805,19.2069],[100.2741,19.2168],[100.276,19.2206],[100.2633,19.2449],[100.2545,19.2468],[100.2566,19.2535],[100.2541,19.2606],[100.2553,19.2634],[100.2526,19.2797],[100.2411,19.2897],[100.2354,19.2915],[100.2395,19.2955],[100.2372,19.2979],[100.2362,19.2951],[100.2311,19.2947],[100.2263,19.3008],[100.2218,19.2993],[100.2203,19.3011],[100.2218,19.3039],[100.2173,19.3087],[100.2185,19.3108],[100.2237,19.309],[100.2257,19.3129],[100.2184,19.3129],[100.2161,19.3115],[100.2139,19.3137],[100.2142,19.3173],[100.2096,19.3208],[100.2114,19.3229],[100.2196,19.3198],[100.2205,19.3267],[100.2142,19.3296],[100.2141,19.3345],[100.2116,19.3367],[100.2141,19.3394],[100.2089,19.3434],[100.2055,19.3494],[100.1996,19.3482],[100.1981,19.3514],[100.1906,19.3541],[100.1934,19.3661],[100.1896,19.3673],[100.19,19.3719],[100.1939,19.3707],[100.1938,19.3736],[100.189,19.3764],[100.1878,19.3801],[100.1938,19.3783],[100.1933,19.3815],[100.186,19.3849],[100.1853,19.409],[100.1902,19.4108],[100.1872,19.4145],[100.189,19.4171],[100.1945,19.4192],[100.195,19.4216],[100.1902,19.423],[100.1913,19.4296],[100.1986,19.4304],[100.1991,19.4388],[100.2058,19.4496],[100.2065,19.4556],[100.2106,19.4612],[100.2157,19.4571],[100.2152,19.4546],[100.2196,19.4523],[100.2182,19.4439],[100.2252,19.4458],[100.2263,19.4477],[100.2242,19.4476],[100.2232,19.4497],[100.2242,19.4543],[100.2317,19.4511],[100.2334,19.4609],[100.24,19.4591],[100.2503,19.4612],[100.2539,19.4549],[100.2541,19.4505],[100.2487,19.4494],[100.2558,19.4406],[100.2546,19.439],[100.2561,19.4355],[100.2671,19.4353],[100.2681,19.4338],[100.266,19.4322],[100.2671,19.4305],[100.281,19.4332],[100.2844,19.4315],[100.2865,19.4271],[100.2923,19.4251],[100.2937,19.4212],[100.2902,19.4187],[100.2834,19.4219],[100.2771,19.4213],[100.2713,19.4108],[100.267,19.411],[100.2672,19.4092],[100.27,19.4086],[100.2698,19.407],[100.2603,19.4047],[100.2603,19.4031],[100.2681,19.4043],[100.2722,19.3984],[100.2614,19.3946],[100.2629,19.3916],[100.2684,19.3923],[100.2692,19.3793],[100.2663,19.3699],[100.2719,19.369],[100.2763,19.3579],[100.2733,19.3541],[100.2741,19.3505],[100.2876,19.3496],[100.2866,19.3465],[100.2896,19.3444],[100.2932,19.3448],[100.2993,19.3403],[100.3098,19.3397],[100.3072,19.3322],[100.2945,19.3302],[100.2788,19.3235],[100.2799,19.322],[100.2903,19.3243],[100.2984,19.3241],[100.3018,19.3259],[100.3051,19.3252],[100.3053,19.3241],[100.3018,19.3236],[100.3065,19.3215],[100.3082,19.3146],[100.3051,19.3149],[100.3059,19.3098],[100.3088,19.3069],[100.305,19.3041],[100.3068,19.2953],[100.3114,19.2924],[100.312,19.286],[100.3027,19.2836],[100.2993,19.2797],[100.2963,19.2795],[100.2926,19.2833],[100.2913,19.2822],[100.2952,19.2771],[100.2921,19.2705],[100.2946,19.2656],[100.3078,19.2661],[100.3086,19.2633],[100.3041,19.2625],[100.3019,19.256],[100.3087,19.2545],[100.3107,19.2502],[100.3082,19.2447],[100.3027,19.2415],[100.2987,19.2485],[100.2951,19.2484],[100.2947,19.2417],[100.2867,19.242],[100.2868,19.2394],[100.2914,19.239],[100.2932,19.2334],[100.2972,19.2358],[100.2965,19.2236],[100.2914,19.2216],[100.2911,19.2113],[100.2882,19.2083],[100.2805,19.2069]]]}},{"type":"Feature","properties":{"id":12581460,"name":"\u0e27\u0e19\u0e2d\u0e38\u0e17\u0e22\u0e32\u0e19\u0e19\u0e49\u0e33\u0e15\u0e01\u0e19\u0e49\u0e33\u0e21\u0e34\u0e19","name_en":"Namtok Nam Min Forest Park","boundary":"protected_area","protect_class":"3"},"geometry":{"type":"Polygon","coordinates":[[[100.4895,19.4572],[100.4936,19.4582],[100.4934,19.462],[100.4903,19.4668],[100.4763,19.4697],[100.4733,19.4664],[100.4685,19.4668],[100.4604,19.4774],[100.4544,19.4796],[100.4498,19.4755],[100.4528,19.4693],[100.4622,19.4653],[100.471,19.456],[100.4895,19.4572]]]}},{"type":"Feature","properties":{"id":12581461,"name":"\u0e27\u0e19\u0e2d\u0e38\u0e17\u0e22\u0e32\u0e19\u0e20\u0e39\u0e0a\u0e35\u0e49\u0e1f\u0e49\u0e32","name_en":"Phu Chi Fa Forest Park","boundary":"protected_area","protect_class":"3"},"geometry":{"type":"Polygon","coordinates":[[[100.4622,19.8574],[100.4541,19.8501],[100.45,19.8488],[100.4464,19.8423],[100.437,19.8449],[100.4373,19.8536],[100.4353,19.8572],[100.4389,19.8624],[100.4522,19.865],[100.4583,19.8617],[100.4605,19.8628],[100.4622,19.8574]]]}},{"type":"Feature","properties":{"id":12581462,"name":"\u0e27\u0e19\u0e2d\u0e38\u0e17\u0e22\u0e32\u0e19\u0e41\u0e21\u0e48\u0e2a\u0e25\u0e2d\u0e07","name_en":"Mae Salong Forest Park","boundary":"protected_area","protect_class":"3"},"geometry":{"type":"Polygon","coordinates":[[[99.7516,20.1438],[99.7582,20.1482],[99.757,20.1496],[99.7584,20.1565],[99.7545,20.1582],[99.7523,20.156],[99.7527,20.1539],[99.7516,20.1554],[99.7501,20.1545],[99.7472,20.1484],[99.7516,20.1438]]]}},{"type":"Feature","properties":{"id":12581463,"name":"\u0e27\u0e19\u0e2d\u0e38\u0e17\u0e22\u0e32\u0e19\u0e23\u0e34\u0e21\u0e42\u0e02\u0e07","name_en":"Rim Khong Forest Park","boundary":"protected_area","protect_class":"3"},"geometry":{"type":"Polygon","coordinates":[[[100.1725,20.2374],[100.1697,20.2408],[100.1749,20.2392],[100.1725,20.2374]]]}},{"type":"Feature","properties":{"id":12581464,"name":"\u0e27\u0e19\u0e2d\u0e38\u0e17\u0e22\u0e32\u0e19\u0e14\u0e2d\u0e22\u0e2b\u0e31\u0e27\u0e41\u0e21\u0e48\u0e04\u0e33","name_en":"Doi Hua Mae Kham Forest Park","boundary":"protected_area","protect_class":"3"},"geometry":{"type":"Polygon","coordinates":[[[99.4867,20.3849],[99.4837,20.3805],[99.4817,20.3803],[99.4801,20.3844],[99.4761,20.3868],[99.4777,20.3786],[99.4762,20.3771],[99.4744,20.3813],[99.4713,20.381],[99.4682,20.3751],[99.4685,20.3725],[99.4658,20.3718],[99.4657,20.3705],[99.4687,20.3699],[99.4667,20.3672],[99.4682,20.3653],[99.4609,20.3655],[99.4617,20.3636],[99.4666,20.3623],[99.4671,20.3593],[99.4557,20.3624],[99.4575,20.3669],[99.4579,20.3783],[99.46,20.3798],[99.4601,20.3859],[99.4574,20.3918],[99.4584,20.3928],[99.4733,20.394],[99.4778,20.3917],[99.4811,20.3875],[99.4867,20.3849]]]}},{"type":"Feature","properties":{"id":12581465,"name":"\u0e27\u0e19\u0e2d\u0e38\u0e17\u0e22\u0e32\u0e19\u0e19\u0e49\u0e33\u0e15\u0e01\u0e15\u0e32\u0e14\u0e2a\u0e27\u0e23\u0e23\u0e04\u0e4c","name_en":"Namtok Tat Sawan Forest Park","boundary":"protected_area","protect_class":"3"},"geometry":{"type":"Polygon","coordinates":[[[99.8764,19.799],[99.8693,19.7946],[99.8688,19.7867],[99.8607,19.7761],[99.8646,19.7806],[99.8666,19.7777],[99.8756,19.7806],[99.879,19.7844],[99.8813,19.7839],[99.8798,19.7856],[99.8841,19.7954],[99.8802,19.7965],[99.8804,19.7983],[99.8764,19.799]]]}},{"type":"Feature","properties":{"id":12590186,"name":"\u0e40\u0e02\u0e15\u0e23\u0e31\u0e01\u0e29\u0e32\u0e1e\u0e31\u0e19\u0e18\u0e38\u0e4c\u0e2a\u0e31\u0e15\u0e27\u0e4c\u0e1b\u0e48\u0e32\u0e20\u0e39\u0e40\u0e21\u0e35\u0e48\u0e22\u0e07-\u0e20\u0e39\u0e17\u0e2d\u0e07","name_en":"Phu Miang-Phu Thong Wildlife Sanctuary","boundary":"protected_area","protect_class":"1a"},"geometry":{"type":"Polygon","coordinates":[[[100.5812,17.4836],[100.5712,17.4729],[100.5698,17.4658],[100.5674,17.4636],[100.5676,17.4567],[100.5627,17.456],[100.559,17.446],[100.5334,17.4239],[100.5291,17.4158],[100.5297,17.4123],[100.5271,17.4133],[100.5248,17.4109],[100.5216,17.4105],[100.5222,17.4078],[100.5167,17.41],[100.5154,17.4081],[100.5173,17.4072],[100.5147,17.4055],[100.5127,17.3958],[100.52,17.3919],[100.5198,17.3842],[100.5259,17.3819],[100.5384,17.3842],[100.5567,17.3786],[100.5432,17.3468],[100.5377,17.3379],[100.5389,17.3307],[100.5443,17.324],[100.557,17.3228],[100.57,17.3128],[100.5897,17.3246],[100.5958,17.332],[100.601,17.3324],[100.6137,17.3266],[100.6386,17.3253],[100.6446,17.3292],[100.651,17.33],[100.6464,17.3145],[100.6646,17.3148],[100.6714,17.3185],[100.6801,17.3202],[100.7037,17.3354],[100.7324,17.3587],[100.7517,17.3867],[100.7523,17.3925],[100.7539,17.3944],[100.7557,17.3927],[100.758,17.3954],[100.7717,17.4228],[100.7734,17.4356],[100.7775,17.4407],[100.7801,17.448],[100.7859,17.4523],[100.7895,17.4646],[100.8009,17.4738],[100.808,17.4868],[100.8129,17.4925],[100.8146,17.4976],[100.8193,17.5004],[100.8222,17.5057],[100.8225,17.5074],[100.8187,17.5113],[100.8228,17.5128],[100.8211,17.5145],[100.8243,17.5156],[100.8279,17.5238],[100.8306,17.5254],[100.8325,17.5328],[100.8305,17.5375],[100.8307,17.5415],[100.8348,17.5462],[100.8306,17.5468],[100.8323,17.5491],[100.8372,17.5481],[100.8379,17.5499],[100.8337,17.5521],[100.8278,17.5526],[100.8281,17.5544],[100.8386,17.5549],[100.8428,17.5638],[100.839,17.5675],[100.8397,17.5684],[100.8475,17.5666],[100.8461,17.5687],[100.8496,17.5722],[100.8489,17.5758],[100.853,17.5787],[100.8539,17.5822],[100.8562,17.583],[100.8556,17.5859],[100.8588,17.5875],[100.8633,17.5976],[100.8674,17.5983],[100.867,17.6019],[100.8727,17.6092],[100.881,17.6142],[100.8865,17.6235],[100.8885,17.6236],[100.8923,17.6297],[100.8943,17.63],[100.8943,17.632],[100.8967,17.6338],[100.8936,17.6348],[100.8955,17.6361],[100.8949,17.6382],[100.8966,17.6382],[100.8976,17.6416],[100.8994,17.6409],[100.8988,17.6444],[100.9013,17.6435],[100.9035,17.6454],[100.9025,17.6483],[100.9041,17.6485],[100.9025,17.6515],[100.9044,17.6519],[100.9034,17.6535],[100.9101,17.6541],[100.9097,17.6564],[100.9076,17.6558],[100.9093,17.6631],[100.9077,17.664],[100.9092,17.6651],[100.9077,17.6664],[100.9096,17.6679],[100.9093,17.67],[100.9104,17.6695],[100.912,17.6726],[100.9135,17.6722],[100.9124,17.675],[100.9138,17.6755],[100.911,17.6767],[100.9105,17.6787],[100.9085,17.6781],[100.9033,17.6855],[100.8951,17.6917],[100.8952,17.6964],[100.8937,17.6981],[100.8853,17.6975],[100.8809,17.703],[100.873,17.7085],[100.8739,17.7114],[100.8689,17.7183],[100.8687,17.7235],[100.8603,17.7268],[100.8475,17.7235],[100.8368,17.7126],[100.8311,17.6982],[100.8064,17.6692],[100.7817,17.6612],[100.773,17.6532],[100.7644,17.6519],[100.7455,17.6343],[100.7457,17.6322],[100.7649,17.6174],[100.775,17.6127],[100.7814,17.6057],[100.7759,17.6019],[100.7746,17.5974],[100.7724,17.596],[100.7749,17.5859],[100.7736,17.5828],[100.7653,17.5804],[100.7653,17.5731],[100.7629,17.5723],[100.7627,17.5698],[100.759,17.5702],[100.7561,17.5639],[100.7516,17.5632],[100.7508,17.5604],[100.7466,17.5589],[100.742,17.551],[100.7403,17.5424],[100.7293,17.5359],[100.7203,17.5332],[100.7098,17.5324],[100.7087,17.5308],[100.6929,17.5246],[100.6888,17.5221],[100.6839,17.5136],[100.6795,17.511],[100.6753,17.5056],[100.6709,17.504],[100.6693,17.5009],[100.661,17.5004],[100.6569,17.4989],[100.6525,17.4944],[100.6481,17.4938],[100.6456,17.4942],[100.6462,17.5043],[100.642,17.5145],[100.6418,17.5217],[100.6358,17.5273],[100.6269,17.5273],[100.6213,17.5303],[100.6162,17.524],[100.6179,17.5226],[100.6144,17.5174],[100.6162,17.5143],[100.6143,17.5118],[100.6105,17.5105],[100.6077,17.5051],[100.6041,17.5057],[100.6032,17.5005],[100.5965,17.4955],[100.588,17.4861],[100.5812,17.4836]],[[100.6876,17.3746],[100.686,17.3761],[100.6868,17.3835],[100.6772,17.3873],[100.6789,17.3995],[100.6751,17.409],[100.6677,17.4137],[100.6667,17.4247],[100.6713,17.4334],[100.6667,17.4417],[100.6679,17.4474],[100.6734,17.4478],[100.6785,17.4538],[100.6803,17.4524],[100.6791,17.4463],[100.6822,17.4451],[100.6851,17.4496],[100.6899,17.4505],[100.6891,17.4425],[100.6851,17.4423],[100.6793,17.4359],[100.6803,17.4329],[100.6827,17.4326],[100.6833,17.4297],[100.6798,17.43],[100.6797,17.4268],[100.6876,17.4202],[100.6901,17.4128],[100.7003,17.4074],[100.7024,17.4079],[100.7063,17.4013],[100.7097,17.3989],[100.7023,17.3846],[100.7005,17.3838],[100.6982,17.3862],[100.6876,17.3746]]]}},{"type":"Feature","properties":{"id":12590187,"name":"\u0e40\u0e02\u0e15\u0e2b\u0e49\u0e32\u0e21\u0e25\u0e48\u0e32\u0e2a\u0e31\u0e15\u0e27\u0e4c\u0e1b\u0e48\u0e32\u0e40\u0e02\u0e32\u0e43\u0e2b\u0e0d\u0e48-\u0e40\u0e02\u0e32\u0e2b\u0e19\u0e49\u0e32\u0e1c\u0e32\u0e15\u0e31\u0e49\u0e07\u0e41\u0e25\u0e30\u0e40\u0e02\u0e32\u0e15\u0e32\u0e1e\u0e23\u0e21","name_en":"Khao Yai-Khao Na Pha Tang and Khao Ta Phrom Non-Hunting Area","boundary":"protected_area","protect_class":"4"},"geometry":{"type":"Polygon","coordinates":[[[100.3322,17.493],[100.3283,17.4944],[100.3281,17.4967],[100.3244,17.4994],[100.3264,17.5011],[100.3151,17.5079],[100.3157,17.5119],[100.3124,17.5159],[100.315,17.5225],[100.3217,17.5253],[100.3246,17.5349],[100.3286,17.5364],[100.3302,17.5398],[100.3369,17.5419],[100.3395,17.5397],[100.342,17.5412],[100.3392,17.5432],[100.3429,17.5448],[100.3454,17.5494],[100.3498,17.5511],[100.352,17.5489],[100.3532,17.5502],[100.3513,17.554],[100.3598,17.5594],[100.362,17.5556],[100.364,17.5598],[100.3656,17.5557],[100.3683,17.56],[100.3822,17.5656],[100.3893,17.562],[100.3857,17.5566],[100.3825,17.5555],[100.3853,17.5533],[100.3847,17.551],[100.3779,17.5466],[100.3784,17.5446],[100.3747,17.5413],[100.372,17.5417],[100.3694,17.5381],[100.3728,17.5335],[100.3653,17.5318],[100.3636,17.5272],[100.3726,17.5248],[100.372,17.5228],[100.3617,17.5175],[100.3595,17.5191],[100.3565,17.5179],[100.3546,17.5192],[100.3564,17.5249],[100.3539,17.5277],[100.3447,17.514],[100.3399,17.514],[100.3369,17.5084],[100.345,17.507],[100.3441,17.5011],[100.341,17.4978],[100.3372,17.5015],[100.3329,17.4979],[100.3336,17.4944],[100.3322,17.493]]]}},{"type":"Feature","properties":{"id":12590188,"name":"\u0e40\u0e02\u0e15\u0e23\u0e31\u0e01\u0e29\u0e32\u0e1e\u0e31\u0e19\u0e18\u0e38\u0e4c\u0e2a\u0e31\u0e15\u0e27\u0e4c\u0e1b\u0e48\u0e32\u0e41\u0e21\u0e48\u0e08\u0e23\u0e34\u0e21","name_en":"Mae Charim Wildlife Sanctuary","boundary":"protected_area","protect_class":"1a"},"geometry":{"type":"Polygon","coordinates":[[[100.9599,18.2763],[100.9593,18.2776],[100.9645,18.2796],[100.9653,18.2837],[100.9702,18.2877],[100.9732,18.2933],[100.9773,18.2952],[100.9792,18.2988],[100.978,18.3024],[100.9795,18.3057],[100.9838,18.3082],[100.999,18.3091],[101.0052,18.3178],[101.02,18.3229],[101.0274,18.3322],[101.0342,18.3336],[101.0385,18.3382],[101.0432,18.3397],[101.0461,18.3459],[101.0507,18.3485],[101.0465,18.3404],[101.0467,18.3315],[101.0448,18.3306],[101.0407,18.3332],[101.0374,18.3248],[101.0405,18.3299],[101.0419,18.3259],[101.0454,18.3268],[101.0463,18.3285],[101.0518,18.3296],[101.051,18.3319],[101.0533,18.3352],[101.0623,18.3378],[101.0632,18.3351],[101.07,18.3326],[101.0694,18.3244],[101.071,18.3177],[101.0759,18.317],[101.0756,18.3151],[101.0795,18.3138],[101.0792,18.31],[101.0832,18.309],[101.0863,18.3184],[101.0903,18.3197],[101.0955,18.3189],[101.0975,18.3168],[101.0979,18.3143],[101.0961,18.3141],[101.0981,18.3099],[101.0969,18.3051],[101.0952,18.307],[101.0911,18.3066],[101.0907,18.3052],[101.0936,18.3034],[101.0921,18.3011],[101.0946,18.2991],[101.0938,18.2975],[101.0905,18.2979],[101.0919,18.2936],[101.0884,18.2934],[101.0887,18.2914],[101.0941,18.2908],[101.0921,18.2885],[101.0955,18.288],[101.0954,18.2857],[101.0904,18.2836],[101.09,18.281],[101.0919,18.2777],[101.0855,18.2742],[101.0829,18.2783],[101.0756,18.2758],[101.0766,18.2698],[101.0791,18.2669],[101.0771,18.2651],[101.0804,18.2602],[101.0762,18.251],[101.0792,18.2499],[101.0794,18.2452],[101.082,18.2428],[101.0779,18.2371],[101.0683,18.2389],[101.061,18.2317],[101.065,18.2313],[101.0674,18.2278],[101.0653,18.2254],[101.0667,18.2245],[101.0649,18.2223],[101.0651,18.2194],[101.0672,18.22],[101.0774,18.2148],[101.0771,18.2122],[101.0737,18.2115],[101.0728,18.2088],[101.0699,18.2074],[101.0661,18.1982],[101.0618,18.1944],[101.0629,18.1926],[101.068,18.1917],[101.0662,18.1886],[101.0609,18.1897],[101.0555,18.1886],[101.052,18.1913],[101.0544,18.1964],[101.0523,18.1985],[101.0533,18.2012],[101.0464,18.2095],[101.0409,18.2112],[101.0335,18.2179],[101.0351,18.2232],[101.0325,18.2257],[101.0335,18.2293],[101.0321,18.2331],[101.0298,18.2327],[101.0274,18.2354],[101.0238,18.2344],[101.0223,18.2358],[101.0098,18.2336],[101.0107,18.2362],[101.0077,18.2386],[101.0079,18.242],[101.0039,18.2447],[100.9983,18.2454],[101.0024,18.2475],[100.9972,18.2497],[100.993,18.2557],[100.9932,18.2581],[100.9913,18.2597],[100.9933,18.2659],[100.9837,18.2642],[100.9837,18.2662],[100.9759,18.2735],[100.9732,18.2726],[100.9677,18.2748],[100.9709,18.2776],[100.9683,18.279],[100.9652,18.2768],[100.9599,18.2763]]]}},{"type":"Feature","properties":{"id":12592457,"name":"\u0e40\u0e02\u0e15\u0e2b\u0e49\u0e32\u0e21\u0e25\u0e48\u0e32\u0e2a\u0e31\u0e15\u0e27\u0e4c\u0e1b\u0e48\u0e32\u0e40\u0e02\u0e32\u0e04\u0e49\u0e2d","name_en":"Khao Kho Non-Hunting Area","boundary":"protected_area","protect_class":"4"},"geometry":{"type":"Polygon","coordinates":[[[100.914,16.6257],[100.9218,16.6166],[100.9192,16.6125],[100.925,16.6066],[100.9243,16.5942],[100.9217,16.5922],[100.9217,16.5896],[100.9338,16.5935],[100.9435,16.5921],[100.9583,16.6012],[100.9686,16.5981],[100.9723,16.5919],[100.98,16.5899],[100.9874,16.5921],[100.9914,16.5962],[100.9896,16.5989],[100.9916,16.6005],[100.9893,16.6023],[100.9926,16.6065],[100.9927,16.6112],[100.9867,16.6194],[100.9896,16.6256],[100.9851,16.6316],[100.974,16.6263],[100.9576,16.6225],[100.9435,16.6172],[100.939,16.6176],[100.9375,16.6203],[100.9374,16.6248],[100.9396,16.6271],[100.942,16.6262],[100.9493,16.63],[100.9477,16.638],[100.9789,16.6491],[100.9857,16.6536],[100.9871,16.6562],[100.9751,16.6549],[100.9598,16.6693],[100.9454,16.6798],[100.9398,16.6725],[100.9397,16.6592],[100.9344,16.654],[100.9316,16.6464],[100.9325,16.6427],[100.9295,16.6412],[100.9249,16.6418],[100.9211,16.6398],[100.9191,16.6413],[100.9152,16.6356],[100.9132,16.6369],[100.9117,16.636],[100.911,16.6288],[100.914,16.6257]]]}},{"type":"Feature","properties":{"id":12592458,"name":"\u0e40\u0e02\u0e15\u0e2b\u0e49\u0e32\u0e21\u0e25\u0e48\u0e32\u0e2a\u0e31\u0e15\u0e27\u0e4c\u0e1b\u0e48\u0e32\u0e27\u0e31\u0e07\u0e42\u0e1b\u0e48\u0e07-\u0e0a\u0e19\u0e41\u0e14\u0e19","name_en":"Wang Pong-Chon Daen Non-Hunting Area","boundary":"protected_area","protect_class":"4"},"geometry":{"type":"Polygon","coordinates":[[[101.0115,16.453],[101.0069,16.451],[101.0022,16.4599],[100.994,16.4567],[100.9919,16.4545],[100.9914,16.4485],[100.9929,16.4408],[100.9721,16.4283],[100.9608,16.4241],[100.9523,16.4234],[100.9478,16.4209],[100.9443,16.4236],[100.9414,16.4234],[100.9374,16.4283],[100.9381,16.4328],[100.9353,16.434],[100.9352,16.4358],[100.929,16.4352],[100.9265,16.4395],[100.915,16.4431],[100.9099,16.441],[100.9032,16.4409],[100.8966,16.4293],[100.8826,16.4345],[100.8768,16.4335],[100.8681,16.4262],[100.8644,16.4259],[100.8612,16.4212],[100.826,16.4143],[100.825,16.4032],[100.8267,16.391],[100.8352,16.3904],[100.84,16.3933],[100.8487,16.3895],[100.8546,16.3897],[100.8575,16.3807],[100.861,16.3765],[100.8717,16.376],[100.8746,16.3784],[100.8703,16.3866],[100.8746,16.4054],[100.8839,16.4027],[100.8851,16.4076],[100.8868,16.4084],[100.8949,16.3895],[100.9016,16.3859],[100.918,16.3862],[100.9245,16.3818],[100.925,16.3771],[100.9284,16.3787],[100.9346,16.3771],[100.9316,16.3735],[100.9363,16.3654],[100.9572,16.3637],[100.9571,16.3533],[100.9608,16.3483],[100.9652,16.3469],[100.9712,16.3362],[100.9785,16.3322],[100.984,16.3364],[101.004,16.3407],[101.0115,16.3504],[101.022,16.3549],[101.0314,16.3533],[101.0336,16.3586],[101.0322,16.3637],[101.0211,16.3651],[101.0184,16.3701],[101.0258,16.3864],[101.0205,16.3908],[101.0234,16.3924],[101.0398,16.3913],[101.045,16.4056],[101.0368,16.418],[101.0254,16.4205],[101.0232,16.4253],[101.0302,16.4309],[101.0213,16.4424],[101.0241,16.445],[101.0215,16.4494],[101.0115,16.453]]]}},{"type":"Feature","properties":{"id":12592460,"name":"\u0e2d\u0e38\u0e17\u0e22\u0e32\u0e19\u0e41\u0e2b\u0e48\u0e07\u0e0a\u0e32\u0e15\u0e34\u0e19\u0e49\u0e33\u0e15\u0e01\u0e0a\u0e32\u0e15\u0e34\u0e15\u0e23\u0e30\u0e01\u0e32\u0e23","name_en":"Namtok Chat Trakan National Park","boundary":"national_park","protect_class":"2"},"geometry":{"type":"Polygon","coordinates":[[[100.8914,17.4211],[100.8899,17.4256],[100.8917,17.434],[100.8992,17.4538],[100.8932,17.4652],[100.8923,17.4624],[100.8861,17.4604],[100.881,17.4531],[100.8745,17.4494],[100.8697,17.4516],[100.8662,17.4511],[100.8623,17.454],[100.8586,17.4518],[100.8549,17.4522],[100.8485,17.437],[100.8434,17.431],[100.8427,17.4268],[100.8325,17.4148],[100.8306,17.4092],[100.8321,17.4023],[100.8286,17.4025],[100.8275,17.4064],[100.8155,17.4158],[100.8127,17.4166],[100.8104,17.4198],[100.8028,17.4225],[100.8032,17.4275],[100.811,17.4344],[100.8154,17.4409],[100.8167,17.4479],[100.8267,17.4515],[100.8292,17.4567],[100.828,17.4609],[100.8202,17.4594],[100.8111,17.4616],[100.8001,17.4688],[100.796,17.4688],[100.7903,17.4644],[100.7928,17.4559],[100.7916,17.4486],[100.7851,17.4395],[100.7853,17.4344],[100.7805,17.4241],[100.7828,17.4215],[100.7794,17.4182],[100.7763,17.4194],[100.7744,17.4174],[100.7705,17.4069],[100.7668,17.4018],[100.7688,17.4008],[100.7658,17.3979],[100.7674,17.3944],[100.7653,17.3868],[100.7297,17.3446],[100.7126,17.3297],[100.6791,17.3061],[100.6776,17.3011],[100.6704,17.2967],[100.6704,17.294],[100.6609,17.2804],[100.6639,17.275],[100.6629,17.2733],[100.653,17.2672],[100.6509,17.2568],[100.6534,17.2484],[100.6559,17.2476],[100.6578,17.2423],[100.6544,17.2437],[100.654,17.2415],[100.6578,17.2292],[100.6571,17.2239],[100.6546,17.2208],[100.6552,17.2163],[100.6584,17.2079],[100.6664,17.1955],[100.6741,17.1923],[100.6749,17.194],[100.6831,17.1931],[100.6805,17.1904],[100.6824,17.1876],[100.6874,17.1857],[100.6886,17.18],[100.6914,17.18],[100.6961,17.1755],[100.698,17.1762],[100.6971,17.1717],[100.6991,17.1704],[100.6999,17.1726],[100.7052,17.1747],[100.7017,17.1684],[100.7044,17.1624],[100.7142,17.1568],[100.7169,17.1674],[100.7188,17.1697],[100.7208,17.1667],[100.7205,17.1543],[100.7248,17.1491],[100.7281,17.1502],[100.7275,17.1425],[100.74,17.1308],[100.7451,17.1328],[100.7474,17.1268],[100.7492,17.1262],[100.7509,17.129],[100.7534,17.1274],[100.759,17.1305],[100.7573,17.1335],[100.7603,17.1333],[100.7622,17.1353],[100.767,17.1354],[100.7676,17.1334],[100.7718,17.1316],[100.7761,17.1394],[100.7845,17.1419],[100.7929,17.148],[100.7959,17.1465],[100.796,17.1437],[100.8001,17.1424],[100.8047,17.1443],[100.8114,17.1406],[100.8138,17.1404],[100.8175,17.1449],[100.8165,17.1478],[100.8248,17.1441],[100.8278,17.1447],[100.8296,17.1426],[100.8324,17.1425],[100.8342,17.135],[100.8376,17.1353],[100.8385,17.1315],[100.8424,17.1305],[100.8472,17.1324],[100.8485,17.1356],[100.8535,17.1342],[100.8506,17.1399],[100.8537,17.1432],[100.8529,17.1522],[100.8565,17.1461],[100.8594,17.1491],[100.8656,17.1398],[100.8716,17.1376],[100.8729,17.1432],[100.8706,17.1463],[100.8703,17.1503],[100.8663,17.1548],[100.8688,17.1596],[100.8674,17.1639],[100.869,17.1673],[100.8732,17.1638],[100.874,17.1688],[100.8712,17.1744],[100.8689,17.1728],[100.8624,17.1825],[100.8579,17.1808],[100.8568,17.1841],[100.8585,17.1916],[100.8554,17.197],[100.8464,17.2011],[100.8557,17.2036],[100.8555,17.2082],[100.8661,17.2228],[100.8644,17.2261],[100.8664,17.2439],[100.8611,17.257],[100.8589,17.2594],[100.8553,17.2593],[100.853,17.2634],[100.8459,17.2661],[100.8471,17.2707],[100.8453,17.2739],[100.837,17.2738],[100.8325,17.2784],[100.819,17.2753],[100.8142,17.2724],[100.7973,17.2551],[100.7961,17.2519],[100.7911,17.2487],[100.7884,17.2393],[100.7841,17.2405],[100.7883,17.2491],[100.7877,17.2515],[100.7897,17.2528],[100.7893,17.2555],[100.7938,17.2613],[100.7942,17.2672],[100.799,17.2779],[100.8025,17.2802],[100.804,17.2862],[100.817,17.3012],[100.8349,17.3131],[100.8349,17.3152],[100.848,17.3305],[100.8675,17.369],[100.8661,17.3732],[100.8721,17.3879],[100.8769,17.3868],[100.8829,17.3936],[100.8802,17.3969],[100.884,17.406],[100.8899,17.411],[100.8922,17.4168],[100.8914,17.4211]]]}},{"type":"Feature","properties":{"id":12601624,"name":"\u0e2d\u0e38\u0e17\u0e22\u0e32\u0e19\u0e41\u0e2b\u0e48\u0e07\u0e0a\u0e32\u0e15\u0e34\u0e20\u0e39\u0e1c\u0e32\u0e21\u0e48\u0e32\u0e19","name_en":"Phu Pha Man National Park","boundary":"national_park","protect_class":"2"},"geometry":{"type":"Polygon","coordinates":[[[101.7509,16.6678],[101.7526,16.6658],[101.7529,16.6608],[101.7555,16.658],[101.7717,16.658],[101.7739,16.6592],[101.7748,16.6627],[101.7784,16.6629],[101.7812,16.6607],[101.7848,16.6614],[101.7826,16.658],[101.7868,16.6484],[101.7827,16.6469],[101.7826,16.6433],[101.7744,16.6398],[101.7764,16.6384],[101.7745,16.6366],[101.7736,16.6321],[101.7741,16.6289],[101.7753,16.6292],[101.7745,16.6306],[101.7796,16.6338],[101.7888,16.6448],[101.7991,16.6501],[101.799,16.6517],[101.8039,16.6547],[101.8035,16.6577],[101.8065,16.6574],[101.8158,16.6623],[101.8162,16.6644],[101.8004,16.668],[101.8004,16.6713],[101.8052,16.6753],[101.813,16.6703],[101.8171,16.673],[101.8196,16.683],[101.8242,16.6851],[101.8255,16.6881],[101.8268,16.6863],[101.8347,16.6884],[101.8375,16.6918],[101.8409,16.6898],[101.8425,16.6914],[101.843,16.6954],[101.8414,16.6965],[101.8358,16.6955],[101.8281,16.6987],[101.8247,16.6983],[101.8196,16.6946],[101.8157,16.6974],[101.8221,16.7007],[101.8229,16.7024],[101.8216,16.7041],[101.8229,16.7054],[101.8274,16.7029],[101.8323,16.7051],[101.8322,16.7071],[101.8295,16.7087],[101.8299,16.71],[101.8339,16.7103],[101.832,16.7158],[101.8363,16.7159],[101.8352,16.7203],[101.8372,16.7204],[101.8398,16.7142],[101.842,16.714],[101.842,16.718],[101.8433,16.7189],[101.8449,16.716],[101.8475,16.7174],[101.8444,16.7218],[101.8421,16.7221],[101.8448,16.7266],[101.8485,16.7248],[101.8497,16.7284],[101.8488,16.7335],[101.8576,16.7322],[101.8602,16.7267],[101.853,16.7248],[101.8528,16.7201],[101.8557,16.7184],[101.8546,16.7147],[101.8521,16.7142],[101.8487,16.7164],[101.8445,16.7135],[101.8453,16.7116],[101.8482,16.7134],[101.8496,16.7122],[101.8479,16.7103],[101.8552,16.7054],[101.8492,16.6998],[101.8497,16.6961],[101.8461,16.69],[101.8468,16.6883],[101.8528,16.6907],[101.8546,16.6958],[101.8558,16.6952],[101.8572,16.6972],[101.86,16.6947],[101.8631,16.6957],[101.8649,16.707],[101.869,16.71],[101.8716,16.7053],[101.8683,16.7005],[101.8697,16.6996],[101.8731,16.7029],[101.8731,16.6973],[101.8792,16.6943],[101.8804,16.6894],[101.8786,16.6805],[101.8683,16.6791],[101.8674,16.6716],[101.8703,16.6746],[101.8725,16.674],[101.8695,16.6707],[101.8709,16.6681],[101.8691,16.6653],[101.8633,16.6647],[101.8639,16.6611],[101.8676,16.661],[101.8669,16.6581],[101.8726,16.6493],[101.8758,16.6476],[101.878,16.6522],[101.8801,16.6523],[101.8784,16.6561],[101.8738,16.6583],[101.8717,16.6614],[101.8741,16.6625],[101.8741,16.6599],[101.8769,16.6584],[101.8842,16.6572],[101.8838,16.6559],[101.8811,16.656],[101.8811,16.6542],[101.8875,16.6531],[101.8864,16.6514],[101.8844,16.6519],[101.8868,16.6493],[101.8857,16.6481],[101.8833,16.65],[101.8787,16.6505],[101.8795,16.6473],[101.8826,16.646],[101.883,16.6474],[101.8837,16.6455],[101.8876,16.6487],[101.8876,16.6464],[101.89,16.6489],[101.8909,16.6448],[101.8935,16.6458],[101.8935,16.6489],[101.8949,16.6497],[101.8941,16.6528],[101.8883,16.6545],[101.8859,16.6586],[101.8822,16.6615],[101.8798,16.6609],[101.8794,16.663],[101.8763,16.6618],[101.878,16.6637],[101.8775,16.667],[101.8865,16.665],[101.8916,16.6672],[101.9037,16.662],[101.9109,16.664],[101.9136,16.6765],[101.9064,16.6818],[101.8988,16.6912],[101.9114,16.7014],[101.9167,16.7009],[101.9184,16.7024],[101.9193,16.706],[101.9176,16.7108],[101.9248,16.7185],[101.925,16.7215],[101.923,16.7263],[101.9088,16.7303],[101.9033,16.7342],[101.8941,16.7358],[101.8816,16.7435],[101.8766,16.7512],[101.8815,16.7614],[101.8955,16.769],[101.8984,16.7681],[101.9057,16.7602],[101.91,16.7706],[101.9157,16.7718],[101.9188,16.7744],[101.9312,16.7598],[101.9341,16.7587],[101.9413,16.761],[101.9444,16.7592],[101.942,16.7504],[101.9452,16.7483],[101.9425,16.7409],[101.9451,16.7411],[101.9444,16.7382],[101.9542,16.7363],[101.9553,16.7255],[101.9708,16.727],[101.9736,16.7245],[101.9771,16.7081],[101.9928,16.7041],[102.0026,16.757],[101.9898,16.8049],[101.9697,16.8053],[101.9705,16.8128],[101.9732,16.8147],[101.9717,16.8159],[101.9724,16.8187],[101.9794,16.8199],[101.9846,16.8269],[101.9853,16.8346],[101.945,16.8469],[101.9423,16.8426],[101.9433,16.8291],[101.9493,16.8215],[101.9474,16.8163],[101.931,16.8143],[101.9283,16.8155],[101.9234,16.8207],[101.9228,16.8236],[101.9246,16.8247],[101.9264,16.8314],[101.9223,16.8356],[101.9171,16.8335],[101.9159,16.8347],[101.9187,16.8374],[101.9164,16.8393],[101.8895,16.8214],[101.8844,16.8152],[101.8782,16.8148],[101.877,16.8175],[101.8725,16.8171],[101.8635,16.8141],[101.8612,16.8106],[101.8594,16.8148],[101.8411,16.8139],[101.8428,16.8094],[101.8373,16.807],[101.8347,16.8103],[101.8298,16.8116],[101.8236,16.8066],[101.8179,16.8069],[101.8148,16.8053],[101.8155,16.8006],[101.8118,16.7995],[101.8115,16.8064],[101.8084,16.8047],[101.8036,16.8067],[101.8019,16.8041],[101.7959,16.8017],[101.794,16.8026],[101.791,16.7999],[101.7892,16.8018],[101.7841,16.7967],[101.7813,16.8005],[101.7677,16.8045],[101.765,16.7975],[101.7599,16.7985],[101.7554,16.7971],[101.7537,16.799],[101.7542,16.8025],[101.7524,16.8063],[101.7477,16.8082],[101.739,16.8071],[101.7388,16.8105],[101.7336,16.8094],[101.7295,16.8021],[101.7214,16.7984],[101.7189,16.801],[101.7219,16.807],[101.7183,16.8086],[101.7185,16.81],[101.7063,16.8068],[101.7002,16.8095],[101.694,16.806],[101.6864,16.7985],[101.7044,16.7841],[101.7181,16.7599],[101.7261,16.7542],[101.7308,16.7536],[101.7455,16.7573],[101.7615,16.7561],[101.7691,16.7605],[101.7752,16.76],[101.7856,16.7622],[101.7879,16.7645],[101.7864,16.7554],[101.7871,16.7561],[101.7881,16.7541],[101.7863,16.7511],[101.7874,16.7438],[101.795,16.7376],[101.7965,16.7334],[101.7913,16.7265],[101.7872,16.7265],[101.7873,16.7219],[101.7833,16.7217],[101.7817,16.7201],[101.7812,16.7173],[101.7789,16.7157],[101.7794,16.7128],[101.7762,16.7123],[101.7753,16.703],[101.7715,16.7024],[101.7743,16.6973],[101.7733,16.6922],[101.7715,16.6908],[101.7727,16.6884],[101.7719,16.6859],[101.7655,16.6794],[101.7503,16.6767],[101.7504,16.6721],[101.7523,16.6722],[101.7509,16.6678]]]}},{"type":"Feature","properties":{"id":12601625,"name":"\u0e27\u0e19\u0e2d\u0e38\u0e17\u0e22\u0e32\u0e19\u0e19\u0e49\u0e33\u0e15\u0e01\u0e2b\u0e49\u0e27\u0e22\u0e40\u0e25\u0e32","name_en":"Namtok Huai Lao Forest Park","boundary":"protected_area","protect_class":"3"},"geometry":{"type":"Polygon","coordinates":[[[101.704,17.0541],[101.7028,17.0547],[101.7035,17.0672],[101.7063,17.0708],[101.7052,17.0748],[101.7088,17.0756],[101.7082,17.0729],[101.7161,17.0679],[101.7166,17.0587],[101.7147,17.0491],[101.704,17.0541]]]}},{"type":"Feature","properties":{"id":12601626,"name":"\u0e40\u0e02\u0e15\u0e23\u0e31\u0e01\u0e29\u0e32\u0e1e\u0e31\u0e19\u0e18\u0e38\u0e4c\u0e2a\u0e31\u0e15\u0e27\u0e4c\u0e1b\u0e48\u0e32\u0e20\u0e39\u0e04\u0e49\u0e2d-\u0e20\u0e39\u0e01\u0e23\u0e30\u0e41\u0e15","name_en":"Phu Kho-Phu Kratae Wildlife Sanctuary","boundary":"protected_area","protect_class":"1a"},"geometry":{"type":"Polygon","coordinates":[[[101.7635,16.9795],[101.7499,16.98],[101.7392,16.9741],[101.7399,16.9776],[101.738,16.9789],[101.727,16.9707],[101.7232,16.9696],[101.7145,16.9713],[101.7016,16.9621],[101.6968,16.9543],[101.6747,16.9472],[101.6727,16.9522],[101.6726,16.9587],[101.6697,16.9607],[101.6738,16.9664],[101.6729,16.9692],[101.6752,16.9712],[101.6752,16.9756],[101.6687,16.9802],[101.668,16.9856],[101.6598,16.9954],[101.6591,16.999],[101.6545,17.0051],[101.6552,17.0121],[101.6488,17.0247],[101.6486,17.034],[101.6516,17.0366],[101.6513,17.0417],[101.6593,17.0408],[101.6718,17.0467],[101.6722,17.0493],[101.6832,17.056],[101.684,17.0546],[101.6922,17.0551],[101.695,17.0428],[101.7032,17.04],[101.7047,17.0496],[101.7031,17.0535],[101.7147,17.0491],[101.7166,17.0587],[101.7161,17.0679],[101.7082,17.0729],[101.7089,17.0766],[101.7049,17.0766],[101.704,17.0807],[101.7047,17.0936],[101.7098,17.0996],[101.7082,17.1043],[101.7038,17.1085],[101.7008,17.1093],[101.702,17.1154],[101.7063,17.1168],[101.7056,17.12],[101.7074,17.1234],[101.7123,17.1227],[101.7153,17.1256],[101.7201,17.1257],[101.7184,17.1239],[101.7223,17.1249],[101.7284,17.1228],[101.7271,17.1172],[101.7322,17.1161],[101.7316,17.1141],[101.733,17.1122],[101.7349,17.12],[101.7367,17.1209],[101.7414,17.119],[101.743,17.1123],[101.7397,17.1097],[101.7401,17.107],[101.7385,17.1048],[101.7306,17.1046],[101.7312,17.1065],[101.7285,17.1081],[101.7258,17.1033],[101.724,17.1038],[101.7247,17.1063],[101.7181,17.1011],[101.721,17.0988],[101.7221,17.0924],[101.7246,17.0914],[101.7285,17.0931],[101.7278,17.0853],[101.7259,17.0839],[101.7234,17.0738],[101.725,17.0728],[101.7343,17.0751],[101.7332,17.0837],[101.7349,17.0834],[101.7413,17.0873],[101.7436,17.0844],[101.7462,17.0884],[101.7486,17.0889],[101.749,17.0867],[101.7537,17.0839],[101.7543,17.08],[101.7538,17.072],[101.7515,17.0672],[101.7477,17.0649],[101.7465,17.0683],[101.7427,17.0686],[101.7464,17.0631],[101.744,17.0596],[101.7286,17.0569],[101.7254,17.0542],[101.7221,17.0553],[101.7225,17.0507],[101.7257,17.0495],[101.7223,17.0393],[101.7155,17.0471],[101.7139,17.0466],[101.7114,17.0366],[101.7186,17.0323],[101.7153,17.0279],[101.7133,17.0288],[101.7136,17.0263],[101.7114,17.0266],[101.7122,17.0296],[101.7103,17.0303],[101.7083,17.028],[101.7058,17.0314],[101.6961,17.0231],[101.6937,17.0172],[101.6943,17.0144],[101.697,17.0154],[101.7002,17.001],[101.7073,17.0014],[101.7073,17.0132],[101.7125,17.0068],[101.7159,17.0067],[101.7172,17.0027],[101.7235,16.9946],[101.7262,16.9957],[101.7288,16.9988],[101.7265,16.9998],[101.7269,17.0012],[101.7299,17.0005],[101.7302,17.0065],[101.7326,17.0057],[101.7332,17.0033],[101.7361,17.0045],[101.7358,17.0089],[101.731,17.0211],[101.7314,17.0282],[101.7271,17.0306],[101.7256,17.0364],[101.7279,17.0412],[101.7307,17.0372],[101.7315,17.0316],[101.7349,17.0348],[101.7326,17.0381],[101.735,17.0412],[101.7378,17.0309],[101.7422,17.0302],[101.7416,17.0258],[101.7514,17.0351],[101.7635,17.0412],[101.7762,17.0567],[101.79,17.07],[101.8013,17.0643],[101.8012,17.0519],[101.8065,17.0497],[101.81,17.0622],[101.8129,17.0631],[101.8129,17.0652],[101.81,17.0684],[101.81,17.0805],[101.8123,17.0821],[101.8212,17.0734],[101.828,17.0624],[101.8304,17.0533],[101.8294,17.051],[101.8342,17.0496],[101.8341,17.0443],[101.8433,17.0432],[101.8499,17.0441],[101.8529,17.0318],[101.8593,17.0231],[101.8646,17.0224],[101.8671,17.0178],[101.8645,17.0172],[101.8613,17.0128],[101.8659,17.0106],[101.8672,17.0055],[101.87,17.0029],[101.869,17.0002],[101.8703,16.9964],[101.8862,16.9856],[101.8954,16.9824],[101.9025,16.983],[101.9091,16.9786],[101.9076,16.9752],[101.9003,16.9732],[101.8966,16.9626],[101.9017,16.9611],[101.912,16.9488],[101.9147,16.9505],[101.9159,16.9551],[101.9172,16.9556],[101.9199,16.9508],[101.9228,16.9358],[101.9231,16.9256],[101.9179,16.9199],[101.9166,16.9117],[101.9151,16.9128],[101.916,16.9183],[101.9136,16.9248],[101.9141,16.9299],[101.9111,16.9416],[101.8941,16.9512],[101.8853,16.947],[101.8839,16.9427],[101.8781,16.9406],[101.8742,16.9315],[101.8719,16.9313],[101.8724,16.9361],[101.8694,16.9413],[101.8659,16.9343],[101.8631,16.9348],[101.8629,16.9438],[101.8585,16.9412],[101.8535,16.9498],[101.8482,16.9548],[101.8504,16.9563],[101.8471,16.9585],[101.8439,16.9576],[101.8304,16.974],[101.8228,16.9786],[101.8223,16.9825],[101.8199,16.9826],[101.8181,16.9775],[101.8192,16.9725],[101.8119,16.9742],[101.8011,16.9741],[101.8,16.9723],[101.7884,16.9772],[101.79,16.9826],[101.7856,16.9805],[101.7787,16.9819],[101.781,16.9859],[101.7806,16.9921],[101.7777,16.9933],[101.7762,16.9837],[101.773,16.985],[101.7718,16.9823],[101.7678,16.9821],[101.7635,16.9795]]]}},{"type":"Feature","properties":{"id":12628214,"name":"\u0e40\u0e02\u0e15\u0e23\u0e31\u0e01\u0e29\u0e32\u0e1e\u0e31\u0e19\u0e18\u0e38\u0e4c\u0e2a\u0e31\u0e15\u0e27\u0e4c\u0e1b\u0e48\u0e32\u0e15\u0e30\u0e40\u0e1a\u0e32\u0e30-\u0e2b\u0e49\u0e27\u0e22\u0e43\u0e2b\u0e0d\u0e48","name_en":"Tabo-Huai Yai Wildlife Sanctuary","boundary":"protected_area","protect_class":"1a"},"geometry":{"type":"Polygon","coordinates":[[[101.3262,15.8517],[101.3302,15.8513],[101.3325,15.8492],[101.3297,15.8407],[101.3259,15.8392],[101.3282,15.8383],[101.3321,15.8426],[101.3324,15.8371],[101.3339,15.8355],[101.3448,15.8401],[101.3472,15.8397],[101.3498,15.844],[101.3533,15.8437],[101.3521,15.8492],[101.3493,15.8516],[101.3456,15.8497],[101.3441,15.8507],[101.3468,15.8551],[101.3514,15.8548],[101.352,15.8574],[101.3542,15.8579],[101.3546,15.8554],[101.3587,15.8521],[101.3568,15.8473],[101.3581,15.8467],[101.3667,15.8551],[101.368,15.8586],[101.3633,15.8651],[101.364,15.8676],[101.3614,15.8722],[101.3623,15.8746],[101.3655,15.8756],[101.3645,15.8861],[101.3685,15.8924],[101.3638,15.8903],[101.3637,15.8925],[101.3692,15.9001],[101.3722,15.9004],[101.3739,15.9034],[101.3771,15.9023],[101.3795,15.9036],[101.3824,15.9102],[101.3805,15.9145],[101.3933,15.9221],[101.3963,15.9286],[101.396,15.9381],[101.3878,15.939],[101.3853,15.942],[101.3937,15.9409],[101.3906,15.9451],[101.393,15.9463],[101.3954,15.945],[101.397,15.9488],[101.3981,15.9414],[101.4033,15.9435],[101.4083,15.9486],[101.4076,15.9507],[101.4101,15.9545],[101.4096,15.9675],[101.4149,15.9722],[101.4147,15.9737],[101.4114,15.9744],[101.4135,15.9778],[101.4093,15.977],[101.4064,15.9808],[101.4013,15.9796],[101.399,15.9806],[101.3985,15.9884],[101.4004,15.9881],[101.4023,15.9845],[101.4056,15.9851],[101.4079,15.9813],[101.4112,15.9818],[101.4156,15.9789],[101.417,15.9812],[101.4133,15.9933],[101.4103,15.9955],[101.4065,15.9942],[101.4052,15.9966],[101.4085,15.9983],[101.4072,16.0021],[101.4131,16.0069],[101.4115,16.009],[101.408,16.0097],[101.4107,16.0229],[101.4081,16.0308],[101.417,16.0364],[101.421,16.0437],[101.4241,16.0416],[101.4265,16.0433],[101.4278,16.0413],[101.4315,16.0457],[101.4299,16.0518],[101.4263,16.0561],[101.4293,16.0558],[101.435,16.0596],[101.4401,16.0704],[101.4388,16.0764],[101.449,16.0916],[101.46,16.1182],[101.4608,16.1224],[101.4588,16.1232],[101.4589,16.1263],[101.4621,16.1296],[101.4653,16.145],[101.4637,16.1462],[101.4602,16.1454],[101.4596,16.1496],[101.4621,16.151],[101.4617,16.1527],[101.4569,16.1521],[101.4568,16.1552],[101.4647,16.1546],[101.4648,16.1579],[101.4604,16.1578],[101.4581,16.1603],[101.4587,16.162],[101.4657,16.161],[101.4658,16.1653],[101.4685,16.1671],[101.4651,16.1702],[101.4672,16.1723],[101.4659,16.1798],[101.4676,16.1822],[101.4617,16.1893],[101.4617,16.1942],[101.455,16.2045],[101.4537,16.2268],[101.4547,16.244],[101.4607,16.2592],[101.4681,16.2693],[101.4762,16.2747],[101.4744,16.2775],[101.4717,16.2781],[101.472,16.2812],[101.4693,16.2811],[101.4702,16.28],[101.4677,16.2787],[101.468,16.2771],[101.4641,16.2784],[101.4627,16.2766],[101.46,16.2781],[101.4594,16.2744],[101.4571,16.2763],[101.4532,16.2719],[101.4514,16.2719],[101.4497,16.2678],[101.449,16.2694],[101.4465,16.2691],[101.4471,16.2718],[101.4433,16.2697],[101.4395,16.2738],[101.4357,16.2719],[101.436,16.2743],[101.434,16.2767],[101.4322,16.2758],[101.4329,16.274],[101.4311,16.2755],[101.4309,16.2738],[101.429,16.2756],[101.4275,16.2745],[101.424,16.2762],[101.4249,16.2791],[101.4221,16.2767],[101.4216,16.2739],[101.41,16.2686],[101.4087,16.2659],[101.4106,16.2664],[101.4089,16.257],[101.4046,16.2566],[101.4019,16.2588],[101.399,16.2576],[101.3994,16.2546],[101.391,16.2496],[101.3912,16.2444],[101.3884,16.2442],[101.3863,16.2459],[101.3848,16.2441],[101.3825,16.2457],[101.3808,16.2448],[101.3814,16.2459],[101.3792,16.2464],[101.3767,16.2439],[101.3759,16.2489],[101.3723,16.2496],[101.3706,16.2493],[101.3684,16.2452],[101.366,16.245],[101.3617,16.25],[101.3611,16.2535],[101.3551,16.2585],[101.3581,16.2685],[101.3629,16.2681],[101.3683,16.2736],[101.3717,16.2745],[101.37,16.2767],[101.371,16.2803],[101.368,16.2851],[101.3692,16.2875],[101.3679,16.2944],[101.3735,16.3019],[101.3749,16.3111],[101.3793,16.3184],[101.3764,16.3234],[101.3784,16.328],[101.3764,16.3298],[101.3789,16.3434],[101.3773,16.3474],[101.3823,16.3546],[101.3816,16.3583],[101.3856,16.3622],[101.3812,16.365],[101.3695,16.3606],[101.3649,16.3614],[101.3615,16.3581],[101.361,16.3545],[101.3527,16.3567],[101.3486,16.3529],[101.3435,16.3533],[101.3433,16.3519],[101.341,16.3525],[101.338,16.3497],[101.3359,16.3513],[101.3344,16.3506],[101.3323,16.3532],[101.3301,16.3508],[101.3266,16.3519],[101.3248,16.3506],[101.3196,16.3536],[101.3177,16.3531],[101.3147,16.3564],[101.3158,16.3605],[101.3146,16.3617],[101.3123,16.3617],[101.3063,16.3561],[101.2964,16.3561],[101.2912,16.3596],[101.2853,16.3574],[101.2874,16.3539],[101.287,16.3503],[101.2882,16.3504],[101.2871,16.3456],[101.2887,16.344],[101.2883,16.3411],[101.29,16.3407],[101.2942,16.3434],[101.2939,16.3392],[101.296,16.3387],[101.2948,16.3373],[101.2926,16.3397],[101.2918,16.3376],[101.2894,16.3395],[101.2876,16.3388],[101.2893,16.3341],[101.291,16.3332],[101.2889,16.3332],[101.2859,16.33],[101.2886,16.3295],[101.2871,16.3265],[101.2904,16.327],[101.2915,16.3255],[101.2911,16.3218],[101.294,16.3212],[101.2931,16.3204],[101.2954,16.3162],[101.294,16.3161],[101.2944,16.312],[101.2967,16.312],[101.2957,16.3106],[101.2978,16.3045],[101.3072,16.3025],[101.3184,16.3027],[101.3268,16.2951],[101.3275,16.2882],[101.3175,16.2836],[101.314,16.2853],[101.3131,16.2834],[101.3124,16.2769],[101.3165,16.2757],[101.3174,16.2773],[101.3188,16.2707],[101.318,16.2628],[101.3163,16.2612],[101.3124,16.247],[101.3037,16.2475],[101.303,16.2488],[101.2972,16.2442],[101.2883,16.2542],[101.2772,16.2426],[101.2745,16.2371],[101.2758,16.2279],[101.2745,16.2214],[101.2766,16.2203],[101.2759,16.2139],[101.2786,16.2063],[101.2781,16.2017],[101.2751,16.1983],[101.273,16.1879],[101.28,16.1806],[101.2837,16.1807],[101.2845,16.175],[101.2764,16.1555],[101.2759,16.1488],[101.2772,16.143],[101.281,16.1419],[101.2821,16.1391],[101.2856,16.1378],[101.2869,16.1245],[101.2828,16.1189],[101.2842,16.1138],[101.2793,16.1134],[101.278,16.1154],[101.2767,16.1149],[101.2716,16.107],[101.2613,16.0985],[101.2609,16.0941],[101.2634,16.0775],[101.2656,16.0767],[101.2673,16.0685],[101.2683,16.0693],[101.2686,16.0675],[101.2711,16.0669],[101.2713,16.0619],[101.2736,16.0609],[101.2721,16.055],[101.2743,16.0506],[101.2724,16.0496],[101.2733,16.0467],[101.2753,16.0458],[101.2728,16.0417],[101.2755,16.0407],[101.2746,16.0387],[101.2769,16.0338],[101.2747,16.0291],[101.2792,16.0253],[101.2822,16.0332],[101.2833,16.0431],[101.2852,16.0452],[101.2843,16.0309],[101.2832,16.029],[101.2801,16.0288],[101.28,16.0208],[101.2815,16.0183],[101.2789,16.0175],[101.2792,16.0146],[101.2817,16.0141],[101.2827,16.0119],[101.2832,16.0147],[101.287,16.0155],[101.2878,16.0129],[101.2924,16.0098],[101.2916,16.0134],[101.2928,16.0165],[101.2955,16.0156],[101.295,16.0125],[101.2967,16.0139],[101.2989,16.013],[101.2999,16.0142],[101.2988,16.017],[101.3019,16.0177],[101.2988,16.027],[101.3058,16.0259],[101.3053,16.0299],[101.3069,16.0331],[101.3045,16.0367],[101.3049,16.0383],[101.3145,16.0369],[101.3147,16.035],[101.3117,16.0349],[101.3131,16.0293],[101.3103,16.0242],[101.3116,16.0187],[101.3167,16.022],[101.3179,16.0267],[101.3233,16.0278],[101.3213,16.0256],[101.3209,16.0219],[101.3179,16.021],[101.3195,16.0158],[101.3157,16.0105],[101.3172,16.0078],[101.3205,16.0089],[101.3186,16.0021],[101.3274,16.0048],[101.3306,16.0114],[101.3372,16.0108],[101.3393,16.0121],[101.3409,16.0116],[101.3395,16.0088],[101.3458,16.0009],[101.3478,16.0006],[101.3488,16.0022],[101.3566,15.999],[101.3602,16.0015],[101.3638,16.0082],[101.3657,16.0073],[101.3702,16.0092],[101.377,16.0058],[101.3782,15.9962],[101.3814,15.9943],[101.38,15.9921],[101.3766,15.9922],[101.3754,15.9906],[101.3765,15.9857],[101.3743,15.9763],[101.3702,15.9713],[101.3695,15.9609],[101.3639,15.9546],[101.3636,15.9525],[101.3666,15.953],[101.3672,15.9515],[101.365,15.9469],[101.3618,15.9419],[101.3596,15.9413],[101.3559,15.9338],[101.3497,15.9318],[101.343,15.9186],[101.3425,15.9146],[101.3315,15.903],[101.3283,15.8961],[101.329,15.8905],[101.3266,15.881],[101.3285,15.875],[101.3274,15.8676],[101.3247,15.8603],[101.3212,15.8611],[101.3197,15.8598],[101.3208,15.8571],[101.3185,15.8548],[101.3211,15.8525],[101.3184,15.8505],[101.3203,15.8489],[101.3163,15.8458],[101.317,15.8443],[101.3206,15.8454],[101.3262,15.8517]]]}},{"type":"Feature","properties":{"id":12628215,"name":"\u0e40\u0e02\u0e15\u0e23\u0e31\u0e01\u0e29\u0e32\u0e1e\u0e31\u0e19\u0e18\u0e38\u0e4c\u0e2a\u0e31\u0e15\u0e27\u0e4c\u0e1b\u0e48\u0e32\u0e1c\u0e32\u0e1c\u0e36\u0e49\u0e07","name_en":"Pha Phueng Wildlife Sanctuary","boundary":"protected_area","protect_class":"1a"},"geometry":{"type":"Polygon","coordinates":[[[101.7315,16.6553],[101.7315,16.6529],[101.7247,16.652],[101.7159,16.6457],[101.7185,16.6455],[101.7179,16.6397],[101.7221,16.6408],[101.7233,16.6389],[101.7225,16.6363],[101.7199,16.6354],[101.7222,16.6341],[101.7221,16.6275],[101.7197,16.6252],[101.7203,16.623],[101.7188,16.6238],[101.72,16.6207],[101.7186,16.6213],[101.7107,16.6092],[101.7054,16.5978],[101.7048,16.5928],[101.7085,16.5891],[101.7087,16.5788],[101.7131,16.5763],[101.7107,16.574],[101.7143,16.5739],[101.7136,16.5282],[101.7117,16.5282],[101.712,16.5259],[101.7196,16.522],[101.7239,16.5225],[101.7265,16.5154],[101.7251,16.5022],[101.7274,16.5044],[101.7339,16.5007],[101.7355,16.5014],[101.7457,16.5089],[101.7496,16.5166],[101.7474,16.5186],[101.7417,16.5197],[101.7432,16.5249],[101.7455,16.525],[101.7462,16.5316],[101.7501,16.5312],[101.7542,16.5348],[101.7542,16.5395],[101.7491,16.5456],[101.7507,16.5498],[101.7534,16.5508],[101.7533,16.5442],[101.7544,16.5396],[101.7567,16.5392],[101.7575,16.5332],[101.756,16.5305],[101.7576,16.5281],[101.7529,16.5211],[101.7542,16.5131],[101.7582,16.5098],[101.7639,16.5101],[101.764,16.5196],[101.7669,16.5176],[101.7698,16.5193],[101.7705,16.5175],[101.7666,16.5073],[101.767,16.5043],[101.7691,16.5033],[101.7689,16.5012],[101.7775,16.4979],[101.778,16.4934],[101.7822,16.4905],[101.7804,16.4837],[101.7841,16.4832],[101.7928,16.4895],[101.7922,16.4926],[101.7935,16.4941],[101.7979,16.4957],[101.8,16.494],[101.8022,16.4961],[101.8047,16.4943],[101.8061,16.4973],[101.8038,16.4983],[101.7995,16.5136],[101.7948,16.5218],[101.7908,16.5225],[101.7906,16.5245],[101.7946,16.529],[101.7967,16.5278],[101.7972,16.5222],[101.8034,16.5094],[101.8077,16.5076],[101.807,16.514],[101.8114,16.5145],[101.8129,16.5187],[101.8153,16.5175],[101.8182,16.5194],[101.8185,16.5268],[101.8214,16.5311],[101.8216,16.5354],[101.823,16.5304],[101.8308,16.5298],[101.834,16.5265],[101.8353,16.5271],[101.836,16.5314],[101.8376,16.5316],[101.8366,16.5329],[101.8387,16.5364],[101.8385,16.5344],[101.8413,16.5313],[101.8439,16.5323],[101.8491,16.5434],[101.8507,16.5496],[101.8496,16.5576],[101.8458,16.5607],[101.8467,16.5649],[101.8432,16.5644],[101.8408,16.5675],[101.8359,16.5679],[101.8282,16.5633],[101.8293,16.5696],[101.8269,16.5698],[101.8266,16.5749],[101.8226,16.5809],[101.8282,16.5836],[101.8291,16.5855],[101.8335,16.5824],[101.8384,16.5836],[101.8378,16.5811],[101.8393,16.5796],[101.8445,16.5806],[101.8454,16.5824],[101.8439,16.5844],[101.8503,16.5901],[101.8474,16.5924],[101.8495,16.5961],[101.849,16.5986],[101.853,16.6011],[101.8549,16.6012],[101.8572,16.5985],[101.8576,16.5919],[101.859,16.5905],[101.8529,16.5906],[101.8571,16.5863],[101.855,16.5839],[101.8554,16.582],[101.8579,16.5816],[101.8614,16.5836],[101.866,16.5896],[101.869,16.5867],[101.8689,16.5888],[101.8706,16.5896],[101.8683,16.5923],[101.8707,16.5938],[101.8688,16.5962],[101.8704,16.5971],[101.8692,16.6063],[101.8621,16.6156],[101.8574,16.6155],[101.8494,16.6217],[101.8435,16.6188],[101.8351,16.6222],[101.8289,16.6214],[101.827,16.6235],[101.825,16.6223],[101.8209,16.6248],[101.8098,16.6201],[101.8012,16.6191],[101.8001,16.6177],[101.801,16.614],[101.7994,16.6123],[101.8003,16.6078],[101.8027,16.604],[101.8053,16.6049],[101.8032,16.6005],[101.7976,16.6001],[101.7939,16.5981],[101.7935,16.5933],[101.7972,16.5913],[101.7944,16.5875],[101.7921,16.5874],[101.7925,16.5891],[101.7906,16.5896],[101.7857,16.5881],[101.781,16.5822],[101.7823,16.5781],[101.7785,16.5776],[101.775,16.5708],[101.7764,16.5778],[101.7732,16.5778],[101.7692,16.5683],[101.7702,16.5673],[101.7741,16.57],[101.7748,16.5656],[101.7717,16.5642],[101.7667,16.5657],[101.7628,16.5614],[101.7634,16.5554],[101.7588,16.5584],[101.7499,16.5546],[101.7499,16.5581],[101.7544,16.5572],[101.7585,16.5595],[101.7596,16.5667],[101.7769,16.5859],[101.7785,16.5844],[101.7853,16.5943],[101.7873,16.6011],[101.8002,16.6079],[101.8004,16.6186],[101.7973,16.6205],[101.797,16.6233],[101.795,16.6236],[101.7947,16.6299],[101.7992,16.6355],[101.8074,16.6409],[101.8111,16.6468],[101.8102,16.6494],[101.8069,16.6493],[101.7782,16.6314],[101.7724,16.6256],[101.764,16.6086],[101.765,16.602],[101.7619,16.5929],[101.7612,16.6054],[101.7571,16.6111],[101.7661,16.6331],[101.7655,16.6429],[101.7569,16.6487],[101.7501,16.6494],[101.741,16.6466],[101.7367,16.6563],[101.7333,16.6573],[101.7357,16.6525],[101.7335,16.6414],[101.7432,16.6366],[101.7441,16.6395],[101.7512,16.6441],[101.7526,16.6439],[101.7522,16.64],[101.759,16.6385],[101.754,16.6213],[101.7468,16.6135],[101.7466,16.6053],[101.7423,16.6009],[101.7368,16.601],[101.7357,16.6065],[101.7331,16.6039],[101.7307,16.6049],[101.7264,16.6009],[101.7226,16.603],[101.7216,16.6054],[101.7265,16.6124],[101.7338,16.6174],[101.7349,16.6276],[101.7373,16.6328],[101.7355,16.6365],[101.7314,16.6396],[101.7349,16.6525],[101.7344,16.6547],[101.7315,16.6553]]]}},{"type":"Feature","properties":{"id":12628216,"name":"\u0e40\u0e02\u0e15\u0e23\u0e31\u0e01\u0e29\u0e32\u0e1e\u0e31\u0e19\u0e18\u0e38\u0e4c\u0e2a\u0e31\u0e15\u0e27\u0e4c\u0e1b\u0e48\u0e32\u0e20\u0e39\u0e1c\u0e32\u0e41\u0e14\u0e07","name_en":"Phu Pha Daeng Wildlife Sanctuary","boundary":"protected_area","protect_class":"1a"},"geometry":{"type":"Polygon","coordinates":[[[101.4717,16.8252],[101.4694,16.8265],[101.4664,16.8254],[101.4658,16.8273],[101.4631,16.8252],[101.4625,16.8277],[101.4584,16.829],[101.4569,16.8313],[101.4548,16.8291],[101.4523,16.8295],[101.4507,16.8265],[101.4466,16.8277],[101.4423,16.8235],[101.4367,16.8264],[101.4339,16.8231],[101.435,16.82],[101.4328,16.8185],[101.4344,16.8168],[101.4295,16.8056],[101.4243,16.8011],[101.4218,16.8029],[101.4236,16.8052],[101.423,16.8069],[101.4186,16.805],[101.4192,16.8028],[101.4147,16.8007],[101.4125,16.8058],[101.4176,16.8082],[101.4123,16.8099],[101.417,16.8109],[101.4168,16.813],[101.414,16.8142],[101.4075,16.8113],[101.4122,16.8182],[101.4095,16.8191],[101.4051,16.8136],[101.4017,16.818],[101.3983,16.8158],[101.4013,16.8226],[101.3947,16.8227],[101.3934,16.8267],[101.3891,16.8253],[101.3901,16.828],[101.3881,16.8289],[101.3906,16.8328],[101.3878,16.8361],[101.3896,16.8415],[101.3885,16.8461],[101.3898,16.8519],[101.3915,16.8547],[101.3983,16.858],[101.4021,16.8638],[101.4085,16.868],[101.4067,16.8718],[101.4094,16.8786],[101.4083,16.8817],[101.3983,16.8724],[101.3966,16.8747],[101.3945,16.8718],[101.3902,16.8722],[101.3851,16.8664],[101.3832,16.8662],[101.3825,16.8673],[101.3853,16.8697],[101.3831,16.8711],[101.3873,16.8736],[101.3811,16.872],[101.3799,16.8694],[101.376,16.8685],[101.3772,16.8667],[101.3712,16.8607],[101.3659,16.8582],[101.359,16.8596],[101.3536,16.8552],[101.3546,16.8405],[101.3563,16.8395],[101.3571,16.8347],[101.3558,16.8298],[101.3584,16.827],[101.363,16.831],[101.3641,16.8298],[101.3642,16.8311],[101.3654,16.8308],[101.3648,16.8284],[101.3673,16.8304],[101.3666,16.8257],[101.3708,16.8292],[101.3755,16.8277],[101.3765,16.8298],[101.3766,16.8277],[101.3791,16.8291],[101.3794,16.8323],[101.3805,16.8308],[101.3808,16.8324],[101.382,16.8257],[101.3856,16.8206],[101.3858,16.827],[101.3878,16.8286],[101.3861,16.8273],[101.3856,16.8197],[101.3804,16.8294],[101.3784,16.8271],[101.3712,16.8275],[101.3709,16.8262],[101.3651,16.8239],[101.3654,16.8213],[101.3632,16.8205],[101.3629,16.8183],[101.3589,16.8181],[101.3574,16.8117],[101.3543,16.809],[101.3533,16.7986],[101.3542,16.7959],[101.3521,16.7881],[101.3538,16.7858],[101.3532,16.7828],[101.3505,16.7831],[101.3499,16.7813],[101.3536,16.7759],[101.3474,16.7717],[101.3465,16.7571],[101.3448,16.757],[101.3432,16.7529],[101.3435,16.7434],[101.3409,16.731],[101.3364,16.7253],[101.3381,16.7194],[101.3347,16.7155],[101.3342,16.7097],[101.3421,16.6902],[101.3445,16.6896],[101.3447,16.6877],[101.3413,16.687],[101.3439,16.6847],[101.3485,16.6729],[101.3494,16.6567],[101.3477,16.6477],[101.3503,16.632],[101.3486,16.6129],[101.3557,16.6012],[101.3511,16.5989],[101.3551,16.5895],[101.3524,16.5893],[101.3492,16.5919],[101.3478,16.5908],[101.3512,16.5864],[101.3466,16.5845],[101.3504,16.5835],[101.3484,16.5779],[101.3469,16.5788],[101.3404,16.5766],[101.3351,16.5719],[101.3352,16.5681],[101.3316,16.5655],[101.3245,16.5498],[101.3338,16.558],[101.338,16.5573],[101.3451,16.5604],[101.3576,16.561],[101.3534,16.5665],[101.3534,16.5688],[101.3597,16.5793],[101.3587,16.583],[101.368,16.5915],[101.3803,16.5946],[101.4011,16.5935],[101.4074,16.595],[101.4079,16.5995],[101.4112,16.6048],[101.419,16.6109],[101.4204,16.6159],[101.4279,16.624],[101.4312,16.6353],[101.4401,16.6438],[101.436,16.6608],[101.4321,16.6646],[101.4255,16.6663],[101.413,16.6592],[101.4081,16.6619],[101.4021,16.6574],[101.3896,16.6611],[101.3905,16.6684],[101.3795,16.6851],[101.3733,16.6857],[101.374,16.6891],[101.3676,16.6968],[101.3803,16.709],[101.3848,16.7166],[101.3883,16.7136],[101.3935,16.7157],[101.3956,16.7147],[101.3966,16.7169],[101.3987,16.7172],[101.4027,16.7147],[101.4036,16.7165],[101.4122,16.7202],[101.4144,16.7181],[101.4161,16.7186],[101.4168,16.7173],[101.4143,16.7155],[101.4158,16.7144],[101.4241,16.7168],[101.4236,16.7182],[101.4261,16.7192],[101.4297,16.7145],[101.4329,16.7131],[101.4367,16.7161],[101.44,16.7151],[101.4428,16.7181],[101.4423,16.72],[101.4458,16.7201],[101.447,16.725],[101.4482,16.7247],[101.4467,16.7272],[101.4497,16.7374],[101.4543,16.7438],[101.4468,16.7398],[101.4444,16.7344],[101.4384,16.7319],[101.4338,16.7316],[101.432,16.733],[101.4313,16.7307],[101.4261,16.7306],[101.4254,16.7356],[101.4218,16.7348],[101.4202,16.736],[101.4198,16.7401],[101.4162,16.7443],[101.4196,16.7494],[101.4196,16.752],[101.4136,16.7489],[101.4095,16.753],[101.4099,16.7549],[101.4123,16.7569],[101.4134,16.7543],[101.4155,16.759],[101.4203,16.7609],[101.4201,16.7627],[101.4172,16.7643],[101.4205,16.7676],[101.4267,16.7663],[101.4252,16.7703],[101.4313,16.7704],[101.4323,16.7813],[101.4338,16.7824],[101.4377,16.7786],[101.4423,16.7804],[101.4436,16.779],[101.4478,16.779],[101.4513,16.7838],[101.4534,16.7798],[101.4552,16.7803],[101.4561,16.7785],[101.4573,16.7803],[101.4585,16.7783],[101.4593,16.7796],[101.4629,16.7772],[101.4643,16.7799],[101.4672,16.7787],[101.4664,16.7775],[101.4706,16.7788],[101.4759,16.7921],[101.4753,16.8015],[101.472,16.805],[101.4731,16.8205],[101.4717,16.8252]]]}},{"type":"Feature","properties":{"id":12632006,"name":"\u0e40\u0e02\u0e15\u0e23\u0e31\u0e01\u0e29\u0e32\u0e1e\u0e31\u0e19\u0e18\u0e38\u0e4c\u0e2a\u0e31\u0e15\u0e27\u0e4c\u0e1b\u0e48\u0e32\u0e0b\u0e31\u0e1a\u0e25\u0e31\u0e07\u0e01\u0e32","name_en":"Sap Langka Wildlife Sanctuary","boundary":"protected_area","protect_class":"1a"},"geometry":{"type":"Polygon","coordinates":[[[101.3797,15.3452],[101.3764,15.3639],[101.3759,15.3779],[101.3822,15.3878],[101.3776,15.3904],[101.3777,15.4305],[101.3848,15.4678],[101.3857,15.4865],[101.3737,15.5276],[101.3732,15.5564],[101.37,15.5659],[101.3714,15.5686],[101.3698,15.573],[101.37,15.5932],[101.3793,15.6371],[101.389,15.6566],[101.3948,15.6784],[101.3953,15.6912],[101.4006,15.7058],[101.4003,15.7132],[101.3969,15.7212],[101.4044,15.7393],[101.391,15.7456],[101.3883,15.7438],[101.3864,15.7381],[101.3814,15.7368],[101.3632,15.7428],[101.3604,15.746],[101.3551,15.7463],[101.351,15.7486],[101.3501,15.7521],[101.3457,15.7522],[101.3407,15.7561],[101.3362,15.7524],[101.3361,15.7484],[101.339,15.7455],[101.3377,15.7405],[101.3339,15.7379],[101.3368,15.7327],[101.3355,15.727],[101.3381,15.7187],[101.3412,15.7173],[101.3434,15.712],[101.3464,15.7112],[101.3532,15.704],[101.352,15.7008],[101.3531,15.695],[101.3591,15.6899],[101.36,15.686],[101.351,15.6738],[101.3516,15.6678],[101.347,15.6618],[101.3408,15.6589],[101.3394,15.6538],[101.3436,15.6505],[101.3438,15.6378],[101.3403,15.6314],[101.3356,15.6282],[101.3364,15.6241],[101.3323,15.6217],[101.3333,15.6179],[101.3312,15.6162],[101.3326,15.614],[101.3321,15.6105],[101.3292,15.6089],[101.3289,15.6053],[101.3229,15.6066],[101.3216,15.6041],[101.3171,15.6025],[101.3177,15.5965],[101.3157,15.5881],[101.3119,15.5844],[101.3097,15.579],[101.3116,15.574],[101.3089,15.5654],[101.3092,15.5598],[101.307,15.5563],[101.3075,15.5518],[101.3036,15.5457],[101.3017,15.5366],[101.3044,15.5196],[101.3022,15.5174],[101.301,15.509],[101.3017,15.4997],[101.3049,15.4909],[101.3029,15.4886],[101.3045,15.4864],[101.3033,15.4827],[101.3073,15.4719],[101.3035,15.4671],[101.3026,15.4604],[101.298,15.457],[101.2977,15.4545],[101.2996,15.4468],[101.3018,15.4454],[101.3024,15.4419],[101.3046,15.4412],[101.308,15.4461],[101.3098,15.4611],[101.3116,15.4653],[101.3155,15.4672],[101.319,15.4621],[101.3226,15.4616],[101.3229,15.466],[101.3249,15.4681],[101.3233,15.4699],[101.3264,15.4796],[101.3238,15.4819],[101.3227,15.4869],[101.3284,15.507],[101.323,15.5075],[101.32,15.5059],[101.3154,15.5089],[101.3169,15.5119],[101.3151,15.5179],[101.3172,15.5189],[101.3221,15.5137],[101.3241,15.5139],[101.3253,15.5194],[101.3226,15.5219],[101.3242,15.5234],[101.3249,15.5295],[101.3236,15.5419],[101.3259,15.5433],[101.3266,15.5531],[101.3312,15.5571],[101.3329,15.5737],[101.3368,15.5793],[101.3379,15.5849],[101.3356,15.594],[101.3386,15.593],[101.3489,15.5957],[101.3556,15.5938],[101.3576,15.5923],[101.3585,15.5815],[101.3574,15.5774],[101.3596,15.5734],[101.3606,15.5664],[101.358,15.5579],[101.3602,15.5516],[101.3597,15.5421],[101.3626,15.5352],[101.3629,15.5254],[101.3605,15.5175],[101.3615,15.5115],[101.3643,15.5086],[101.3635,15.5005],[101.3653,15.4977],[101.3651,15.4929],[101.367,15.491],[101.3697,15.4926],[101.3758,15.4866],[101.3733,15.4804],[101.377,15.478],[101.3781,15.4692],[101.3772,15.4572],[101.3744,15.4519],[101.373,15.439],[101.371,15.4356],[101.3708,15.43],[101.3753,15.4108],[101.3737,15.4028],[101.3756,15.3855],[101.3736,15.3831],[101.3715,15.3744],[101.3765,15.3444],[101.3791,15.3435],[101.3797,15.3452]]]}},{"type":"Feature","properties":{"id":12632007,"name":"\u0e2d\u0e38\u0e17\u0e22\u0e32\u0e19\u0e41\u0e2b\u0e48\u0e07\u0e0a\u0e32\u0e15\u0e34\u0e44\u0e17\u0e23\u0e17\u0e2d\u0e07","name_en":"Sai Thong National Park","boundary":"national_park","protect_class":"2"},"geometry":{"type":"Polygon","coordinates":[[[101.4259,15.7578],[101.4235,15.7579],[101.4147,15.7527],[101.4086,15.7397],[101.4037,15.7389],[101.3925,15.7454],[101.3883,15.7438],[101.3905,15.7477],[101.3937,15.7481],[101.3983,15.7547],[101.4009,15.7549],[101.4009,15.759],[101.4077,15.7607],[101.4011,15.7621],[101.4041,15.7642],[101.4063,15.7636],[101.4046,15.7661],[101.4046,15.771],[101.4008,15.774],[101.4035,15.7749],[101.4036,15.7799],[101.4023,15.7807],[101.4051,15.7831],[101.4032,15.7844],[101.4049,15.7868],[101.4033,15.7879],[101.4058,15.7906],[101.4073,15.7902],[101.4078,15.7938],[101.4044,15.7926],[101.4024,15.7948],[101.3999,15.7946],[101.4022,15.797],[101.401,15.799],[101.4063,15.7965],[101.4091,15.7993],[101.4056,15.799],[101.4039,15.8036],[101.4016,15.8047],[101.4036,15.8066],[101.41,15.801],[101.4119,15.8032],[101.41,15.806],[101.4131,15.806],[101.4117,15.8115],[101.4145,15.8116],[101.4143,15.8162],[101.4168,15.819],[101.4159,15.8202],[101.4203,15.8293],[101.4154,15.8373],[101.417,15.8395],[101.416,15.8409],[101.4181,15.8426],[101.4163,15.846],[101.4183,15.8473],[101.4177,15.8504],[101.4214,15.8519],[101.4207,15.8568],[101.4284,15.861],[101.4289,15.8632],[101.4323,15.8641],[101.4324,15.8681],[101.4337,15.869],[101.4324,15.8759],[101.4354,15.8763],[101.4323,15.8844],[101.4343,15.8884],[101.4316,15.8877],[101.4298,15.8912],[101.4314,15.8948],[101.4305,15.8966],[101.4325,15.8982],[101.4328,15.9037],[101.435,15.9062],[101.4318,15.9106],[101.4329,15.9129],[101.436,15.9142],[101.4347,15.915],[101.4377,15.9181],[101.4346,15.9245],[101.4363,15.9286],[101.4396,15.9304],[101.4381,15.9374],[101.4403,15.9385],[101.4407,15.9412],[101.4467,15.9421],[101.4443,15.9467],[101.4469,15.9473],[101.4464,15.9503],[101.4546,15.9623],[101.456,15.9621],[101.4546,15.9638],[101.459,15.9662],[101.459,15.9686],[101.4615,15.9693],[101.4626,15.9728],[101.4661,15.9727],[101.4674,15.9749],[101.468,15.974],[101.4713,15.9823],[101.4738,15.9832],[101.4744,15.9805],[101.4858,15.9851],[101.4999,15.9857],[101.5059,15.9833],[101.5065,15.9817],[101.5114,15.9808],[101.5173,15.9752],[101.5198,15.976],[101.5302,15.9697],[101.5344,15.9779],[101.5395,15.9828],[101.5561,15.9924],[101.5827,15.9939],[101.5872,15.9956],[101.5945,15.9924],[101.6094,15.9903],[101.6147,15.9908],[101.6182,15.9941],[101.6242,15.9947],[101.6258,15.9935],[101.6397,15.9938],[101.6421,15.9915],[101.6462,15.9925],[101.6554,15.989],[101.6581,15.9898],[101.6782,15.9761],[101.6822,15.9718],[101.6825,15.9601],[101.6885,15.9486],[101.6865,15.9483],[101.6869,15.9461],[101.6836,15.9433],[101.6754,15.9407],[101.6738,15.9419],[101.6707,15.9396],[101.6681,15.9425],[101.6637,15.9344],[101.6591,15.9345],[101.6588,15.9237],[101.6309,15.9241],[101.6307,15.9121],[101.6214,15.9122],[101.6213,15.9042],[101.6164,15.9042],[101.6161,15.888],[101.6024,15.8882],[101.6021,15.8702],[101.5515,15.8708],[101.5526,15.8622],[101.5514,15.8575],[101.5522,15.8521],[101.5511,15.8521],[101.555,15.8437],[101.5147,15.8441],[101.513,15.852],[101.515,15.8553],[101.5202,15.8576],[101.5253,15.8659],[101.5172,15.8701],[101.5102,15.8709],[101.5108,15.873],[101.4778,15.8712],[101.4637,15.8623],[101.4611,15.8563],[101.459,15.8574],[101.4571,15.8545],[101.4533,15.8546],[101.4459,15.8491],[101.4483,15.8433],[101.4454,15.839],[101.4456,15.8343],[101.4441,15.8333],[101.4402,15.8361],[101.4345,15.8229],[101.4318,15.8224],[101.4305,15.8241],[101.4286,15.8167],[101.4265,15.8029],[101.4283,15.8018],[101.428,15.7977],[101.431,15.7955],[101.431,15.7925],[101.4341,15.7925],[101.439,15.777],[101.4378,15.775],[101.4344,15.777],[101.429,15.7759],[101.4317,15.7715],[101.4309,15.7672],[101.4343,15.7673],[101.4337,15.7648],[101.4297,15.7639],[101.4307,15.7615],[101.4259,15.7578]]]}},{"type":"Feature","properties":{"id":12656179,"name":"\u0e40\u0e02\u0e15\u0e2b\u0e49\u0e32\u0e21\u0e25\u0e48\u0e32\u0e2a\u0e31\u0e15\u0e27\u0e4c\u0e1b\u0e48\u0e32\u0e40\u0e02\u0e37\u0e48\u0e2d\u0e19\u0e1b\u0e48\u0e32\u0e2a\u0e31\u0e01\u0e0a\u0e25\u0e2a\u0e34\u0e17\u0e18\u0e34\u0e4c","name_en":"Pa Sak Jolasid Dam Non-Hunting Area","boundary":"protected_area","protect_class":"4"},"geometry":{"type":"Polygon","coordinates":[[[101.1282,15.1947],[101.1267,15.1896],[101.1284,15.1904],[101.129,15.1888],[101.1262,15.1885],[101.1232,15.1819],[101.1174,15.1768],[101.1183,15.1749],[101.1226,15.178],[101.1208,15.1737],[101.1186,15.1728],[101.1014,15.1752],[101.102,15.1735],[101.1088,15.1718],[101.1075,15.1678],[101.1086,15.1589],[101.1053,15.1532],[101.1083,15.1521],[101.1122,15.1461],[101.1114,15.1425],[101.1062,15.139],[101.1026,15.1289],[101.1025,15.1217],[101.0951,15.1136],[101.0941,15.1051],[101.0907,15.0974],[101.0924,15.0935],[101.0895,15.0921],[101.0912,15.0892],[101.0896,15.0804],[101.0925,15.0778],[101.0898,15.0735],[101.0911,15.0711],[101.0905,15.0648],[101.0931,15.0642],[101.0902,15.0598],[101.0896,15.0554],[101.0858,15.0513],[101.081,15.0495],[101.0772,15.0434],[101.0773,15.0308],[101.0801,15.0191],[101.0755,15.012],[101.079,15.0084],[101.0789,15.0065],[101.0742,14.9999],[101.0756,14.9978],[101.0732,14.9941],[101.0737,14.9896],[101.0775,14.9831],[101.0794,14.9735],[101.0783,14.9698],[101.0811,14.965],[101.0814,14.962],[101.0798,14.9601],[101.0812,14.9563],[101.0839,14.956],[101.0844,14.9534],[101.0816,14.9506],[101.0806,14.9455],[101.077,14.9409],[101.0775,14.923],[101.0826,14.916],[101.0925,14.9098],[101.1007,14.9092],[101.0945,14.9047],[101.0963,14.892],[101.1018,14.8848],[101.1023,14.8813],[101.1052,14.8804],[101.1076,14.8758],[101.1125,14.8724],[101.1093,14.8642],[101.1095,14.8621],[101.1124,14.8596],[101.1063,14.858],[101.1016,14.8469],[101.1022,14.8449],[101.0989,14.8438],[101.0994,14.8426],[101.0627,14.866],[101.0585,14.8729],[101.0452,14.8796],[101.0458,14.8831],[101.0482,14.8835],[101.0491,14.8854],[101.0537,14.8853],[101.0517,14.8895],[101.0556,14.8937],[101.0662,14.8939],[101.0744,14.897],[101.0764,14.9007],[101.074,14.9082],[101.0579,14.9154],[101.0571,14.9135],[101.053,14.9142],[101.0535,14.9093],[101.0465,14.9004],[101.0373,14.897],[101.041,14.9027],[101.0402,14.9063],[101.0431,14.9087],[101.0426,14.9113],[101.0397,14.9122],[101.0434,14.9156],[101.0442,14.9191],[101.0402,14.9223],[101.0296,14.9244],[101.0181,14.9211],[101.0167,14.9229],[101.0122,14.9215],[101.0123,14.9278],[101.0176,14.9302],[101.021,14.9365],[101.0152,14.9384],[101.0168,14.9428],[101.0126,14.9433],[101.0129,14.9466],[101.0161,14.9485],[101.0117,14.9601],[101.0135,14.9619],[101.0213,14.9593],[101.0267,14.9555],[101.0255,14.9616],[101.0172,14.97],[101.0181,14.9719],[101.0211,14.9727],[101.0209,14.9748],[101.0267,14.9773],[101.0273,14.9883],[101.0215,14.993],[101.0166,14.9923],[101.0169,14.9882],[101.012,14.9877],[101.0104,14.989],[101.0117,14.9921],[101.0107,14.9994],[101.0061,14.9994],[100.9993,15.0059],[100.997,15.0112],[101.0033,15.0127],[101.0051,15.0147],[101.0021,15.0179],[100.9978,15.0185],[101.0051,15.0261],[101.0027,15.0275],[101.0033,15.0295],[100.9974,15.0342],[100.9945,15.0441],[100.9974,15.046],[100.9982,15.0505],[101.0046,15.05],[101.0055,15.0483],[101.0069,15.0494],[101.0105,15.0455],[101.0113,15.0483],[101.0175,15.0517],[101.0291,15.0528],[101.033,15.0556],[101.032,15.0654],[101.0328,15.0689],[101.0347,15.0698],[101.0378,15.0691],[101.039,15.0709],[101.0409,15.0703],[101.0409,15.067],[101.0524,15.0614],[101.0565,15.0631],[101.0582,15.0689],[101.0614,15.0683],[101.0655,15.0703],[101.066,15.0743],[101.0646,15.076],[101.071,15.0786],[101.0736,15.0821],[101.0781,15.0946],[101.0812,15.0987],[101.0852,15.1116],[101.0863,15.121],[101.0836,15.1228],[101.0821,15.1303],[101.0799,15.1329],[101.0861,15.1337],[101.0892,15.1305],[101.0906,15.1309],[101.0888,15.1376],[101.0908,15.1396],[101.1073,15.1437],[101.0955,15.1438],[101.0923,15.1467],[101.092,15.1499],[101.0962,15.1581],[101.0999,15.1761],[101.1032,15.1777],[101.1153,15.1763],[101.1215,15.1822],[101.122,15.1871],[101.1255,15.1938],[101.1282,15.1947]]]}},{"type":"Feature","properties":{"id":12656180,"name":"\u0e40\u0e02\u0e15\u0e2b\u0e49\u0e32\u0e21\u0e25\u0e48\u0e32\u0e2a\u0e31\u0e15\u0e27\u0e4c\u0e1b\u0e48\u0e32\u0e40\u0e02\u0e32\u0e41\u0e1c\u0e07\u0e21\u0e49\u0e32","name_en":"Khao Phaeng Ma Non-Hunting Area","boundary":"protected_area","protect_class":"4"},"geometry":{"type":"Polygon","coordinates":[[[101.7738,14.3629],[101.7802,14.3615],[101.7823,14.3594],[101.8071,14.3636],[101.7983,14.37],[101.8002,14.373],[101.7951,14.3759],[101.796,14.3769],[101.7933,14.3869],[101.7908,14.3873],[101.788,14.3904],[101.7845,14.3881],[101.7801,14.39],[101.7727,14.3877],[101.7774,14.3832],[101.7784,14.3798],[101.7847,14.3759],[101.7825,14.3741],[101.779,14.374],[101.7767,14.3696],[101.7738,14.3698],[101.7731,14.3668],[101.7749,14.3638],[101.7738,14.3629]]]}},{"type":"Feature","properties":{"id":12656181,"name":"\u0e2d\u0e38\u0e17\u0e22\u0e32\u0e19\u0e41\u0e2b\u0e48\u0e07\u0e0a\u0e32\u0e15\u0e34\u0e19\u0e49\u0e33\u0e15\u0e01\u0e40\u0e08\u0e47\u0e14\u0e2a\u0e32\u0e27\u0e19\u0e49\u0e2d\u0e22","name_en":"Namtok Chet Sao Noi National Park","boundary":"national_park","protect_class":"2"},"geometry":{"type":"Polygon","coordinates":[[[101.1472,14.7994],[101.1551,14.8001],[101.1575,14.7933],[101.1588,14.7948],[101.1656,14.7941],[101.167,14.791],[101.1691,14.7919],[101.1689,14.7905],[101.1713,14.7919],[101.1764,14.7878],[101.1757,14.7852],[101.1718,14.7852],[101.1731,14.783],[101.1753,14.7839],[101.1769,14.7822],[101.1766,14.7794],[101.1782,14.7853],[101.1824,14.7807],[101.1864,14.78],[101.1886,14.7764],[101.1906,14.7761],[101.1909,14.7697],[101.193,14.7676],[101.1946,14.7617],[101.1922,14.7618],[101.1934,14.7598],[101.1922,14.7565],[101.1956,14.7508],[101.1927,14.7515],[101.1888,14.7496],[101.1874,14.7441],[101.1901,14.742],[101.1871,14.7379],[101.1937,14.7337],[101.1942,14.728],[101.1992,14.7273],[101.1984,14.7228],[101.2004,14.7224],[101.1985,14.7205],[101.1995,14.7209],[101.199,14.7184],[101.195,14.7179],[101.1943,14.7224],[101.1912,14.7201],[101.1884,14.7206],[101.1884,14.7259],[101.1909,14.7276],[101.1852,14.7267],[101.1839,14.7306],[101.1869,14.731],[101.1842,14.7322],[101.1852,14.7347],[101.1824,14.7395],[101.1809,14.7381],[101.179,14.7388],[101.1759,14.7327],[101.1739,14.7332],[101.1749,14.7306],[101.1711,14.7315],[101.1709,14.7366],[101.1762,14.7367],[101.1758,14.7392],[101.1735,14.7392],[101.1747,14.7406],[101.1733,14.7427],[101.1743,14.7494],[101.1761,14.7519],[101.1751,14.7532],[101.1774,14.755],[101.1779,14.752],[101.1804,14.7508],[101.1856,14.7554],[101.183,14.7631],[101.1864,14.7623],[101.184,14.7657],[101.1818,14.7625],[101.1805,14.7637],[101.1792,14.7622],[101.1774,14.764],[101.1764,14.7632],[101.1785,14.7585],[101.1841,14.7587],[101.1835,14.7566],[101.1823,14.7579],[101.1776,14.7553],[101.1774,14.7572],[101.1735,14.7569],[101.1756,14.764],[101.1725,14.7637],[101.1714,14.7653],[101.169,14.7639],[101.1666,14.7648],[101.1647,14.7629],[101.1616,14.7637],[101.1618,14.7577],[101.1548,14.7588],[101.1575,14.755],[101.157,14.7522],[101.1532,14.7553],[101.1521,14.7538],[101.1495,14.7547],[101.1524,14.7504],[101.1516,14.7494],[101.1483,14.7508],[101.1485,14.7549],[101.1457,14.7588],[101.1387,14.7604],[101.1363,14.7633],[101.1298,14.7642],[101.1348,14.7657],[101.139,14.7639],[101.1356,14.7667],[101.1319,14.7672],[101.1313,14.7691],[101.1345,14.7717],[101.134,14.7731],[101.1285,14.7724],[101.1272,14.7754],[101.1286,14.7755],[101.1216,14.7853],[101.1233,14.7871],[101.1241,14.7857],[101.1255,14.7865],[101.1333,14.7809],[101.1334,14.7851],[101.1367,14.7874],[101.1386,14.7858],[101.138,14.788],[101.1446,14.7855],[101.1399,14.7895],[101.1413,14.7907],[101.1386,14.7925],[101.1415,14.7924],[101.1382,14.7939],[101.1401,14.7952],[101.1387,14.7954],[101.1387,14.7978],[101.1447,14.795],[101.1453,14.7919],[101.1491,14.79],[101.149,14.7884],[101.1524,14.7878],[101.1534,14.7821],[101.1541,14.7864],[101.1569,14.7865],[101.1572,14.788],[101.1544,14.7877],[101.1489,14.7917],[101.1472,14.7994]]]}},{"type":"Feature","properties":{"id":12656182,"name":"\u0e40\u0e02\u0e15\u0e2b\u0e49\u0e32\u0e21\u0e25\u0e48\u0e32\u0e2a\u0e31\u0e15\u0e27\u0e4c\u0e1b\u0e48\u0e32\u0e41\u0e01\u0e48\u0e07\u0e04\u0e2d\u0e22","name_en":"Kaeng Khoi Non-Hunting Area","boundary":"protected_area","protect_class":"4"},"geometry":{"type":"Polygon","coordinates":[[[101.0833,14.4896],[101.0798,14.4905],[101.0801,14.4917],[101.0775,14.4931],[101.0698,14.4941],[101.0667,14.4938],[101.0658,14.4922],[101.0606,14.4936],[101.0558,14.4913],[101.0573,14.494],[101.0544,14.4926],[101.0508,14.4931],[101.0503,14.4954],[101.0534,14.4988],[101.0677,14.4987],[101.0711,14.4973],[101.073,14.498],[101.074,14.5023],[101.0797,14.5007],[101.0787,14.5059],[101.075,14.5074],[101.0707,14.5037],[101.0687,14.5073],[101.0712,14.5094],[101.0692,14.512],[101.0719,14.5136],[101.0716,14.5199],[101.0736,14.5224],[101.0714,14.5237],[101.0736,14.5263],[101.076,14.5211],[101.0761,14.5252],[101.0788,14.5235],[101.0789,14.5213],[101.0795,14.5231],[101.0826,14.5221],[101.086,14.5236],[101.082,14.5275],[101.0842,14.531],[101.0813,14.5326],[101.0837,14.5354],[101.0834,14.5416],[101.0811,14.5453],[101.0846,14.549],[101.0849,14.553],[101.0828,14.5564],[101.0843,14.5597],[101.0837,14.5628],[101.0865,14.5642],[101.0916,14.5625],[101.0935,14.5641],[101.0967,14.5603],[101.1003,14.5549],[101.1001,14.5525],[101.0961,14.5526],[101.0958,14.5508],[101.0991,14.5445],[101.1022,14.5426],[101.0986,14.5414],[101.102,14.5384],[101.1025,14.5319],[101.1053,14.5314],[101.1094,14.5346],[101.1085,14.5365],[101.1144,14.539],[101.1162,14.5425],[101.1134,14.5451],[101.1096,14.5458],[101.102,14.554],[101.1009,14.5631],[101.1048,14.566],[101.1145,14.5684],[101.1157,14.5611],[101.1141,14.5591],[101.1204,14.5585],[101.1194,14.5539],[101.1215,14.5499],[101.1245,14.5495],[101.1245,14.5512],[101.1269,14.5524],[101.127,14.5558],[101.1322,14.5568],[101.1327,14.5553],[101.1283,14.5514],[101.1288,14.5493],[101.1266,14.5481],[101.1265,14.5448],[101.1223,14.538],[101.1231,14.5317],[101.1152,14.5286],[101.1133,14.519],[101.1153,14.5153],[101.1145,14.5132],[101.1214,14.5111],[101.1211,14.5083],[101.1242,14.5053],[101.1238,14.5037],[101.1202,14.506],[101.1208,14.5039],[101.124,14.5034],[101.1238,14.5005],[101.1201,14.5001],[101.117,14.5016],[101.116,14.4971],[101.1183,14.4958],[101.1182,14.4929],[101.1134,14.4984],[101.1124,14.5029],[101.1064,14.5031],[101.106,14.5014],[101.1095,14.5002],[101.1076,14.4963],[101.111,14.4875],[101.1129,14.4872],[101.1117,14.4845],[101.1082,14.4862],[101.1048,14.4851],[101.102,14.4802],[101.0861,14.4822],[101.0868,14.4846],[101.0849,14.4835],[101.0793,14.4881],[101.0807,14.4897],[101.0832,14.4879],[101.0845,14.4903],[101.0833,14.4896]],[[101.083,14.5124],[101.085,14.5167],[101.0861,14.5161],[101.0864,14.514],[101.083,14.5124]]]}},{"type":"Feature","properties":{"id":12659452,"name":"\u0e2d\u0e38\u0e17\u0e22\u0e32\u0e19\u0e41\u0e2b\u0e48\u0e07\u0e0a\u0e32\u0e15\u0e34\u0e40\u0e02\u0e32\u0e0a\u0e30\u0e40\u0e21\u0e32-\u0e40\u0e02\u0e32\u0e27\u0e07","name_en":"Khao Chamao-Khao Wong National Park","boundary":"national_park","protect_class":"2"},"geometry":{"type":"Polygon","coordinates":[[[101.7399,12.8787],[101.7346,12.8853],[101.7191,12.9297],[101.7203,12.9324],[101.7127,12.943],[101.7113,12.9541],[101.7059,12.9689],[101.6971,12.9818],[101.6846,12.9821],[101.6888,12.9927],[101.6866,12.9934],[101.6986,12.9987],[101.6988,13.0022],[101.7125,13.0002],[101.7138,13.0016],[101.7185,13.002],[101.73,12.9999],[101.7323,12.9969],[101.7396,12.9968],[101.7422,12.9983],[101.7497,12.9942],[101.755,12.9883],[101.7611,12.9856],[101.7656,12.9793],[101.765,12.9767],[101.7671,12.9735],[101.775,12.9678],[101.7728,12.9576],[101.7758,12.9548],[101.7746,12.9474],[101.7761,12.929],[101.7742,12.9083],[101.7718,12.8992],[101.7677,12.8935],[101.7609,12.8881],[101.7459,12.8829],[101.7399,12.8787]]]}},{"type":"Feature","properties":{"id":12659453,"name":"\u0e2d\u0e38\u0e17\u0e22\u0e32\u0e19\u0e41\u0e2b\u0e48\u0e07\u0e0a\u0e32\u0e15\u0e34\u0e40\u0e02\u0e32\u0e2a\u0e34\u0e1a\u0e2b\u0e49\u0e32\u0e0a\u0e31\u0e49\u0e19","name_en":"Khao Sip Ha Chan National Park","boundary":"national_park","protect_class":"2"},"geometry":{"type":"Polygon","coordinates":[[[101.9727,13.2367],[101.9696,13.2287],[101.9714,13.2227],[101.9645,13.2163],[101.9657,13.2009],[101.9627,13.2004],[101.9593,13.2034],[101.957,13.2018],[101.9535,13.2064],[101.9372,13.2042],[101.9333,13.201],[101.9327,13.1973],[101.9275,13.1893],[101.9105,13.1813],[101.9119,13.1788],[101.9075,13.1751],[101.9066,13.171],[101.9101,13.1692],[101.9116,13.1602],[101.9174,13.164],[101.9186,13.1604],[101.9162,13.1584],[101.9154,13.1528],[101.9142,13.1544],[101.9116,13.1535],[101.9104,13.1471],[101.9127,13.1477],[101.9127,13.144],[101.9164,13.1445],[101.9196,13.151],[101.9194,13.1536],[101.9227,13.1542],[101.9252,13.1494],[101.922,13.1515],[101.9206,13.1402],[101.925,13.14],[101.9251,13.1384],[101.9275,13.1389],[101.9291,13.1375],[101.9278,13.1396],[101.93,13.1421],[101.9309,13.1401],[101.9327,13.1401],[101.931,13.1409],[101.9329,13.1424],[101.9348,13.1402],[101.9369,13.1438],[101.9392,13.1431],[101.9457,13.1465],[101.9514,13.1472],[101.9518,13.1496],[101.9542,13.1496],[101.9548,13.1522],[101.9572,13.153],[101.9594,13.1483],[101.9621,13.1486],[101.963,13.1445],[101.9657,13.1436],[101.9643,13.1459],[101.9679,13.1451],[101.9655,13.1511],[101.9745,13.1552],[101.9737,13.1589],[101.9753,13.1621],[101.9786,13.1622],[101.9757,13.1636],[101.9778,13.1661],[101.9806,13.1617],[101.9878,13.1624],[101.9874,13.1665],[101.9904,13.1676],[101.9919,13.1627],[101.99,13.1592],[101.988,13.1588],[101.9902,13.1577],[101.9886,13.1573],[101.9886,13.1554],[101.9898,13.154],[101.9913,13.1568],[101.9962,13.1577],[101.9972,13.1547],[102.002,13.1527],[102.0025,13.1503],[102.0007,13.1484],[101.9955,13.1471],[101.9979,13.1408],[102.0042,13.1396],[102.0023,13.1352],[101.9975,13.1357],[102.0053,13.1247],[102.0057,13.1182],[102.0015,13.1197],[102.0004,13.1235],[102.0018,13.1262],[101.9972,13.126],[101.9948,13.1305],[101.9939,13.1325],[101.9952,13.1363],[101.9972,13.1371],[101.994,13.1372],[101.9904,13.1409],[101.9878,13.1344],[101.989,13.1308],[101.9877,13.127],[101.9855,13.1256],[101.9908,13.1237],[101.9922,13.1217],[101.9848,13.1221],[101.9855,13.1199],[101.9823,13.1201],[101.9778,13.1136],[101.9822,13.1134],[101.9849,13.1082],[101.9916,13.1095],[102.0008,13.106],[102.0019,13.1088],[102.0044,13.1084],[102.007,13.1144],[102.0082,13.1128],[102.0123,13.115],[102.0125,13.1192],[102.0159,13.1175],[102.0171,13.1151],[102.0189,13.1148],[102.0202,13.1189],[102.0226,13.1185],[102.0245,13.1151],[102.0266,13.1151],[102.0338,13.1228],[102.0279,13.1294],[102.0279,13.1394],[102.0259,13.1427],[102.0269,13.1538],[102.0389,13.1636],[102.0363,13.1637],[102.0353,13.167],[102.0332,13.1677],[102.0329,13.1718],[102.0299,13.1738],[102.0323,13.1762],[102.0306,13.179],[102.032,13.181],[102.0397,13.1834],[102.037,13.1893],[102.039,13.1919],[102.0342,13.196],[102.032,13.201],[102.0333,13.2082],[102.0317,13.211],[102.0362,13.2178],[102.0295,13.2218],[102.0307,13.2254],[102.0293,13.2296],[102.0226,13.2342],[102.0191,13.2339],[102.0168,13.2354],[102.0191,13.2412],[102.0159,13.2413],[102.0167,13.2476],[102.015,13.2478],[102.0079,13.2412],[101.9971,13.2388],[101.9954,13.2409],[101.9902,13.2427],[101.9771,13.2427],[101.9765,13.2396],[101.9727,13.2367]]]}},{"type":"Feature","properties":{"id":12659454,"name":"\u0e40\u0e02\u0e15\u0e23\u0e31\u0e01\u0e29\u0e32\u0e1e\u0e31\u0e19\u0e18\u0e38\u0e4c\u0e2a\u0e31\u0e15\u0e27\u0e4c\u0e1b\u0e48\u0e32\u0e40\u0e02\u0e32\u0e2a\u0e2d\u0e22\u0e14\u0e32\u0e27","name_en":"Khao Soi Dao Wildlife Sanctuary","boundary":"protected_area","protect_class":"1a"},"geometry":{"type":"Polygon","coordinates":[[[102.0283,13.2367],[102.0392,13.2392],[102.0434,13.2424],[102.0496,13.2391],[102.0526,13.2424],[102.0572,13.2409],[102.0572,13.2453],[102.0609,13.2455],[102.0608,13.2519],[102.0695,13.2508],[102.0706,13.255],[102.0762,13.2531],[102.0797,13.2587],[102.0832,13.2578],[102.0879,13.2602],[102.0963,13.26],[102.1034,13.2616],[102.1091,13.2649],[102.1129,13.2698],[102.1123,13.2719],[102.1142,13.2729],[102.1142,13.2752],[102.1156,13.2746],[102.1163,13.2771],[102.1181,13.2776],[102.1171,13.2794],[102.1177,13.2825],[102.1192,13.283],[102.1174,13.2842],[102.1191,13.2862],[102.1176,13.289],[102.119,13.2891],[102.1198,13.2952],[102.118,13.2958],[102.1198,13.2973],[102.1181,13.2978],[102.1184,13.3011],[102.1198,13.3019],[102.1185,13.3035],[102.124,13.3102],[102.1223,13.3118],[102.1252,13.3135],[102.1252,13.3182],[102.128,13.32],[102.1271,13.3215],[102.1292,13.326],[102.1264,13.3272],[102.1278,13.3299],[102.1266,13.3318],[102.1296,13.3362],[102.1379,13.3326],[102.137,13.3306],[102.1387,13.3282],[102.1414,13.3275],[102.1438,13.325],[102.1434,13.3237],[102.1471,13.3223],[102.1519,13.3164],[102.1528,13.3071],[102.1567,13.2943],[102.1629,13.2837],[102.1678,13.2794],[102.1731,13.2711],[102.1745,13.2643],[102.1827,13.25],[102.1839,13.2428],[102.1757,13.2353],[102.1686,13.2314],[102.1585,13.2201],[102.1555,13.2104],[102.15,13.2072],[102.1478,13.2011],[102.1566,13.1845],[102.1628,13.1896],[102.1657,13.1886],[102.1738,13.1902],[102.1777,13.183],[102.1813,13.1839],[102.1856,13.1785],[102.1879,13.173],[102.1891,13.1608],[102.1916,13.155],[102.1975,13.1499],[102.197,13.1429],[102.2048,13.1357],[102.1956,13.1247],[102.1927,13.1097],[102.1875,13.1051],[102.1872,13.1025],[102.1911,13.0997],[102.1962,13.1041],[102.1989,13.1045],[102.2083,13.0979],[102.2137,13.099],[102.2154,13.0977],[102.2155,13.0924],[102.2189,13.0895],[102.2259,13.0906],[102.2313,13.0878],[102.2394,13.0816],[102.2438,13.0739],[102.2459,13.073],[102.246,13.0697],[102.2486,13.0689],[102.2495,13.0651],[102.2528,13.0667],[102.2544,13.0637],[102.2515,13.0541],[102.243,13.0493],[102.242,13.0449],[102.2513,13.0321],[102.258,13.0294],[102.2625,13.0244],[102.2634,13.0167],[102.2701,13.0077],[102.2668,13.0048],[102.2633,13.0059],[102.2616,13.0085],[102.2579,13.0074],[102.2545,13.0094],[102.2539,13.0039],[102.2508,13.0004],[102.2447,12.9978],[102.2373,12.9867],[102.2373,12.9795],[102.241,12.9734],[102.2409,12.9669],[102.244,12.9635],[102.2514,12.963],[102.2522,12.9599],[102.2517,12.9555],[102.2458,12.951],[102.2449,12.9479],[102.2468,12.9446],[102.252,12.9445],[102.2555,12.9413],[102.2553,12.9374],[102.2525,12.9346],[102.2467,12.9326],[102.2398,12.9218],[102.239,12.9169],[102.2412,12.9083],[102.2385,12.9061],[102.2295,12.9071],[102.2264,12.9051],[102.2259,12.9029],[102.2286,12.902],[102.2304,12.9039],[102.2331,12.9038],[102.2483,12.892],[102.2518,12.8918],[102.2591,12.8961],[102.2611,12.8956],[102.2629,12.8913],[102.2687,12.8877],[102.2665,12.8844],[102.2649,12.8848],[102.2603,12.8812],[102.2593,12.8786],[102.2616,12.869],[102.2616,12.8657],[102.2598,12.8644],[102.2493,12.8622],[102.2452,12.8655],[102.2469,12.8711],[102.245,12.8743],[102.2462,12.8774],[102.2446,12.8786],[102.2431,12.8776],[102.2428,12.8713],[102.2409,12.8675],[102.2388,12.8672],[102.2372,12.8709],[102.2311,12.8728],[102.2253,12.8659],[102.2225,12.8654],[102.2174,12.8676],[102.2144,12.866],[102.215,12.8641],[102.2103,12.8618],[102.21,12.8589],[102.2141,12.8559],[102.2172,12.8557],[102.2188,12.8528],[102.2177,12.8495],[102.2141,12.8475],[102.2089,12.8473],[102.2029,12.8514],[102.2005,12.8597],[102.1959,12.8665],[102.1939,12.868],[102.1893,12.8671],[102.1841,12.8741],[102.1833,12.8789],[102.1791,12.8827],[102.1734,12.8831],[102.1709,12.8848],[102.1582,12.879],[102.1545,12.8807],[102.1533,12.8887],[102.1428,12.8984],[102.1355,12.8963],[102.1333,12.8938],[102.1217,12.8943],[102.1207,12.8927],[102.1192,12.8987],[102.1136,12.9014],[102.1014,12.8893],[102.0988,12.8888],[102.0924,12.8921],[102.0917,12.8947],[102.0974,12.9023],[102.0985,12.9109],[102.1042,12.9161],[102.1047,12.9203],[102.1077,12.9216],[102.1071,12.9319],[102.1044,12.9372],[102.1045,12.9438],[102.1006,12.9504],[102.1012,12.9534],[102.0962,12.9568],[102.0954,12.9758],[102.0922,12.9785],[102.0918,12.9859],[102.0774,13.001],[102.0801,13.0066],[102.0793,13.0139],[102.0773,13.0165],[102.0778,13.0232],[102.0745,13.0295],[102.0753,13.0388],[102.0723,13.0434],[102.0739,13.0495],[102.0701,13.0515],[102.0697,13.0535],[102.0708,13.0553],[102.0759,13.0534],[102.0785,13.0551],[102.0757,13.0595],[102.0622,13.0639],[102.0591,13.0689],[102.0596,13.0824],[102.0554,13.0908],[102.0366,13.099],[102.0276,13.1128],[102.0278,13.1169],[102.0338,13.124],[102.0279,13.1294],[102.0279,13.1394],[102.0259,13.1427],[102.0269,13.1538],[102.0389,13.1636],[102.0363,13.1637],[102.0353,13.167],[102.0332,13.1677],[102.0329,13.1718],[102.0299,13.1738],[102.0323,13.1762],[102.0306,13.179],[102.032,13.181],[102.0397,13.1834],[102.0399,13.1851],[102.037,13.1893],[102.039,13.1919],[102.0342,13.196],[102.032,13.201],[102.0333,13.2082],[102.0317,13.211],[102.0362,13.2178],[102.0295,13.2218],[102.0307,13.2254],[102.0293,13.2296],[102.0261,13.2318],[102.0283,13.2367]]]}},{"type":"Feature","properties":{"id":12659455,"name":"\u0e40\u0e02\u0e15\u0e23\u0e31\u0e01\u0e29\u0e32\u0e1e\u0e31\u0e19\u0e18\u0e38\u0e4c\u0e2a\u0e31\u0e15\u0e27\u0e4c\u0e1b\u0e48\u0e32\u0e40\u0e02\u0e32\u0e2d\u0e48\u0e32\u0e07\u0e24\u0e45\u0e44\u0e19","name_en":"Khao Ang Rue Nai Wildlife Sanctuary","boundary":"protected_area","protect_class":"1a"},"geometry":{"type":"Polygon","coordinates":[[[101.9727,13.2367],[101.8998,13.1749],[101.8926,13.1751],[101.8896,13.17],[101.8869,13.169],[101.8887,13.1644],[101.8866,13.1634],[101.8864,13.1581],[101.8839,13.1554],[101.8806,13.1557],[101.8823,13.1609],[101.8568,13.1748],[101.8553,13.1697],[101.852,13.1705],[101.8501,13.1757],[101.8525,13.1778],[101.85,13.1778],[101.8446,13.1823],[101.824,13.1731],[101.8158,13.1724],[101.8144,13.1681],[101.7997,13.1754],[101.7991,13.1811],[101.7949,13.1827],[101.7288,13.148],[101.716,13.1352],[101.7155,13.1293],[101.7231,13.1224],[101.7269,13.128],[101.7279,13.1235],[101.7325,13.1233],[101.7321,13.1206],[101.7295,13.1197],[101.7289,13.1162],[101.7254,13.1157],[101.7245,13.113],[101.7308,13.1128],[101.7335,13.1116],[101.7324,13.1091],[101.7377,13.1092],[101.737,13.1058],[101.729,13.1034],[101.7291,13.0987],[101.7313,13.0971],[101.7285,13.0956],[101.7283,13.0934],[101.7308,13.0932],[101.733,13.0954],[101.7341,13.0936],[101.737,13.0942],[101.7383,13.0992],[101.7431,13.0997],[101.7432,13.1035],[101.7464,13.1004],[101.7438,13.095],[101.7471,13.0947],[101.7458,13.093],[101.7465,13.0908],[101.7417,13.089],[101.7398,13.0818],[101.7478,13.0771],[101.7486,13.0809],[101.7527,13.0815],[101.7571,13.0763],[101.7555,13.0714],[101.7515,13.0686],[101.7509,13.0593],[101.752,13.0591],[101.7528,13.062],[101.7599,13.059],[101.7593,13.0503],[101.7505,13.0487],[101.7468,13.0452],[101.7447,13.0381],[101.7379,13.0337],[101.7338,13.0338],[101.7319,13.0301],[101.7335,13.0227],[101.7306,13.0204],[101.7253,13.0202],[101.7241,13.0181],[101.7224,13.0184],[101.721,13.0208],[101.7225,13.0236],[101.7201,13.0258],[101.7173,13.0177],[101.7126,13.014],[101.6951,13.0192],[101.6935,13.0219],[101.6973,13.0254],[101.6932,13.0259],[101.6932,13.0297],[101.6861,13.0274],[101.6843,13.0314],[101.6883,13.0334],[101.6829,13.0329],[101.6811,13.0365],[101.6786,13.0368],[101.6786,13.0404],[101.697,13.0392],[101.6907,13.0451],[101.6839,13.0449],[101.6839,13.0486],[101.6822,13.0495],[101.6842,13.0537],[101.6945,13.0572],[101.6966,13.0598],[101.6886,13.0587],[101.6892,13.0623],[101.6834,13.0636],[101.6842,13.0689],[101.6873,13.0697],[101.6855,13.0719],[101.6875,13.074],[101.6842,13.0745],[101.6851,13.0788],[101.6822,13.0866],[101.685,13.089],[101.6826,13.0917],[101.6839,13.1023],[101.6805,13.1008],[101.6813,13.1071],[101.674,13.1153],[101.6761,13.1184],[101.6802,13.1164],[101.6813,13.1186],[101.6737,13.1275],[101.6737,13.1357],[101.6753,13.1359],[101.682,13.1303],[101.6854,13.1331],[101.6742,13.1475],[101.6585,13.1474],[101.6531,13.1537],[101.6517,13.1537],[101.651,13.1451],[101.6527,13.1383],[101.6502,13.1362],[101.6514,13.1303],[101.6568,13.1212],[101.6611,13.1057],[101.6556,13.1099],[101.647,13.1122],[101.647,13.1159],[101.6407,13.1158],[101.6409,13.1112],[101.6371,13.1093],[101.635,13.114],[101.635,13.1182],[101.6368,13.1185],[101.6369,13.1214],[101.6335,13.1216],[101.6274,13.1277],[101.6283,13.132],[101.6347,13.1299],[101.6353,13.1314],[101.6407,13.1261],[101.6429,13.1318],[101.64,13.139],[101.6363,13.138],[101.6327,13.1422],[101.6327,13.1452],[101.6353,13.1463],[101.6355,13.1494],[101.6291,13.148],[101.629,13.1509],[101.6308,13.1508],[101.6304,13.1544],[101.6269,13.1541],[101.6261,13.1581],[101.6272,13.1599],[101.6257,13.1607],[101.6281,13.1632],[101.6316,13.1627],[101.6319,13.1643],[101.6299,13.1646],[101.6295,13.1675],[101.6315,13.1687],[101.6295,13.1699],[101.6294,13.1751],[101.6322,13.1744],[101.6365,13.1834],[101.6463,13.1914],[101.6523,13.1821],[101.6662,13.1744],[101.6941,13.1819],[101.7039,13.1944],[101.6981,13.2049],[101.696,13.2044],[101.6948,13.2077],[101.6975,13.2093],[101.6964,13.2108],[101.6933,13.2099],[101.69,13.218],[101.6865,13.2216],[101.6871,13.2234],[101.6856,13.2231],[101.685,13.2256],[101.6837,13.2255],[101.6836,13.2277],[101.6857,13.2286],[101.6807,13.2306],[101.6818,13.2346],[101.6798,13.2327],[101.6758,13.2397],[101.6752,13.2361],[101.6737,13.2424],[101.6706,13.2417],[101.667,13.2476],[101.6636,13.2486],[101.6625,13.2548],[101.6592,13.2548],[101.657,13.2594],[101.6534,13.2599],[101.6539,13.2623],[101.6521,13.2622],[101.6503,13.2584],[101.6466,13.2595],[101.6437,13.2641],[101.6466,13.2668],[101.6449,13.2674],[101.6425,13.2654],[101.64,13.2688],[101.6335,13.2713],[101.6335,13.2727],[101.631,13.2717],[101.6312,13.2741],[101.6285,13.2729],[101.6292,13.275],[101.6273,13.2762],[101.6275,13.2789],[101.6257,13.2824],[101.624,13.2825],[101.6234,13.2896],[101.6255,13.2908],[101.6236,13.2943],[101.6237,13.2982],[101.6275,13.3018],[101.6229,13.305],[101.6215,13.3087],[101.6259,13.3078],[101.6259,13.3103],[101.6287,13.3094],[101.6271,13.3063],[101.6333,13.3019],[101.6345,13.3057],[101.6364,13.3064],[101.6382,13.3047],[101.6367,13.3038],[101.637,13.3016],[101.6441,13.3004],[101.6453,13.2973],[101.6473,13.2968],[101.6498,13.2996],[101.6518,13.2994],[101.6498,13.2977],[101.6528,13.296],[101.6525,13.2936],[101.6584,13.2915],[101.6605,13.2878],[101.665,13.2922],[101.6649,13.2985],[101.6672,13.2985],[101.6775,13.2933],[101.6979,13.2945],[101.7089,13.2905],[101.7093,13.2884],[101.7129,13.2885],[101.7122,13.2929],[101.7134,13.293],[101.7153,13.3014],[101.7183,13.3024],[101.7252,13.3093],[101.7254,13.3027],[101.7311,13.3025],[101.7314,13.3062],[101.7289,13.3082],[101.7305,13.3109],[101.7394,13.3148],[101.7458,13.3204],[101.7507,13.3284],[101.7549,13.3291],[101.7531,13.3318],[101.7558,13.334],[101.7531,13.3354],[101.7532,13.3382],[101.7553,13.3405],[101.753,13.3413],[101.7485,13.3485],[101.7512,13.3491],[101.7619,13.3666],[101.7644,13.3666],[101.7883,13.3492],[101.7916,13.349],[101.7974,13.3537],[101.8041,13.3556],[101.8043,13.3638],[101.8104,13.3643],[101.813,13.3665],[101.8141,13.3746],[101.8097,13.382],[101.803,13.3872],[101.8037,13.3939],[101.8003,13.404],[101.8064,13.4052],[101.8182,13.4173],[101.832,13.4222],[101.8275,13.4288],[101.823,13.4247],[101.8209,13.4247],[101.8199,13.4287],[101.815,13.4278],[101.8139,13.4358],[101.8064,13.4485],[101.8049,13.4571],[101.8063,13.4693],[101.8037,13.4874],[101.7972,13.4866],[101.7916,13.4928],[101.7875,13.5036],[101.7832,13.5097],[101.78,13.523],[101.7801,13.5284],[101.7831,13.5337],[101.7895,13.538],[101.7946,13.5318],[101.8104,13.5266],[101.8166,13.5195],[101.8211,13.5095],[101.8256,13.5067],[101.8352,13.5064],[101.8483,13.4943],[101.854,13.4832],[101.8597,13.4829],[101.8739,13.4908],[101.88,13.4893],[101.8892,13.4817],[101.9103,13.4783],[101.9289,13.491],[101.9305,13.4983],[101.9455,13.5081],[101.9518,13.5216],[101.9556,13.5217],[101.9657,13.5135],[101.9692,13.5084],[101.9726,13.493],[101.9686,13.4834],[101.9618,13.4804],[101.9586,13.4812],[101.9512,13.4885],[101.9465,13.4891],[101.9427,13.4816],[101.9459,13.4779],[101.9533,13.4766],[101.9549,13.4742],[101.9593,13.4764],[101.9619,13.4756],[101.9635,13.4711],[101.9606,13.4691],[101.9625,13.4686],[101.963,13.4663],[101.9667,13.4682],[101.9688,13.4662],[101.9666,13.4623],[101.9748,13.4503],[101.9749,13.4411],[101.9783,13.4371],[101.9791,13.4276],[101.9748,13.4239],[101.967,13.4234],[101.9661,13.4207],[101.9718,13.4111],[101.9723,13.406],[101.988,13.3966],[101.9884,13.3944],[101.9829,13.3868],[101.9831,13.3716],[101.9805,13.3652],[101.9818,13.3581],[101.9843,13.3534],[101.9899,13.3526],[102.0066,13.332],[102.0063,13.3299],[102.0033,13.3287],[102.005,13.3168],[102.0106,13.299],[102.013,13.2961],[102.0284,13.2942],[102.0342,13.2904],[102.0377,13.2814],[102.0351,13.2795],[102.0343,13.2637],[102.0381,13.2592],[102.036,13.2578],[102.0363,13.2561],[102.0396,13.2545],[102.0424,13.2417],[102.0392,13.2392],[102.0283,13.2367],[102.0261,13.2318],[102.0168,13.2354],[102.0191,13.2412],[102.0159,13.2413],[102.0167,13.2476],[102.015,13.2478],[102.0134,13.2452],[102.0046,13.2399],[101.9971,13.2388],[101.9954,13.2409],[101.9902,13.2427],[101.9771,13.2427],[101.9765,13.2396],[101.9727,13.2367]]]}},{"type":"Feature","properties":{"id":12667364,"name":"\u0e40\u0e02\u0e15\u0e23\u0e31\u0e01\u0e29\u0e32\u0e1e\u0e31\u0e19\u0e18\u0e38\u0e4c\u0e2a\u0e31\u0e15\u0e27\u0e4c\u0e1b\u0e48\u0e32\u0e04\u0e25\u0e2d\u0e07\u0e40\u0e04\u0e23\u0e37\u0e2d\u0e2b\u0e27\u0e32\u0e22\u0e40\u0e09\u0e25\u0e34\u0e21\u0e1e\u0e23\u0e30\u0e40\u0e01\u0e35\u0e22\u0e23\u0e15\u0e34","name_en":"Khlong Khruea Wai Chaloem Phra Kiat Wildlife Sanctuary","boundary":"protected_area","protect_class":"1a"},"geometry":{"type":"Polygon","coordinates":[[[102.2559,12.7978],[102.251,12.8074],[102.2483,12.817],[102.2456,12.8203],[102.2469,12.8252],[102.2495,12.8252],[102.2493,12.8348],[102.2466,12.8381],[102.2447,12.845],[102.2462,12.847],[102.2543,12.8475],[102.2551,12.849],[102.2514,12.8531],[102.2518,12.8547],[102.2598,12.856],[102.2602,12.829],[102.2553,12.829],[102.2556,12.8155],[102.2597,12.8065],[102.26,12.7989],[102.2559,12.7978]]]}},{"type":"Feature","properties":{"id":12667365,"name":"\u0e2d\u0e38\u0e17\u0e22\u0e32\u0e19\u0e41\u0e2b\u0e48\u0e07\u0e0a\u0e32\u0e15\u0e34\u0e19\u0e49\u0e33\u0e15\u0e01\u0e04\u0e25\u0e2d\u0e07\u0e41\u0e01\u0e49\u0e27","name_en":"Namtok Khlong Kaeo National Park","boundary":"national_park","protect_class":"2"},"geometry":{"type":"Polygon","coordinates":[[[102.5077,12.7524],[102.5052,12.7457],[102.5,12.7396],[102.5045,12.7319],[102.5023,12.7193],[102.5037,12.7146],[102.4973,12.7044],[102.4985,12.7023],[102.5072,12.697],[102.5098,12.6917],[102.5091,12.6866],[102.5051,12.6835],[102.5111,12.6699],[102.5137,12.6693],[102.5162,12.665],[102.5328,12.6533],[102.5395,12.652],[102.5456,12.6563],[102.5504,12.6559],[102.5524,12.6527],[102.5543,12.6526],[102.5668,12.658],[102.5716,12.6537],[102.5789,12.6538],[102.5811,12.6522],[102.5827,12.6448],[102.586,12.6439],[102.5881,12.6401],[102.5921,12.6386],[102.5931,12.6357],[102.5988,12.6303],[102.6062,12.628],[102.6069,12.6254],[102.617,12.6157],[102.6275,12.6148],[102.6293,12.6128],[102.6291,12.6101],[102.6433,12.612],[102.6453,12.6111],[102.6481,12.5993],[102.6469,12.596],[102.6444,12.5957],[102.6455,12.5899],[102.6444,12.5854],[102.6503,12.5827],[102.6622,12.5826],[102.6676,12.5734],[102.6679,12.5634],[102.6757,12.5595],[102.6851,12.5482],[102.6775,12.5432],[102.6779,12.5389],[102.6851,12.5378],[102.6919,12.5332],[102.693,12.5298],[102.6974,12.527],[102.6952,12.5243],[102.6951,12.521],[102.7043,12.5203],[102.7057,12.5174],[102.7047,12.5145],[102.7113,12.509],[102.716,12.5075],[102.7221,12.5125],[102.7285,12.5127],[102.7289,12.5096],[102.7233,12.5025],[102.7257,12.4959],[102.72,12.4912],[102.7203,12.4866],[102.7222,12.485],[102.7301,12.4904],[102.7338,12.4892],[102.7344,12.4868],[102.7403,12.482],[102.737,12.4747],[102.7366,12.4659],[102.7419,12.4655],[102.7439,12.4619],[102.7434,12.4595],[102.7463,12.4573],[102.75,12.4621],[102.7521,12.4613],[102.7539,12.4564],[102.7653,12.4569],[102.7694,12.4485],[102.7691,12.442],[102.7734,12.4354],[102.7765,12.435],[102.7787,12.4365],[102.7808,12.4351],[102.7818,12.4304],[102.7803,12.4274],[102.7738,12.4242],[102.7573,12.4268],[102.7549,12.4253],[102.7545,12.4229],[102.7524,12.4221],[102.7503,12.4237],[102.7493,12.4208],[102.7476,12.4192],[102.7458,12.4198],[102.7418,12.4144],[102.7374,12.4121],[102.7358,12.4134],[102.7343,12.4126],[102.7335,12.4098],[102.7267,12.4105],[102.7244,12.412],[102.7239,12.4403],[102.7149,12.4403],[102.7146,12.4675],[102.6959,12.4673],[102.696,12.4765],[102.6912,12.4784],[102.6927,12.4815],[102.6891,12.4874],[102.6842,12.4877],[102.6769,12.4809],[102.6741,12.4804],[102.6706,12.4835],[102.6711,12.4871],[102.6667,12.492],[102.6637,12.4908],[102.654,12.4921],[102.6462,12.4891],[102.6399,12.4821],[102.6305,12.487],[102.6364,12.4961],[102.6353,12.4975],[102.6409,12.501],[102.6396,12.5103],[102.6365,12.5117],[102.6359,12.519],[102.6417,12.5244],[102.6351,12.5336],[102.6427,12.5412],[102.6396,12.5428],[102.6403,12.5465],[102.6386,12.5487],[102.6337,12.5488],[102.6282,12.5529],[102.6301,12.5598],[102.6224,12.5677],[102.6206,12.5662],[102.6235,12.5627],[102.6235,12.5565],[102.6174,12.5539],[102.6105,12.5531],[102.6064,12.5545],[102.6028,12.5626],[102.6041,12.564],[102.6009,12.5634],[102.5976,12.566],[102.5919,12.5592],[102.5868,12.5597],[102.584,12.5578],[102.5772,12.5596],[102.5724,12.5654],[102.5721,12.5728],[102.574,12.5731],[102.5689,12.5792],[102.5694,12.5828],[102.5731,12.5863],[102.5792,12.5868],[102.5799,12.5829],[102.5827,12.5806],[102.5907,12.5829],[102.5915,12.5858],[102.6044,12.5851],[102.6048,12.5882],[102.6012,12.5902],[102.6014,12.5947],[102.6054,12.5941],[102.6067,12.5973],[102.6024,12.602],[102.5942,12.6068],[102.5852,12.6006],[102.5803,12.6045],[102.5745,12.6164],[102.5749,12.6197],[102.5669,12.6218],[102.5639,12.624],[102.5642,12.6272],[102.5527,12.6348],[102.5522,12.6333],[102.5499,12.633],[102.539,12.635],[102.5336,12.6341],[102.5296,12.6382],[102.5274,12.6369],[102.5135,12.6381],[102.5078,12.6442],[102.5075,12.6465],[102.5049,12.6454],[102.5037,12.6524],[102.5013,12.6515],[102.4991,12.6543],[102.5006,12.6552],[102.5,12.6569],[102.5035,12.6584],[102.4998,12.6622],[102.4945,12.664],[102.4926,12.6667],[102.4926,12.6702],[102.4944,12.6723],[102.4902,12.6735],[102.49,12.6836],[102.4836,12.6895],[102.4801,12.6899],[102.4796,12.6922],[102.4809,12.693],[102.4793,12.6988],[102.4761,12.698],[102.4746,12.6947],[102.4685,12.6943],[102.4663,12.6987],[102.473,12.7027],[102.4736,12.7073],[102.4794,12.712],[102.479,12.7155],[102.4821,12.7212],[102.4843,12.72],[102.486,12.722],[102.4798,12.7238],[102.473,12.7206],[102.4715,12.7247],[102.475,12.7277],[102.4746,12.7294],[102.4699,12.7298],[102.4689,12.7344],[102.4758,12.7365],[102.4808,12.7458],[102.4889,12.752],[102.4912,12.7572],[102.4989,12.7565],[102.5077,12.7524]]]}},{"type":"Feature","properties":{"id":12667366,"name":"\u0e40\u0e02\u0e15\u0e2b\u0e49\u0e32\u0e21\u0e25\u0e48\u0e32\u0e2a\u0e31\u0e15\u0e27\u0e4c\u0e1b\u0e48\u0e32\u0e04\u0e38\u0e49\u0e07\u0e01\u0e23\u0e30\u0e40\u0e1a\u0e19","name_en":"Khung Kraben Non-Hunting Area","boundary":"protected_area","protect_class":"4"},"geometry":{"type":"Polygon","coordinates":[[[101.921,12.5595],[101.9187,12.5611],[101.916,12.5679],[101.9187,12.5781],[101.9163,12.5853],[101.9205,12.5928],[101.9221,12.5926],[101.9226,12.5908],[101.9247,12.5933],[101.9286,12.5863],[101.9259,12.5826],[101.9262,12.5804],[101.927,12.5791],[101.9339,12.5789],[101.935,12.577],[101.933,12.5757],[101.9355,12.5727],[101.9342,12.5708],[101.9374,12.571],[101.9375,12.5696],[101.9315,12.5667],[101.9275,12.5674],[101.9312,12.5594],[101.9301,12.5559],[101.921,12.5595]]]}},{"type":"Feature","properties":{"id":12670595,"name":"\u0e40\u0e02\u0e15\u0e23\u0e31\u0e01\u0e29\u0e32\u0e1e\u0e31\u0e19\u0e18\u0e38\u0e4c\u0e2a\u0e31\u0e15\u0e27\u0e4c\u0e1b\u0e48\u0e32\u0e1a\u0e38\u0e13\u0e11\u0e23\u0e34\u0e01-\u0e22\u0e2d\u0e14\u0e21\u0e19","name_en":"Buntharik-Yot Mon Wildlife Sanctuary","boundary":"protected_area","protect_class":"1a"},"geometry":{"type":"Polygon","coordinates":[[[105.6242,14.9757],[105.6181,14.9723],[105.6119,14.9732],[105.6066,14.9713],[105.6036,14.965],[105.5947,14.9621],[105.5923,14.9555],[105.5846,14.946],[105.5832,14.9413],[105.5695,14.9505],[105.5691,14.9541],[105.5672,14.9557],[105.5611,14.9543],[105.5566,14.9561],[105.553,14.9522],[105.5519,14.9467],[105.5531,14.9417],[105.5475,14.9285],[105.5453,14.9264],[105.5514,14.923],[105.5582,14.9241],[105.5642,14.9109],[105.5767,14.8972],[105.58,14.8789],[105.5705,14.8811],[105.5588,14.876],[105.5492,14.8749],[105.5472,14.8706],[105.5429,14.8669],[105.5427,14.8623],[105.5468,14.8584],[105.5514,14.8455],[105.5584,14.8425],[105.5599,14.8396],[105.5559,14.8391],[105.5537,14.8351],[105.5431,14.8299],[105.5371,14.8195],[105.5228,14.825],[105.5193,14.8231],[105.517,14.8088],[105.5112,14.7991],[105.5131,14.7968],[105.5202,14.7947],[105.5152,14.7913],[105.525,14.7841],[105.5251,14.7824],[105.5204,14.7772],[105.5154,14.7754],[105.5141,14.7734],[105.5124,14.7657],[105.5175,14.7624],[105.5126,14.7532],[105.5157,14.7505],[105.5212,14.7491],[105.5263,14.743],[105.531,14.74],[105.541,14.7402],[105.5437,14.7387],[105.5466,14.7314],[105.5301,14.7307],[105.5199,14.7271],[105.522,14.719],[105.5206,14.7141],[105.5242,14.7101],[105.5248,14.7041],[105.5236,14.7007],[105.5181,14.6997],[105.5152,14.6963],[105.5171,14.6909],[105.5206,14.689],[105.5275,14.6794],[105.5164,14.6663],[105.5162,14.6592],[105.5193,14.6547],[105.5175,14.6521],[105.5282,14.6472],[105.5305,14.6404],[105.5245,14.6331],[105.5299,14.6232],[105.5374,14.623],[105.5423,14.6198],[105.5369,14.6141],[105.5096,14.6138],[105.503,14.6189],[105.4955,14.6182],[105.4881,14.6149],[105.482,14.6167],[105.4806,14.6185],[105.4655,14.6149],[105.4625,14.6166],[105.4561,14.6151],[105.4554,14.62],[105.4531,14.6199],[105.4514,14.622],[105.4499,14.6288],[105.447,14.6292],[105.4474,14.6313],[105.4419,14.6389],[105.4428,14.6411],[105.4487,14.6426],[105.4448,14.6499],[105.4413,14.6478],[105.4379,14.6483],[105.4319,14.6525],[105.4319,14.6613],[105.4297,14.6674],[105.4383,14.6606],[105.4383,14.6639],[105.4406,14.6662],[105.4357,14.6675],[105.4365,14.6716],[105.4431,14.678],[105.4488,14.6798],[105.4506,14.6844],[105.4558,14.6886],[105.4562,14.6905],[105.4663,14.6918],[105.4702,14.6899],[105.47,14.6873],[105.4732,14.688],[105.4779,14.6855],[105.4812,14.691],[105.4842,14.7053],[105.4759,14.7053],[105.4761,14.7148],[105.472,14.7167],[105.4729,14.7188],[105.4758,14.7189],[105.4795,14.7315],[105.49,14.7315],[105.4902,14.7587],[105.4838,14.7631],[105.4796,14.7633],[105.4807,14.7755],[105.4776,14.7748],[105.4782,14.7798],[105.4769,14.7829],[105.4869,14.7826],[105.4868,14.787],[105.4887,14.7897],[105.4871,14.7925],[105.4835,14.7923],[105.4836,14.8024],[105.4798,14.8062],[105.4863,14.8096],[105.4862,14.8368],[105.5035,14.8546],[105.5031,14.8603],[105.5054,14.861],[105.5053,14.8635],[105.5005,14.8673],[105.5055,14.8712],[105.5062,14.8782],[105.5017,14.8798],[105.4982,14.8835],[105.4982,14.8886],[105.4959,14.8922],[105.4996,14.9013],[105.4944,14.9093],[105.4998,14.9178],[105.496,14.9245],[105.4877,14.924],[105.4816,14.928],[105.4781,14.9272],[105.4775,14.9286],[105.4772,14.9315],[105.4794,14.9316],[105.4792,14.9335],[105.4825,14.9334],[105.4816,14.9342],[105.4889,14.9386],[105.489,14.9402],[105.4924,14.9409],[105.4896,14.944],[105.4853,14.9446],[105.4834,14.9477],[105.4801,14.9465],[105.4778,14.9533],[105.4837,14.9535],[105.487,14.9652],[105.4825,14.9702],[105.4808,14.9656],[105.4778,14.9673],[105.477,14.9765],[105.4721,14.9805],[105.4732,14.9836],[105.4716,14.9864],[105.4719,14.9888],[105.4778,14.9893],[105.4778,14.9904],[105.4648,14.9929],[105.4649,14.9987],[105.4689,14.9978],[105.4762,14.9998],[105.478,14.9975],[105.4865,14.9935],[105.4883,14.9948],[105.4893,15.001],[105.4885,15.0025],[105.4841,15.0027],[105.482,15.006],[105.4854,15.0136],[105.4819,15.015],[105.4825,15.018],[105.4809,15.0209],[105.4835,15.023],[105.4865,15.0205],[105.4859,15.0257],[105.483,15.0254],[105.4785,15.0336],[105.4797,15.0437],[105.4756,15.0476],[105.4745,15.0511],[105.4766,15.0567],[105.4744,15.0576],[105.4725,15.0628],[105.467,15.0658],[105.4816,15.0684],[105.4953,15.0638],[105.5037,15.0683],[105.5061,15.0731],[105.5063,15.0807],[105.5147,15.0851],[105.5162,15.0826],[105.5136,15.0779],[105.5134,15.0634],[105.5197,15.0647],[105.5269,15.0621],[105.5327,15.0654],[105.537,15.0635],[105.54,15.0688],[105.5442,15.0683],[105.5481,15.0638],[105.5532,15.0647],[105.5551,15.0624],[105.555,15.0545],[105.5519,15.0473],[105.5469,15.0447],[105.547,15.0384],[105.5521,15.0307],[105.5571,15.0289],[105.5644,15.0294],[105.5653,15.0239],[105.5719,15.0214],[105.5741,15.0159],[105.5726,15.0128],[105.5728,15.0062],[105.574,15.005],[105.5731,15.0008],[105.5748,14.9983],[105.5831,14.9987],[105.6062,14.993],[105.6134,14.9838],[105.6193,14.9798],[105.621,14.9763],[105.6242,14.9757]],[[105.5105,14.9619],[105.5035,14.9625],[105.4984,14.9666],[105.4978,14.9693],[105.5017,14.9722],[105.4993,14.9784],[105.5023,14.9791],[105.5036,14.9836],[105.5009,14.9886],[105.4964,14.992],[105.4967,14.9942],[105.5069,14.9869],[105.5056,14.9799],[105.5069,14.9797],[105.5097,14.9843],[105.5098,14.9872],[105.5078,14.9889],[105.5115,14.9909],[105.517,14.9904],[105.5236,14.9936],[105.5264,14.9917],[105.5336,14.9961],[105.5391,14.9906],[105.5457,14.9774],[105.5352,14.9707],[105.5329,14.9667],[105.5264,14.9666],[105.5176,14.969],[105.5105,14.9619]]]}},{"type":"Feature","properties":{"id":12670596,"name":"\u0e40\u0e02\u0e15\u0e23\u0e31\u0e01\u0e29\u0e32\u0e1e\u0e31\u0e19\u0e18\u0e38\u0e4c\u0e2a\u0e31\u0e15\u0e27\u0e4c\u0e1b\u0e48\u0e32\u0e22\u0e2d\u0e14\u0e42\u0e14\u0e21","name_en":"Yot Dom Wildlife Sanctuary","boundary":"protected_area","protect_class":"1a"},"geometry":{"type":"Polygon","coordinates":[[[104.9747,14.4518],[104.9719,14.4438],[104.9738,14.4412],[104.9734,14.4361],[104.9751,14.4336],[104.9729,14.4279],[104.9755,14.4223],[104.9732,14.4152],[104.9719,14.4013],[104.9783,14.4003],[104.9828,14.3973],[104.9832,14.3921],[104.9868,14.3863],[104.9872,14.3822],[104.991,14.3785],[104.9944,14.3797],[104.995,14.3737],[105.0026,14.3632],[104.9986,14.3507],[104.9927,14.3431],[104.9932,14.3275],[104.9915,14.3223],[104.9853,14.3202],[104.9845,14.3183],[104.9911,14.3113],[105.0028,14.3027],[105.005,14.2908],[105.0154,14.2767],[105.0154,14.2726],[105.0201,14.2639],[105.0266,14.2648],[105.0209,14.2514],[105.0228,14.2413],[105.0268,14.2377],[105.0315,14.2379],[105.0321,14.2343],[105.0367,14.2305],[105.0462,14.2272],[105.0482,14.2181],[105.0514,14.2144],[105.0766,14.2131],[105.0825,14.2096],[105.0859,14.2103],[105.0934,14.2158],[105.1025,14.2131],[105.1091,14.2142],[105.1121,14.2171],[105.1106,14.2266],[105.1021,14.2307],[105.0972,14.2351],[105.0914,14.2335],[105.0788,14.2444],[105.0805,14.2485],[105.0778,14.2516],[105.0781,14.2566],[105.0825,14.2631],[105.0768,14.2755],[105.0772,14.2783],[105.0687,14.291],[105.0726,14.2933],[105.0756,14.3016],[105.0737,14.3072],[105.0747,14.311],[105.0723,14.314],[105.0752,14.3215],[105.0773,14.3226],[105.0742,14.3276],[105.0745,14.3375],[105.0847,14.3505],[105.0843,14.3539],[105.0898,14.3594],[105.0883,14.3666],[105.0906,14.3728],[105.0975,14.381],[105.0941,14.3907],[105.1007,14.3991],[105.1007,14.4015],[105.1057,14.409],[105.1049,14.4107],[105.0977,14.4108],[105.0973,14.4145],[105.0896,14.416],[105.0862,14.4185],[105.0835,14.4229],[105.0829,14.4286],[105.0812,14.4298],[105.064,14.4293],[105.0611,14.4393],[105.0465,14.4394],[105.0465,14.4365],[105.0434,14.4365],[105.0388,14.4427],[105.0373,14.4417],[105.037,14.4381],[105.0219,14.4492],[105.0154,14.4482],[105.0133,14.45],[105.0146,14.4519],[105.0101,14.4536],[105.0079,14.4526],[105.0008,14.4564],[104.9956,14.4553],[104.9923,14.4508],[104.9919,14.4565],[104.9873,14.4586],[104.9805,14.4528],[104.9766,14.4538],[104.9747,14.4518]]]}},{"type":"Feature","properties":{"id":12670597,"name":"\u0e40\u0e02\u0e15\u0e23\u0e31\u0e01\u0e29\u0e32\u0e1e\u0e31\u0e19\u0e18\u0e38\u0e4c\u0e2a\u0e31\u0e15\u0e27\u0e4c\u0e1b\u0e48\u0e32\u0e1e\u0e19\u0e21\u0e14\u0e07\u0e23\u0e31\u0e01","name_en":"Phanom Dong Rak Wildlife Sanctuary","boundary":"protected_area","protect_class":"1a"},"geometry":{"type":"Polygon","coordinates":[[[104.3586,14.4315],[104.3575,14.4304],[104.3582,14.4223],[104.3524,14.4122],[104.3548,14.4097],[104.3534,14.4046],[104.3549,14.4039],[104.3505,14.3848],[104.3494,14.3732],[104.3505,14.3682],[104.3565,14.3696],[104.3614,14.374],[104.3694,14.3759],[104.3762,14.3836],[104.3783,14.3779],[104.3832,14.3752],[104.3858,14.3718],[104.3983,14.3746],[104.4044,14.3662],[104.4069,14.3662],[104.4148,14.3719],[104.4263,14.368],[104.4326,14.3599],[104.4373,14.3578],[104.4424,14.359],[104.4503,14.3567],[104.4557,14.3604],[104.4611,14.3602],[104.4641,14.356],[104.4612,14.3472],[104.4652,14.3452],[104.4716,14.3469],[104.4784,14.352],[104.4786,14.3553],[104.476,14.3599],[104.4799,14.3649],[104.485,14.369],[104.5001,14.3763],[104.5148,14.371],[104.5246,14.3609],[104.5305,14.3594],[104.5352,14.3556],[104.5451,14.357],[104.553,14.3541],[104.5645,14.354],[104.5693,14.3605],[104.5766,14.3582],[104.5802,14.3593],[104.5784,14.3737],[104.5794,14.3753],[104.5894,14.3814],[104.6023,14.3963],[104.6139,14.3984],[104.6267,14.4076],[104.6409,14.4232],[104.6516,14.4226],[104.6561,14.4119],[104.653,14.4084],[104.6538,14.4067],[104.6593,14.4006],[104.666,14.4024],[104.6659,14.4133],[104.6703,14.4284],[104.6757,14.4368],[104.6782,14.4378],[104.6841,14.4504],[104.692,14.4553],[104.6934,14.4577],[104.6926,14.466],[104.6974,14.4703],[104.6989,14.4753],[104.5484,14.4752],[104.5396,14.4798],[104.5385,14.4773],[104.5342,14.475],[104.5355,14.4719],[104.5343,14.4674],[104.531,14.4682],[104.5297,14.4669],[104.5306,14.4657],[104.5231,14.4647],[104.5217,14.4608],[104.5206,14.4612],[104.5218,14.4581],[104.5185,14.4574],[104.5158,14.4534],[104.513,14.4551],[104.51,14.4531],[104.5123,14.4489],[104.4978,14.4426],[104.4933,14.4438],[104.4874,14.4416],[104.4892,14.436],[104.4864,14.4296],[104.4638,14.4284],[104.458,14.424],[104.4521,14.4122],[104.4434,14.4187],[104.4483,14.425],[104.4481,14.4332],[104.4432,14.4413],[104.4431,14.452],[104.4397,14.4576],[104.441,14.4702],[104.4351,14.4752],[104.4242,14.4792],[104.4139,14.481],[104.4073,14.4786],[104.3997,14.4705],[104.3963,14.4594],[104.3987,14.4435],[104.3875,14.4471],[104.3796,14.455],[104.3763,14.4494],[104.3723,14.4336],[104.368,14.4294],[104.3628,14.4289],[104.3586,14.4315]]]}},{"type":"Feature","properties":{"id":12670598,"name":"\u0e40\u0e02\u0e15\u0e23\u0e31\u0e01\u0e29\u0e32\u0e1e\u0e31\u0e19\u0e18\u0e38\u0e4c\u0e2a\u0e31\u0e15\u0e27\u0e4c\u0e1b\u0e48\u0e32\u0e2b\u0e49\u0e27\u0e22\u0e28\u0e32\u0e25\u0e32","name_en":"Huai Sala Wildlife Sanctuary","boundary":"protected_area","protect_class":"1a"},"geometry":{"type":"Polygon","coordinates":[[[104.0974,14.3611],[104.0922,14.3646],[104.0937,14.3698],[104.088,14.372],[104.0817,14.3696],[104.0694,14.3724],[104.0664,14.3809],[104.0674,14.3917],[104.0639,14.3986],[104.064,14.4056],[104.0696,14.4154],[104.0664,14.4185],[104.0661,14.4229],[104.0687,14.4226],[104.0708,14.418],[104.0755,14.4184],[104.0725,14.4218],[104.0722,14.4283],[104.0816,14.4381],[104.0816,14.441],[104.079,14.4425],[104.0777,14.4464],[104.0955,14.4466],[104.0986,14.4445],[104.0996,14.447],[104.1214,14.4466],[104.1261,14.4424],[104.1258,14.4468],[104.1426,14.4467],[104.1424,14.474],[104.1475,14.4702],[104.1482,14.4725],[104.1531,14.4735],[104.154,14.467],[104.16,14.4737],[104.1658,14.4775],[104.1753,14.4786],[104.1756,14.4814],[104.1672,14.4865],[104.1684,14.4912],[104.1703,14.4922],[104.1703,14.4893],[104.1768,14.489],[104.177,14.4873],[104.1794,14.4873],[104.1794,14.483],[104.1827,14.4831],[104.1912,14.4924],[104.193,14.4922],[104.1968,14.4839],[104.2022,14.4789],[104.2124,14.477],[104.2167,14.4831],[104.2261,14.4833],[104.2263,14.4855],[104.2283,14.4864],[104.2249,14.4925],[104.2243,14.4993],[104.2285,14.4971],[104.2333,14.4982],[104.2332,14.5124],[104.2356,14.5118],[104.2373,14.5141],[104.2394,14.5143],[104.2531,14.5089],[104.2597,14.5133],[104.2645,14.5144],[104.2661,14.5165],[104.2662,14.5219],[104.2726,14.524],[104.2753,14.5195],[104.2761,14.5264],[104.2871,14.5332],[104.2916,14.5378],[104.2962,14.5387],[104.2915,14.5456],[104.2933,14.5485],[104.3004,14.5457],[104.3014,14.5415],[104.3048,14.5394],[104.3053,14.5365],[104.3083,14.5389],[104.3101,14.5382],[104.3142,14.5288],[104.3275,14.5271],[104.3278,14.5284],[104.3326,14.5299],[104.3386,14.53],[104.3435,14.5286],[104.3418,14.5251],[104.3473,14.5241],[104.354,14.528],[104.3576,14.5258],[104.3416,14.5081],[104.3279,14.4958],[104.328,14.4745],[104.3558,14.4744],[104.356,14.4654],[104.3659,14.4655],[104.3593,14.4594],[104.357,14.453],[104.3598,14.4501],[104.3566,14.444],[104.3613,14.4361],[104.3575,14.4304],[104.3582,14.4223],[104.3524,14.4122],[104.3548,14.4097],[104.3534,14.4046],[104.3549,14.4039],[104.3505,14.3848],[104.3494,14.3732],[104.3505,14.3682],[104.3392,14.3689],[104.3339,14.3722],[104.33,14.3707],[104.3217,14.3739],[104.3193,14.3783],[104.3139,14.3823],[104.3072,14.3828],[104.2916,14.3997],[104.286,14.3995],[104.2789,14.4072],[104.2754,14.4085],[104.268,14.401],[104.2603,14.3996],[104.2582,14.3948],[104.2521,14.3915],[104.2529,14.386],[104.2492,14.3793],[104.2454,14.376],[104.2189,14.3677],[104.209,14.3692],[104.1982,14.3838],[104.1946,14.3818],[104.188,14.3849],[104.1709,14.3763],[104.1749,14.3707],[104.171,14.3654],[104.1716,14.3589],[104.1705,14.3582],[104.1682,14.3589],[104.1454,14.3546],[104.1398,14.3559],[104.1367,14.359],[104.1399,14.366],[104.138,14.3729],[104.1318,14.376],[104.122,14.374],[104.1094,14.3786],[104.1077,14.3777],[104.1063,14.3702],[104.0988,14.3672],[104.0974,14.3611]]]}},{"type":"Feature","properties":{"id":12670599,"name":"\u0e40\u0e02\u0e15\u0e2b\u0e49\u0e32\u0e21\u0e25\u0e48\u0e32\u0e2a\u0e31\u0e15\u0e27\u0e4c\u0e1b\u0e48\u0e32\u0e25\u0e33\u0e19\u0e32\u0e07\u0e23\u0e2d\u0e07","name_en":"Lam Nang Rong Non-Hunting Area","boundary":"protected_area","protect_class":"4"},"geometry":{"type":"Polygon","coordinates":[[[102.7792,14.2312],[102.7825,14.2214],[102.7904,14.2301],[102.8001,14.2302],[102.7998,14.2531],[102.7965,14.2561],[102.7968,14.2589],[102.7997,14.2595],[102.8027,14.2635],[102.8057,14.2645],[102.8059,14.2819],[102.8022,14.2829],[102.8019,14.2901],[102.7986,14.2914],[102.7888,14.2899],[102.7762,14.2945],[102.7762,14.2931],[102.7866,14.2887],[102.788,14.2898],[102.7924,14.2851],[102.7894,14.285],[102.7885,14.2826],[102.7911,14.2814],[102.7912,14.2751],[102.7886,14.2742],[102.7877,14.2706],[102.7789,14.2683],[102.7763,14.2652],[102.7776,14.2608],[102.789,14.2612],[102.7898,14.2589],[102.7927,14.259],[102.7921,14.2557],[102.7795,14.2533],[102.7803,14.2505],[102.7849,14.2484],[102.7839,14.2438],[102.78,14.2397],[102.7805,14.2319],[102.7792,14.2312]]]}},{"type":"Feature","properties":{"id":12695293,"name":"\u0e2d\u0e38\u0e17\u0e22\u0e32\u0e19\u0e41\u0e2b\u0e48\u0e07\u0e0a\u0e32\u0e15\u0e34\u0e41\u0e01\u0e48\u0e07\u0e15\u0e30\u0e19\u0e30","name_en":"Kaeng Tana National Park","boundary":"national_park","protect_class":"2"},"geometry":{"type":"Polygon","coordinates":[[[105.5755,15.3252],[105.5795,15.318],[105.5849,15.3145],[105.5823,15.309],[105.5822,15.3045],[105.586,15.2877],[105.5916,15.2782],[105.5924,15.2738],[105.5802,15.2589],[105.5754,15.2585],[105.5605,15.2622],[105.5548,15.2561],[105.557,15.2491],[105.5482,15.2532],[105.5398,15.2521],[105.5341,15.244],[105.5311,15.2442],[105.5309,15.2417],[105.5217,15.2314],[105.5115,15.2376],[105.506,15.2389],[105.5042,15.2482],[105.5078,15.2536],[105.5095,15.2606],[105.5116,15.2614],[105.508,15.2656],[105.507,15.2699],[105.5008,15.2722],[105.5008,15.2738],[105.4977,15.2745],[105.4963,15.2771],[105.4907,15.2713],[105.4885,15.2734],[105.4861,15.272],[105.4834,15.258],[105.4866,15.2544],[105.4885,15.2482],[105.501,15.2431],[105.4988,15.2421],[105.4944,15.2412],[105.4942,15.2423],[105.4899,15.2401],[105.4865,15.2419],[105.4871,15.2458],[105.4853,15.2502],[105.474,15.2559],[105.4704,15.2639],[105.4688,15.2644],[105.4697,15.2669],[105.4644,15.2681],[105.4686,15.2744],[105.4702,15.2804],[105.4679,15.293],[105.4643,15.2948],[105.4645,15.3034],[105.4656,15.3012],[105.4673,15.304],[105.4721,15.3064],[105.4773,15.3004],[105.4849,15.2997],[105.4931,15.3069],[105.4931,15.3],[105.495,15.2988],[105.4968,15.3108],[105.5069,15.3126],[105.5144,15.3172],[105.5175,15.3161],[105.5202,15.3118],[105.5221,15.3141],[105.5205,15.3183],[105.5231,15.3207],[105.5433,15.3231],[105.5498,15.3171],[105.5542,15.3162],[105.5541,15.3127],[105.5581,15.3134],[105.5622,15.3208],[105.5755,15.3252]]]}},{"type":"Feature","properties":{"id":12695294,"name":"\u0e27\u0e19\u0e2d\u0e38\u0e17\u0e22\u0e32\u0e19\u0e20\u0e39\u0e2a\u0e34\u0e07\u0e2b\u0e4c-\u0e20\u0e39\u0e1c\u0e32\u0e1c\u0e36\u0e49\u0e07","name_en":"Phu Sing-Phu Pha Phueng Forest Park","boundary":"protected_area","protect_class":"3"},"geometry":{"type":"Polygon","coordinates":[[[104.7699,15.8821],[104.7608,15.8856],[104.7624,15.8889],[104.7591,15.8899],[104.7624,15.8936],[104.7563,15.8974],[104.7669,15.9108],[104.7688,15.912],[104.7721,15.9111],[104.7754,15.9048],[104.7812,15.9048],[104.7821,15.9059],[104.78,15.9104],[104.7833,15.9181],[104.7973,15.9185],[104.8024,15.9128],[104.8087,15.9117],[104.8053,15.9137],[104.8133,15.9183],[104.8146,15.9208],[104.8165,15.9183],[104.8206,15.9185],[104.8223,15.9144],[104.8238,15.9151],[104.8223,15.9185],[104.8243,15.9191],[104.8246,15.9224],[104.8226,15.9243],[104.8255,15.9258],[104.8285,15.9232],[104.8256,15.9148],[104.822,15.9117],[104.8208,15.9078],[104.8219,15.9048],[104.8193,15.9028],[104.817,15.9032],[104.8139,15.9067],[104.8137,15.9023],[104.8087,15.9009],[104.8053,15.8964],[104.8036,15.9001],[104.7993,15.8992],[104.7975,15.8954],[104.7964,15.8966],[104.7942,15.8954],[104.7961,15.894],[104.7922,15.8899],[104.788,15.8901],[104.7871,15.8887],[104.7834,15.8913],[104.7846,15.888],[104.7815,15.8922],[104.7816,15.8951],[104.7785,15.8928],[104.7807,15.891],[104.7818,15.8859],[104.773,15.8871],[104.7699,15.8821]]]}},{"type":"Feature","properties":{"id":12695295,"name":"\u0e40\u0e02\u0e15\u0e2b\u0e49\u0e32\u0e21\u0e25\u0e48\u0e32\u0e2a\u0e31\u0e15\u0e27\u0e4c\u0e1b\u0e48\u0e32\u0e16\u0e49\u0e33\u0e1c\u0e32\u0e19\u0e49\u0e33\u0e17\u0e34\u0e1e\u0e22\u0e4c","name_en":"Tham Pha Nam Thip Non-Hunting Area","boundary":"protected_area","protect_class":"4"},"geometry":{"type":"Polygon","coordinates":[[[104.2244,16.4466],[104.2195,16.4474],[104.2204,16.4509],[104.2171,16.4522],[104.2173,16.459],[104.2123,16.4616],[104.2112,16.4688],[104.2058,16.4658],[104.2064,16.4626],[104.204,16.4619],[104.2064,16.4571],[104.2015,16.4563],[104.1962,16.4619],[104.1967,16.4716],[104.2028,16.4769],[104.2015,16.4835],[104.1954,16.4839],[104.1959,16.4747],[104.1887,16.4816],[104.1894,16.4855],[104.187,16.4861],[104.1857,16.4841],[104.1774,16.4939],[104.1799,16.4947],[104.182,16.4922],[104.1856,16.4956],[104.1902,16.4923],[104.198,16.4962],[104.2163,16.4992],[104.2215,16.4905],[104.22,16.483],[104.2184,16.4821],[104.2203,16.4794],[104.2234,16.48],[104.225,16.4779],[104.223,16.4771],[104.2264,16.4729],[104.2233,16.4721],[104.2321,16.4643],[104.2448,16.4592],[104.2454,16.4521],[104.2473,16.4495],[104.2466,16.4425],[104.2472,16.4401],[104.2505,16.4386],[104.2535,16.4417],[104.2633,16.4452],[104.2685,16.4493],[104.2784,16.4511],[104.2845,16.4645],[104.2851,16.4754],[104.2867,16.4795],[104.2856,16.491],[104.2941,16.491],[104.3013,16.4814],[104.2984,16.4786],[104.305,16.4715],[104.3108,16.4679],[104.3212,16.4704],[104.337,16.4697],[104.3373,16.4638],[104.3403,16.4611],[104.3413,16.4552],[104.3513,16.4491],[104.3597,16.4487],[104.362,16.4468],[104.3612,16.4447],[104.3554,16.4417],[104.3605,16.4374],[104.3648,16.4405],[104.3869,16.4387],[104.4002,16.443],[104.405,16.4482],[104.4218,16.4513],[104.4429,16.4414],[104.4411,16.4349],[104.4469,16.4363],[104.4496,16.4327],[104.4519,16.4331],[104.4478,16.4405],[104.4545,16.4393],[104.4538,16.4433],[104.4557,16.4475],[104.4602,16.447],[104.4599,16.4486],[104.4624,16.4501],[104.4626,16.4542],[104.4693,16.4553],[104.4724,16.4544],[104.4703,16.4523],[104.4715,16.4469],[104.4774,16.4491],[104.4785,16.4516],[104.4825,16.451],[104.4857,16.4456],[104.4886,16.4473],[104.4909,16.446],[104.492,16.4432],[104.5105,16.445],[104.5125,16.4427],[104.5048,16.4298],[104.5041,16.4241],[104.5062,16.4176],[104.5049,16.4138],[104.5009,16.4098],[104.4957,16.409],[104.4945,16.4123],[104.489,16.4149],[104.4843,16.4147],[104.4809,16.4127],[104.4787,16.4146],[104.473,16.4122],[104.4693,16.4154],[104.4635,16.4159],[104.4629,16.4176],[104.4556,16.4174],[104.4516,16.4193],[104.4481,16.4168],[104.444,16.4183],[104.4425,16.416],[104.4357,16.4143],[104.432,16.415],[104.4317,16.4123],[104.4266,16.4123],[104.4251,16.4106],[104.4147,16.4102],[104.4164,16.4043],[104.4138,16.4036],[104.3995,16.4089],[104.3977,16.4123],[104.3933,16.4116],[104.3902,16.4139],[104.3885,16.4219],[104.3856,16.4223],[104.3853,16.4193],[104.3826,16.4187],[104.3823,16.4172],[104.3851,16.4105],[104.3817,16.4075],[104.3707,16.4101],[104.3652,16.4089],[104.3652,16.4061],[104.3631,16.4042],[104.3559,16.4151],[104.347,16.436],[104.3424,16.4424],[104.3425,16.447],[104.3362,16.4511],[104.3293,16.4523],[104.3238,16.4558],[104.3225,16.455],[104.3238,16.4516],[104.3228,16.4504],[104.3181,16.4509],[104.3158,16.4483],[104.3184,16.4438],[104.3231,16.4429],[104.3233,16.4369],[104.3202,16.4353],[104.3197,16.4332],[104.3263,16.4264],[104.3291,16.4274],[104.3297,16.4261],[104.3247,16.4186],[104.3222,16.4077],[104.3239,16.4032],[104.3304,16.3977],[104.3331,16.3976],[104.3346,16.3928],[104.332,16.3889],[104.324,16.3873],[104.3272,16.3651],[104.332,16.3747],[104.3369,16.3759],[104.3431,16.3742],[104.3438,16.3689],[104.3419,16.3564],[104.3382,16.3519],[104.3358,16.3383],[104.3287,16.3346],[104.3206,16.3263],[104.3033,16.3215],[104.3008,16.3305],[104.2988,16.3327],[104.2951,16.3332],[104.2891,16.3455],[104.2914,16.3467],[104.2984,16.341],[104.3032,16.3415],[104.3044,16.3479],[104.2998,16.3518],[104.2996,16.3548],[104.3029,16.3562],[104.308,16.3551],[104.3123,16.3519],[104.3133,16.3529],[104.31,16.3579],[104.3063,16.3602],[104.3078,16.363],[104.3066,16.3639],[104.3008,16.3596],[104.2968,16.3607],[104.2983,16.3627],[104.2972,16.3656],[104.3013,16.3691],[104.3003,16.3704],[104.2973,16.3694],[104.2941,16.3727],[104.2789,16.368],[104.2766,16.3694],[104.2763,16.3731],[104.2706,16.3799],[104.2794,16.3839],[104.2849,16.3787],[104.2927,16.379],[104.2952,16.3818],[104.2994,16.382],[104.3015,16.3864],[104.295,16.385],[104.2877,16.3857],[104.2838,16.3896],[104.2776,16.3889],[104.2832,16.3935],[104.2833,16.3955],[104.2814,16.3964],[104.2788,16.3945],[104.2739,16.3951],[104.2744,16.3913],[104.2673,16.3887],[104.2657,16.3929],[104.2715,16.3995],[104.2737,16.4057],[104.2633,16.4041],[104.2635,16.4011],[104.2623,16.4009],[104.2606,16.4023],[104.2623,16.4069],[104.26,16.4083],[104.2598,16.4102],[104.2617,16.4122],[104.2594,16.4146],[104.2561,16.4109],[104.2485,16.4174],[104.2467,16.4207],[104.2467,16.4262],[104.2431,16.4323],[104.2344,16.4335],[104.2244,16.4466]]]}},{"type":"Feature","properties":{"id":12695296,"name":"\u0e40\u0e02\u0e15\u0e23\u0e31\u0e01\u0e29\u0e32\u0e1e\u0e31\u0e19\u0e18\u0e38\u0e4c\u0e2a\u0e31\u0e15\u0e27\u0e4c\u0e1b\u0e48\u0e32\u0e20\u0e39\u0e2a\u0e35\u0e10\u0e32\u0e19","name_en":"Phu Si Than Wildlife Sanctuary","boundary":"protected_area","protect_class":"1a"},"geometry":{"type":"Polygon","coordinates":[[[104.1777,16.6712],[104.1744,16.6664],[104.1831,16.6622],[104.1735,16.6554],[104.172,16.6508],[104.1711,16.638],[104.1754,16.6262],[104.1728,16.619],[104.169,16.6159],[104.1665,16.6106],[104.1656,16.6037],[104.1679,16.6042],[104.1716,16.6008],[104.169,16.5983],[104.1683,16.5941],[104.156,16.5898],[104.1534,16.5925],[104.1425,16.5903],[104.1396,16.5848],[104.1468,16.5775],[104.1425,16.5788],[104.1317,16.578],[104.1178,16.5621],[104.1191,16.5566],[104.123,16.5541],[104.126,16.5542],[104.1326,16.5628],[104.1329,16.5667],[104.1378,16.57],[104.1366,16.5627],[104.1316,16.5562],[104.1282,16.5467],[104.1311,16.5427],[104.1328,16.5422],[104.1368,16.5451],[104.1403,16.5403],[104.1432,16.5414],[104.1474,16.5477],[104.1541,16.5517],[104.1555,16.558],[104.1615,16.568],[104.1665,16.5659],[104.1779,16.566],[104.1811,16.567],[104.1819,16.5721],[104.1821,16.5642],[104.1999,16.5642],[104.2023,16.5736],[104.2013,16.5779],[104.2023,16.5828],[104.197,16.5861],[104.1975,16.5902],[104.2062,16.5911],[104.205,16.5855],[104.2129,16.5774],[104.2095,16.571],[104.2099,16.5681],[104.2177,16.5624],[104.2219,16.5625],[104.2342,16.5529],[104.2375,16.5413],[104.2371,16.5342],[104.2409,16.5309],[104.2407,16.5271],[104.2454,16.52],[104.2484,16.518],[104.2608,16.5186],[104.266,16.5216],[104.2849,16.5205],[104.2874,16.5228],[104.2887,16.5272],[104.2868,16.5347],[104.2826,16.5348],[104.2812,16.5293],[104.2793,16.5281],[104.2672,16.5302],[104.2662,16.5321],[104.277,16.5369],[104.2798,16.5418],[104.2889,16.546],[104.2893,16.5478],[104.2856,16.5595],[104.2799,16.564],[104.276,16.5639],[104.2641,16.5568],[104.2675,16.5653],[104.2677,16.5724],[104.2721,16.5762],[104.2732,16.5839],[104.2687,16.5921],[104.2724,16.5967],[104.2722,16.593],[104.2758,16.5873],[104.2795,16.5845],[104.2819,16.5863],[104.2842,16.585],[104.2814,16.5761],[104.2832,16.5693],[104.2905,16.5642],[104.2931,16.564],[104.2951,16.5654],[104.295,16.569],[104.293,16.5717],[104.2943,16.5775],[104.2923,16.5945],[104.301,16.5972],[104.3025,16.5939],[104.3011,16.5909],[104.3099,16.5867],[104.3119,16.5882],[104.3128,16.5927],[104.3104,16.5988],[104.3235,16.5969],[104.3324,16.6003],[104.3329,16.6041],[104.3354,16.6031],[104.3338,16.6027],[104.3352,16.5984],[104.3426,16.596],[104.345,16.593],[104.3488,16.5931],[104.3566,16.602],[104.353,16.6071],[104.3487,16.6189],[104.3514,16.6209],[104.3635,16.605],[104.3571,16.5913],[104.3602,16.5823],[104.3627,16.5795],[104.3682,16.5796],[104.3718,16.5699],[104.3718,16.565],[104.379,16.5606],[104.3825,16.5607],[104.3826,16.5581],[104.3878,16.5595],[104.3878,16.561],[104.3825,16.5628],[104.3799,16.5656],[104.3805,16.5707],[104.3822,16.5712],[104.3804,16.5778],[104.381,16.5802],[104.3835,16.5806],[104.3838,16.5853],[104.3804,16.5899],[104.3821,16.5971],[104.3831,16.5934],[104.3846,16.5927],[104.3852,16.5951],[104.3862,16.5912],[104.3889,16.5904],[104.3859,16.5857],[104.3901,16.5645],[104.3922,16.5636],[104.3923,16.5676],[104.3947,16.5715],[104.3942,16.5676],[104.397,16.5678],[104.397,16.5704],[104.3993,16.5701],[104.3975,16.5852],[104.3962,16.5863],[104.3989,16.5932],[104.3985,16.5971],[104.3874,16.5981],[104.3794,16.6082],[104.3741,16.6114],[104.3726,16.6223],[104.3687,16.6277],[104.3691,16.6369],[104.3743,16.6415],[104.3603,16.6527],[104.3614,16.6635],[104.3593,16.6723],[104.3628,16.6769],[104.3613,16.6835],[104.3546,16.6917],[104.3392,16.7023],[104.3336,16.6986],[104.3327,16.6933],[104.3376,16.687],[104.3302,16.6859],[104.3212,16.6909],[104.3199,16.6902],[104.3185,16.6873],[104.3196,16.6839],[104.3223,16.6841],[104.3243,16.682],[104.3213,16.6783],[104.3195,16.6782],[104.3154,16.6821],[104.313,16.6874],[104.3073,16.6847],[104.3021,16.687],[104.2963,16.6962],[104.2922,16.6966],[104.2891,16.6933],[104.2856,16.6949],[104.2821,16.6891],[104.2831,16.6854],[104.2811,16.6867],[104.2762,16.6845],[104.2757,16.6805],[104.273,16.6772],[104.271,16.678],[104.2688,16.6763],[104.2656,16.6784],[104.261,16.6755],[104.2633,16.6688],[104.2625,16.6651],[104.2563,16.6613],[104.2461,16.6631],[104.2426,16.6718],[104.2364,16.6724],[104.2345,16.6758],[104.2368,16.6765],[104.2364,16.6816],[104.2342,16.6807],[104.2295,16.6875],[104.2268,16.6843],[104.2282,16.6817],[104.2232,16.6805],[104.2215,16.6775],[104.2185,16.6781],[104.2094,16.6701],[104.1993,16.6842],[104.1912,16.6752],[104.1928,16.6792],[104.1903,16.6795],[104.1897,16.6825],[104.1847,16.6777],[104.1825,16.6788],[104.18,16.6775],[104.1815,16.6792],[104.1805,16.6822],[104.1743,16.6797],[104.175,16.6818],[104.1732,16.682],[104.1765,16.6822],[104.1748,16.6845],[104.178,16.6833],[104.1792,16.6852],[104.1817,16.6845],[104.1822,16.6863],[104.1847,16.6848],[104.1847,16.6867],[104.1815,16.6875],[104.1817,16.6915],[104.1797,16.6938],[104.1739,16.6933],[104.1766,16.6966],[104.1731,16.702],[104.1779,16.7048],[104.1927,16.7012],[104.1923,16.7051],[104.184,16.7066],[104.1791,16.7104],[104.1793,16.7162],[104.1712,16.7149],[104.1645,16.7155],[104.1619,16.7175],[104.1659,16.7298],[104.1599,16.734],[104.1556,16.7351],[104.1371,16.7286],[104.1455,16.7223],[104.1508,16.7159],[104.1499,16.7046],[104.154,16.6986],[104.1702,16.6974],[104.1686,16.6923],[104.1617,16.6852],[104.1616,16.6803],[104.1667,16.6742],[104.1777,16.6712]]]}},{"type":"Feature","properties":{"id":12695298,"name":"\u0e2d\u0e38\u0e17\u0e22\u0e32\u0e19\u0e41\u0e2b\u0e48\u0e07\u0e0a\u0e32\u0e15\u0e34\u0e20\u0e39\u0e1e\u0e32\u0e19","name_en":"Phu Phan National Park","boundary":"national_park","protect_class":"2"},"geometry":{"type":"Polygon","coordinates":[[[103.8079,17.0106],[103.8029,17.0016],[103.7883,16.9937],[103.7785,16.9855],[103.77,16.9663],[103.7835,16.9584],[103.776,16.9424],[103.7789,16.9339],[103.7813,16.909],[103.7891,16.9037],[103.7923,16.8957],[103.7891,16.8883],[103.7997,16.884],[103.806,16.8846],[103.8065,16.8783],[103.8104,16.8763],[103.8211,16.8749],[103.8241,16.8707],[103.8243,16.8659],[103.8347,16.8657],[103.8367,16.8591],[103.8359,16.8559],[103.8277,16.8604],[103.8203,16.8591],[103.8119,16.849],[103.8047,16.8469],[103.7965,16.8357],[103.7931,16.8343],[103.792,16.8291],[103.7948,16.8245],[103.7934,16.8217],[103.7972,16.8177],[103.7965,16.8145],[103.7899,16.8113],[103.7962,16.7997],[103.7998,16.7963],[103.8093,16.7972],[103.819,16.7912],[103.8252,16.7909],[103.8304,16.7829],[103.839,16.7856],[103.842,16.7823],[103.8411,16.7749],[103.8438,16.7729],[103.8502,16.7745],[103.8521,16.7729],[103.8474,16.7658],[103.8476,16.7584],[103.8575,16.7619],[103.861,16.7589],[103.8602,16.755],[103.8502,16.752],[103.8502,16.7461],[103.8609,16.7305],[103.8701,16.7279],[103.8787,16.7354],[103.8798,16.7408],[103.8875,16.7431],[103.8876,16.7498],[103.8953,16.7573],[103.897,16.7655],[103.9007,16.7687],[103.9035,16.7779],[103.9082,16.7813],[103.9358,16.7773],[103.9372,16.773],[103.9418,16.7723],[103.9506,16.7762],[103.9527,16.7791],[103.949,16.7886],[103.9551,16.8002],[103.9538,16.8062],[103.9554,16.8176],[103.9569,16.8196],[103.9527,16.8178],[103.9522,16.8133],[103.9401,16.8017],[103.9403,16.8044],[103.9449,16.8111],[103.9483,16.8133],[103.952,16.8249],[103.9569,16.8289],[103.9381,16.8427],[103.929,16.8527],[103.9338,16.8594],[103.9306,16.8793],[103.9026,16.916],[103.9054,16.965],[103.9088,16.9689],[103.9151,16.9691],[103.921,16.9719],[103.9394,16.9686],[103.9527,16.9771],[103.9733,17.0179],[103.9745,17.0293],[103.972,17.0329],[103.9712,17.0566],[103.9758,17.0688],[103.9732,17.0709],[103.9732,17.0731],[103.9776,17.0788],[103.9809,17.0875],[103.982,17.0891],[103.9835,17.0885],[103.9856,17.0936],[104.0037,17.1155],[104.0094,17.1163],[104.0128,17.1144],[104.0155,17.116],[104.0184,17.122],[104.0194,17.1212],[104.0207,17.1227],[104.0217,17.1174],[104.0238,17.1155],[104.0227,17.1173],[104.0253,17.1212],[104.0235,17.1235],[104.0144,17.1268],[104.0135,17.1314],[104.0157,17.1325],[104.0252,17.1316],[104.028,17.1271],[104.0264,17.1243],[104.0277,17.1233],[104.0271,17.1185],[104.0325,17.1182],[104.0354,17.121],[104.0345,17.1308],[104.0379,17.1351],[104.0335,17.1503],[104.0281,17.1523],[104.0199,17.1503],[104.0174,17.1559],[104.025,17.16],[104.0254,17.1654],[104.0229,17.1681],[104.0227,17.1722],[104.0201,17.1739],[104.0203,17.1791],[104.0166,17.1845],[104.0145,17.1828],[104.0149,17.1806],[104.0095,17.1791],[104.0069,17.1807],[104.0059,17.1867],[103.9957,17.1965],[103.9802,17.1953],[103.9783,17.1968],[103.9778,17.2013],[103.9631,17.2117],[103.938,17.2259],[103.9334,17.2258],[103.9292,17.2281],[103.9227,17.2289],[103.9099,17.2254],[103.9057,17.2145],[103.9017,17.2135],[103.8955,17.2164],[103.896,17.2194],[103.9033,17.2246],[103.9002,17.2287],[103.8891,17.2323],[103.879,17.2393],[103.8715,17.2472],[103.8524,17.2468],[103.8511,17.2574],[103.847,17.2606],[103.842,17.2588],[103.8417,17.2545],[103.837,17.2522],[103.8276,17.2554],[103.8046,17.2595],[103.7654,17.2601],[103.7522,17.2635],[103.7493,17.2618],[103.7464,17.2575],[103.7465,17.2508],[103.7695,17.2275],[103.7742,17.22],[103.7772,17.2199],[103.7782,17.2244],[103.7812,17.225],[103.7855,17.2224],[103.7889,17.2222],[103.7912,17.2199],[103.7907,17.2119],[103.7938,17.2085],[103.8054,17.2068],[103.8054,17.2129],[103.8074,17.2151],[103.8109,17.2151],[103.8154,17.2096],[103.8194,17.2126],[103.8243,17.2111],[103.8252,17.2049],[103.8277,17.2024],[103.8262,17.199],[103.821,17.1954],[103.8196,17.1906],[103.8219,17.1877],[103.8246,17.1872],[103.8344,17.1935],[103.8756,17.1816],[103.8763,17.1772],[103.8726,17.1685],[103.8669,17.1713],[103.8641,17.1678],[103.8641,17.1629],[103.8687,17.1614],[103.8787,17.1502],[103.8866,17.1498],[103.8937,17.1552],[103.9014,17.1569],[103.9052,17.1496],[103.9021,17.1462],[103.8952,17.1447],[103.8835,17.1339],[103.8843,17.1284],[103.8881,17.1248],[103.8876,17.118],[103.8941,17.1151],[103.8935,17.1117],[103.8906,17.1125],[103.8895,17.1108],[103.8901,17.1036],[103.896,17.0856],[103.8943,17.085],[103.8887,17.0934],[103.8838,17.097],[103.876,17.0829],[103.8767,17.0715],[103.8752,17.06],[103.8767,17.0555],[103.8905,17.0447],[103.8911,17.0419],[103.8945,17.0386],[103.899,17.0401],[103.9007,17.0392],[103.9033,17.0313],[103.91,17.0316],[103.9156,17.0276],[103.9249,17.0265],[103.9378,17.0306],[103.9394,17.0278],[103.9292,17.0114],[103.9229,16.9985],[103.9223,16.9937],[103.917,16.9847],[103.8896,16.9858],[103.8843,16.9911],[103.8817,17.0018],[103.8772,17.0],[103.8755,17.0017],[103.8701,17.0149],[103.8663,17.0175],[103.8639,17.0147],[103.8602,17.0137],[103.8589,17.0202],[103.8531,17.0211],[103.8506,17.0185],[103.8475,17.0189],[103.8454,17.0224],[103.8287,17.0212],[103.8223,17.0151],[103.8079,17.0106]]]}},{"type":"Feature","properties":{"id":12695299,"name":"\u0e40\u0e02\u0e15\u0e2b\u0e49\u0e32\u0e21\u0e25\u0e48\u0e32\u0e2a\u0e31\u0e15\u0e27\u0e4c\u0e1b\u0e48\u0e32\u0e25\u0e33\u0e1b\u0e32\u0e27","name_en":"Lam Pao Non-Hunting Area","boundary":"protected_area","protect_class":"4"},"geometry":{"type":"Polygon","coordinates":[[[103.6053,16.773],[103.5971,16.7732],[103.594,16.7681],[103.5927,16.7608],[103.5862,16.7575],[103.5859,16.7557],[103.5878,16.7528],[103.5911,16.7541],[103.5903,16.7572],[103.5915,16.7579],[103.597,16.7556],[103.5959,16.7597],[103.5969,16.7602],[103.6005,16.7541],[103.6085,16.7459],[103.608,16.7442],[103.614,16.7402],[103.6073,16.7412],[103.6115,16.735],[103.6106,16.7331],[103.6154,16.7341],[103.6153,16.7323],[103.6174,16.7321],[103.61,16.7322],[103.6048,16.7368],[103.6018,16.737],[103.605,16.7421],[103.6034,16.7449],[103.6046,16.7471],[103.6004,16.7499],[103.6005,16.7469],[103.5985,16.7454],[103.596,16.7515],[103.593,16.7506],[103.5925,16.7488],[103.5893,16.7489],[103.587,16.7443],[103.5878,16.742],[103.5851,16.7419],[103.5849,16.7387],[103.5808,16.7396],[103.5839,16.7423],[103.5784,16.7472],[103.5767,16.7455],[103.5674,16.746],[103.5585,16.749],[103.5554,16.7435],[103.5528,16.7442],[103.5515,16.7422],[103.5529,16.7372],[103.5484,16.7389],[103.55,16.7432],[103.5551,16.7486],[103.5544,16.7524],[103.5506,16.7549],[103.55,16.753],[103.5447,16.7571],[103.5432,16.7548],[103.5441,16.7513],[103.5411,16.7531],[103.5397,16.7514],[103.5406,16.7437],[103.538,16.7491],[103.5354,16.745],[103.5338,16.7469],[103.5386,16.7538],[103.5326,16.7586],[103.529,16.758],[103.5285,16.7534],[103.5259,16.754],[103.5279,16.7571],[103.5241,16.7611],[103.5228,16.7606],[103.5221,16.7554],[103.5199,16.7548],[103.5216,16.7582],[103.5209,16.7612],[103.5186,16.7626],[103.5129,16.7618],[103.511,16.7584],[103.5132,16.7554],[103.5108,16.7546],[103.5102,16.762],[103.5077,16.7637],[103.5044,16.7615],[103.5005,16.7637],[103.4957,16.763],[103.4926,16.7612],[103.4923,16.7587],[103.4827,16.7556],[103.4802,16.7511],[103.4802,16.7467],[103.4858,16.7439],[103.4953,16.7451],[103.4928,16.7416],[103.4928,16.7388],[103.4858,16.7427],[103.4782,16.7434],[103.4762,16.7373],[103.4798,16.7337],[103.4862,16.7339],[103.4862,16.7327],[103.4762,16.7323],[103.4734,16.7213],[103.475,16.7178],[103.47,16.7194],[103.4706,16.7148],[103.465,16.7177],[103.4637,16.7074],[103.4729,16.7107],[103.4731,16.7082],[103.4809,16.7038],[103.4718,16.7066],[103.4711,16.7047],[103.4724,16.7043],[103.4688,16.7023],[103.4693,16.6996],[103.4757,16.6999],[103.4717,16.6987],[103.4733,16.6922],[103.4758,16.6908],[103.4711,16.6915],[103.4699,16.6901],[103.4673,16.6919],[103.4639,16.6883],[103.4612,16.6887],[103.4603,16.6846],[103.4642,16.6827],[103.4742,16.6845],[103.4773,16.6829],[103.4715,16.6826],[103.4657,16.6792],[103.4655,16.6777],[103.4685,16.6771],[103.469,16.6751],[103.4751,16.6753],[103.4741,16.6728],[103.4758,16.6713],[103.4785,16.671],[103.4809,16.6739],[103.4802,16.6707],[103.4831,16.6687],[103.4785,16.6688],[103.4777,16.667],[103.4812,16.6666],[103.4824,16.6634],[103.495,16.6679],[103.4907,16.6626],[103.4921,16.6617],[103.4987,16.6641],[103.4962,16.6601],[103.493,16.6594],[103.4943,16.6579],[103.5004,16.6574],[103.4976,16.6576],[103.4959,16.6553],[103.4923,16.6564],[103.4871,16.6609],[103.4868,16.6588],[103.4845,16.6576],[103.4855,16.6541],[103.483,16.6569],[103.4792,16.6553],[103.4814,16.659],[103.4785,16.661],[103.4772,16.6603],[103.4705,16.6689],[103.4656,16.6709],[103.4647,16.6686],[103.4692,16.6636],[103.4644,16.6643],[103.4645,16.6591],[103.4636,16.6586],[103.4624,16.6621],[103.4605,16.6618],[103.4598,16.6595],[103.452,16.6585],[103.4594,16.6507],[103.4659,16.6542],[103.4654,16.6555],[103.4671,16.6532],[103.4637,16.6454],[103.47,16.6459],[103.4704,16.6435],[103.4669,16.643],[103.4669,16.6394],[103.4691,16.6395],[103.4662,16.6371],[103.4666,16.6344],[103.4705,16.6342],[103.4704,16.6361],[103.4764,16.6391],[103.4775,16.6374],[103.4804,16.6379],[103.484,16.6418],[103.4898,16.6433],[103.4884,16.6408],[103.4935,16.6397],[103.4842,16.6388],[103.4795,16.6345],[103.4807,16.6332],[103.4832,16.6344],[103.4846,16.6324],[103.4812,16.6311],[103.4782,16.6321],[103.4754,16.627],[103.4755,16.6241],[103.4727,16.624],[103.4735,16.6204],[103.4752,16.6201],[103.4766,16.622],[103.4776,16.6205],[103.4831,16.6195],[103.4809,16.6195],[103.4793,16.6154],[103.4759,16.6168],[103.4717,16.6144],[103.4733,16.5994],[103.4581,16.603],[103.4382,16.6026],[103.4357,16.6058],[103.4379,16.6076],[103.4328,16.613],[103.42,16.6161],[103.4132,16.6032],[103.4113,16.6034],[103.4096,16.6003],[103.4084,16.6046],[103.4051,16.6014],[103.4033,16.6024],[103.4029,16.5973],[103.4058,16.5965],[103.4058,16.5931],[103.4039,16.5939],[103.4029,16.5901],[103.4008,16.5884],[103.4005,16.5904],[103.3959,16.5914],[103.3947,16.5898],[103.3964,16.5886],[103.3955,16.5873],[103.3916,16.589],[103.3898,16.5876],[103.3837,16.5911],[103.3895,16.5919],[103.3867,16.5941],[103.3901,16.5966],[103.3969,16.5967],[103.3971,16.5999],[103.3992,16.5998],[103.3998,16.6019],[103.3963,16.6035],[103.4001,16.6057],[103.3996,16.607],[103.3963,16.6058],[103.3947,16.6097],[103.392,16.611],[103.3894,16.6087],[103.3896,16.6067],[103.3859,16.604],[103.3873,16.6083],[103.3862,16.6113],[103.3803,16.6053],[103.3811,16.6027],[103.3786,16.605],[103.3756,16.6035],[103.3812,16.6118],[103.3778,16.6129],[103.3749,16.6118],[103.3727,16.6137],[103.367,16.6068],[103.3675,16.6043],[103.3705,16.6033],[103.3697,16.5971],[103.3678,16.6002],[103.3615,16.5969],[103.3583,16.5979],[103.3581,16.5994],[103.3626,16.5996],[103.3627,16.6015],[103.3598,16.6017],[103.3649,16.6045],[103.3648,16.6084],[103.3623,16.6101],[103.3652,16.6097],[103.3664,16.613],[103.359,16.6123],[103.3542,16.6091],[103.3521,16.6102],[103.3532,16.6125],[103.3514,16.6132],[103.3452,16.6075],[103.3454,16.6058],[103.3485,16.6042],[103.3479,16.6031],[103.3443,16.6039],[103.3427,16.5997],[103.3406,16.5996],[103.3419,16.6096],[103.3361,16.6099],[103.3341,16.606],[103.3319,16.6066],[103.3282,16.6004],[103.3274,16.6011],[103.3295,16.605],[103.3253,16.6073],[103.3244,16.6034],[103.3188,16.6008],[103.3175,16.5976],[103.3115,16.5994],[103.3057,16.5975],[103.303,16.5908],[103.3016,16.5906],[103.3019,16.5953],[103.2968,16.5948],[103.2966,16.5966],[103.3048,16.5989],[103.3075,16.6035],[103.312,16.6029],[103.31,16.6049],[103.3181,16.6035],[103.3203,16.6055],[103.3143,16.6072],[103.3107,16.6106],[103.306,16.6106],[103.3042,16.6091],[103.3039,16.6113],[103.3017,16.6105],[103.2986,16.6148],[103.3012,16.6136],[103.3022,16.615],[103.3046,16.6123],[103.3057,16.6137],[103.3084,16.6124],[103.3105,16.6146],[103.3133,16.6139],[103.3173,16.6099],[103.326,16.6123],[103.3234,16.6179],[103.3259,16.6179],[103.3301,16.6141],[103.3339,16.6155],[103.3341,16.6173],[103.338,16.6163],[103.3458,16.6179],[103.3461,16.6208],[103.3441,16.622],[103.3447,16.6265],[103.3492,16.6211],[103.351,16.6219],[103.3506,16.6262],[103.3519,16.6263],[103.352,16.619],[103.3606,16.6178],[103.3615,16.6193],[103.3604,16.6211],[103.3689,16.6236],[103.368,16.6276],[103.3698,16.6259],[103.3726,16.6263],[103.3739,16.6313],[103.3721,16.632],[103.3616,16.6297],[103.3623,16.6316],[103.3611,16.6323],[103.3492,16.6356],[103.3563,16.6355],[103.3587,16.637],[103.3531,16.643],[103.3534,16.6449],[103.3616,16.6373],[103.3657,16.6352],[103.3674,16.6359],[103.3649,16.6392],[103.3655,16.6404],[103.3691,16.6405],[103.3719,16.6469],[103.3686,16.6498],[103.3738,16.6491],[103.3738,16.6437],[103.3758,16.6431],[103.3762,16.6393],[103.3789,16.6381],[103.3793,16.6398],[103.3812,16.6375],[103.3831,16.6389],[103.3828,16.6345],[103.3848,16.6328],[103.3879,16.6346],[103.3829,16.6272],[103.3833,16.6239],[103.3928,16.6214],[103.3958,16.6174],[103.3961,16.6207],[103.3933,16.6213],[103.3935,16.6228],[103.3905,16.6256],[103.3912,16.6271],[103.3963,16.6243],[103.4018,16.6269],[103.4036,16.6313],[103.4052,16.6271],[103.4106,16.6249],[103.416,16.6271],[103.4228,16.6232],[103.426,16.6247],[103.4238,16.6269],[103.424,16.6303],[103.4281,16.6293],[103.4283,16.6316],[103.431,16.6305],[103.4311,16.6323],[103.4336,16.6323],[103.4352,16.6345],[103.4415,16.6352],[103.4439,16.6336],[103.4437,16.6361],[103.4359,16.6373],[103.4357,16.6431],[103.4338,16.6424],[103.4325,16.644],[103.4304,16.6405],[103.4268,16.6451],[103.4219,16.6443],[103.4216,16.6427],[103.4241,16.6407],[103.418,16.64],[103.417,16.6352],[103.409,16.6319],[103.4058,16.6364],[103.403,16.6376],[103.4012,16.6359],[103.3996,16.6375],[103.4013,16.6393],[103.4007,16.6412],[103.3981,16.6386],[103.3951,16.6392],[103.3977,16.6431],[103.3924,16.6428],[103.394,16.6453],[103.3911,16.6491],[103.3927,16.6507],[103.3959,16.648],[103.4017,16.6489],[103.4071,16.6473],[103.4094,16.6485],[103.4069,16.6518],[103.4052,16.6511],[103.4045,16.6577],[103.4026,16.6605],[103.4004,16.6605],[103.4024,16.6621],[103.4001,16.6643],[103.4008,16.6654],[103.4092,16.6578],[103.4136,16.6565],[103.4107,16.6623],[103.4116,16.6641],[103.4051,16.6714],[103.4036,16.6705],[103.3976,16.6722],[103.3949,16.6758],[103.3896,16.6768],[103.3896,16.6788],[103.3826,16.6797],[103.385,16.6816],[103.384,16.6826],[103.3808,16.682],[103.3835,16.6839],[103.3896,16.6819],[103.391,16.6838],[103.3895,16.6864],[103.3802,16.688],[103.3771,16.6867],[103.3736,16.6887],[103.3702,16.687],[103.3696,16.6886],[103.3677,16.6883],[103.3662,16.6925],[103.3688,16.6938],[103.3708,16.6909],[103.3852,16.6905],[103.3847,16.6958],[103.3776,16.6968],[103.3751,16.6987],[103.3835,16.6997],[103.3887,16.6944],[103.3941,16.6959],[103.3924,16.6906],[103.3962,16.6864],[103.3963,16.6821],[103.4026,16.6826],[103.401,16.686],[103.404,16.6851],[103.4081,16.6877],[103.4064,16.6845],[103.4075,16.6827],[103.418,16.6806],[103.4206,16.6819],[103.4143,16.6849],[103.4167,16.6858],[103.4162,16.6902],[103.4214,16.6858],[103.4309,16.6849],[103.4322,16.6819],[103.4348,16.6831],[103.4269,16.6922],[103.4286,16.6917],[103.4294,16.6938],[103.427,16.6964],[103.4302,16.6953],[103.4339,16.6989],[103.431,16.7051],[103.4367,16.6996],[103.4308,16.6921],[103.4399,16.6862],[103.446,16.6748],[103.4487,16.6739],[103.45,16.6801],[103.4463,16.6874],[103.4484,16.6913],[103.4425,16.6937],[103.4494,16.6952],[103.4494,16.6973],[103.4454,16.6993],[103.4468,16.7012],[103.4505,16.7003],[103.4507,16.7018],[103.4472,16.7053],[103.4438,16.7036],[103.4441,16.7054],[103.4424,16.7068],[103.4535,16.709],[103.4504,16.7117],[103.4465,16.71],[103.4449,16.7117],[103.4463,16.7141],[103.4368,16.7156],[103.4343,16.7177],[103.4445,16.7175],[103.4404,16.7202],[103.4477,16.7219],[103.4496,16.7242],[103.4389,16.7257],[103.4389,16.7275],[103.4454,16.7275],[103.4471,16.7297],[103.4416,16.7352],[103.4329,16.7331],[103.4235,16.7377],[103.4299,16.739],[103.4377,16.7375],[103.4401,16.7411],[103.4363,16.7449],[103.4398,16.7444],[103.4423,16.7473],[103.4429,16.7391],[103.4475,16.7363],[103.4504,16.7422],[103.4507,16.7373],[103.4523,16.7358],[103.4553,16.739],[103.4562,16.7343],[103.4599,16.7347],[103.4608,16.7375],[103.4619,16.7364],[103.4609,16.7273],[103.4674,16.7358],[103.4673,16.7391],[103.4698,16.7391],[103.4698,16.741],[103.4669,16.7437],[103.464,16.7434],[103.4628,16.745],[103.472,16.7468],[103.4706,16.7491],[103.4729,16.7491],[103.471,16.7545],[103.4665,16.7513],[103.4614,16.7538],[103.4651,16.7542],[103.4666,16.7571],[103.4659,16.7589],[103.4671,16.7602],[103.4653,16.7616],[103.4627,16.7601],[103.4651,16.7643],[103.4628,16.7652],[103.4693,16.7667],[103.4677,16.7704],[103.4692,16.77],[103.469,16.7712],[103.4657,16.7731],[103.4679,16.7735],[103.4646,16.774],[103.4631,16.7765],[103.4566,16.7686],[103.4591,16.7665],[103.4572,16.7652],[103.4573,16.7622],[103.4546,16.7637],[103.4536,16.7609],[103.453,16.7629],[103.4503,16.7639],[103.4539,16.7674],[103.4515,16.7722],[103.449,16.7729],[103.4462,16.771],[103.4463,16.773],[103.4443,16.7722],[103.4446,16.7741],[103.4416,16.774],[103.438,16.7711],[103.4411,16.7778],[103.4393,16.7786],[103.4333,16.7751],[103.4338,16.7778],[103.4283,16.7769],[103.4316,16.7809],[103.4381,16.7818],[103.4364,16.7851],[103.4314,16.7862],[103.4256,16.7789],[103.4208,16.7789],[103.4198,16.7774],[103.4189,16.7785],[103.4236,16.7825],[103.4234,16.7841],[103.4212,16.7844],[103.4294,16.7901],[103.4287,16.7916],[103.4252,16.7921],[103.4228,16.7905],[103.4223,16.7933],[103.4175,16.7915],[103.4193,16.7952],[103.4217,16.796],[103.4149,16.8036],[103.413,16.803],[103.414,16.7984],[103.4121,16.7916],[103.4062,16.7898],[103.401,16.7934],[103.406,16.7922],[103.4108,16.7943],[103.4077,16.8049],[103.4039,16.8029],[103.4017,16.8044],[103.4045,16.8063],[103.4046,16.8082],[103.3964,16.8049],[103.3933,16.8064],[103.3979,16.8072],[103.3994,16.8092],[103.3975,16.8108],[103.4062,16.8134],[103.4021,16.8163],[103.4051,16.8159],[103.4065,16.8172],[103.4078,16.8158],[103.4102,16.8194],[103.4111,16.8146],[103.4143,16.8175],[103.4111,16.8229],[103.4099,16.8219],[103.4078,16.824],[103.4029,16.8237],[103.4134,16.8283],[103.4136,16.8336],[103.4079,16.835],[103.4088,16.8385],[103.406,16.8401],[103.4086,16.8398],[103.4074,16.8458],[103.4084,16.8484],[103.4016,16.8486],[103.4019,16.8506],[103.399,16.8508],[103.3916,16.8423],[103.3892,16.8372],[103.3901,16.8353],[103.3883,16.8364],[103.3872,16.8346],[103.386,16.8364],[103.3888,16.84],[103.3863,16.8403],[103.3936,16.8505],[103.3856,16.8507],[103.3826,16.8536],[103.386,16.8515],[103.389,16.852],[103.3892,16.8566],[103.3909,16.8539],[103.3993,16.8557],[103.3987,16.8607],[103.4019,16.8584],[103.4036,16.8597],[103.4029,16.8623],[103.4065,16.8614],[103.4057,16.8652],[103.4076,16.8653],[103.4093,16.863],[103.4106,16.8636],[103.4096,16.8694],[103.4074,16.8709],[103.407,16.8679],[103.4028,16.8749],[103.401,16.8745],[103.4006,16.8758],[103.4039,16.8793],[103.3994,16.8851],[103.3972,16.8805],[103.3955,16.8813],[103.3931,16.8783],[103.3942,16.8767],[103.3927,16.8758],[103.3899,16.8763],[103.3873,16.8793],[103.3856,16.8774],[103.3833,16.8776],[103.3859,16.8796],[103.3854,16.8897],[103.3899,16.8858],[103.392,16.8861],[103.3957,16.8881],[103.3942,16.8932],[103.3915,16.8912],[103.3862,16.8919],[103.3877,16.8971],[103.3852,16.8984],[103.3845,16.9016],[103.3767,16.9032],[103.3781,16.9009],[103.3763,16.8974],[103.3699,16.9018],[103.3648,16.9085],[103.3623,16.905],[103.3624,16.9101],[103.3598,16.913],[103.3555,16.9145],[103.353,16.912],[103.3535,16.9157],[103.3508,16.9196],[103.3436,16.9202],[103.3417,16.9178],[103.3428,16.9145],[103.3405,16.9132],[103.3407,16.9205],[103.3391,16.9219],[103.3203,16.9236],[103.3176,16.9223],[103.3194,16.9153],[103.316,16.914],[103.3173,16.9178],[103.3166,16.922],[103.2978,16.9212],[103.2975,16.9185],[103.2964,16.9185],[103.2963,16.9218],[103.2855,16.9237],[103.2832,16.9263],[103.2814,16.9259],[103.2813,16.9239],[103.2798,16.9248],[103.2798,16.9268],[103.2856,16.9307],[103.2812,16.9308],[103.2771,16.9334],[103.2759,16.9356],[103.2779,16.9373],[103.2763,16.9407],[103.2707,16.9428],[103.2661,16.9423],[103.2645,16.9417],[103.2638,16.9375],[103.2586,16.9364],[103.2609,16.9376],[103.2612,16.9401],[103.2512,16.9412],[103.2423,16.9521],[103.235,16.951],[103.2234,16.9437],[103.2066,16.9462],[103.2032,16.944],[103.1919,16.9484],[103.1836,16.9461],[103.179,16.9481],[103.1572,16.9459],[103.1376,16.9538],[103.1274,16.9548],[103.1207,16.96],[103.1063,16.9633],[103.0997,16.9563],[103.0841,16.9582],[103.0808,16.963],[103.0865,16.9602],[103.0963,16.9608],[103.0985,16.9581],[103.1068,16.966],[103.111,16.9658],[103.1237,16.9624],[103.1252,16.9596],[103.1536,16.9496],[103.1623,16.9498],[103.1809,16.962],[103.1791,16.964],[103.1805,16.9681],[103.1796,16.9735],[103.1831,16.977],[103.1967,16.9717],[103.2152,16.9686],[103.2208,16.9695],[103.2298,16.9663],[103.2399,16.9657],[103.2535,16.96],[103.2696,16.9491],[103.2739,16.9505],[103.2754,16.9437],[103.2795,16.9485],[103.2819,16.9482],[103.2814,16.9453],[103.2786,16.9446],[103.2802,16.9404],[103.2842,16.9393],[103.2805,16.934],[103.2873,16.9321],[103.2904,16.9404],[103.2944,16.9342],[103.2867,16.9289],[103.2931,16.9273],[103.2933,16.9246],[103.3002,16.9271],[103.3002,16.933],[103.3017,16.9262],[103.3039,16.9253],[103.3033,16.9233],[103.3063,16.9233],[103.3054,16.9257],[103.3075,16.9234],[103.3192,16.925],[103.3192,16.9345],[103.3219,16.9252],[103.3251,16.9248],[103.3271,16.9282],[103.3282,16.9252],[103.3306,16.9264],[103.3339,16.9237],[103.3367,16.9252],[103.3387,16.924],[103.3415,16.9247],[103.3398,16.9299],[103.3452,16.9357],[103.3417,16.929],[103.3451,16.923],[103.3492,16.9223],[103.3485,16.9256],[103.3547,16.9333],[103.3509,16.9229],[103.3532,16.9243],[103.3523,16.9211],[103.3572,16.9172],[103.3584,16.9184],[103.3657,16.9102],[103.3666,16.9133],[103.3712,16.9096],[103.3715,16.9045],[103.3773,16.9059],[103.379,16.908],[103.3753,16.9165],[103.3762,16.918],[103.3735,16.9228],[103.3741,16.9247],[103.3778,16.9231],[103.3772,16.9207],[103.3798,16.9142],[103.3809,16.9143],[103.3808,16.9217],[103.3835,16.9125],[103.3878,16.9131],[103.39,16.9183],[103.3904,16.9154],[103.3922,16.9167],[103.3956,16.9148],[103.4014,16.9204],[103.4025,16.9197],[103.4003,16.9182],[103.4004,16.9152],[103.3955,16.911],[103.3852,16.9102],[103.3836,16.9068],[103.3849,16.9051],[103.3869,16.9068],[103.3879,16.9021],[103.3904,16.9039],[103.3909,16.8975],[103.399,16.9029],[103.4,16.9055],[103.4006,16.9038],[103.4054,16.9041],[103.4081,16.908],[103.4109,16.9084],[103.4085,16.9071],[103.4067,16.9031],[103.402,16.9029],[103.3972,16.9001],[103.3954,16.897],[103.3989,16.8948],[103.3976,16.8945],[103.3984,16.8893],[103.4026,16.8875],[103.4046,16.8911],[103.4068,16.8913],[103.405,16.8877],[103.4081,16.8847],[103.4093,16.8856],[103.4095,16.8831],[103.412,16.8817],[103.4094,16.8783],[103.4102,16.8766],[103.4141,16.8769],[103.4129,16.8803],[103.4156,16.8849],[103.4195,16.885],[103.4158,16.8816],[103.4181,16.8763],[103.4179,16.8744],[103.4149,16.8731],[103.4147,16.8698],[103.4191,16.8684],[103.4235,16.8703],[103.4231,16.8674],[103.4153,16.866],[103.4154,16.8644],[103.4169,16.8644],[103.4165,16.8625],[103.4217,16.8612],[103.4157,16.8581],[103.4115,16.8579],[103.4068,16.854],[103.4087,16.8522],[103.4123,16.8532],[103.4115,16.8467],[103.4126,16.8447],[103.414,16.8449],[103.4134,16.8414],[103.4146,16.8401],[103.418,16.8412],[103.418,16.8369],[103.4189,16.8376],[103.4223,16.8336],[103.4272,16.836],[103.4245,16.832],[103.4264,16.8303],[103.4213,16.8313],[103.4191,16.8297],[103.4218,16.8297],[103.4245,16.8254],[103.4291,16.8257],[103.4254,16.8226],[103.4276,16.8215],[103.4268,16.819],[103.4206,16.8123],[103.4189,16.8139],[103.4185,16.8112],[103.4153,16.8085],[103.419,16.8084],[103.4202,16.8067],[103.4202,16.8078],[103.4229,16.8083],[103.4259,16.8138],[103.4311,16.8145],[103.4329,16.8234],[103.4346,16.822],[103.438,16.8231],[103.4408,16.8313],[103.4426,16.8318],[103.4438,16.8296],[103.4491,16.8354],[103.4477,16.8377],[103.4447,16.8356],[103.4453,16.8413],[103.4415,16.842],[103.4407,16.8399],[103.4385,16.8404],[103.4393,16.8435],[103.438,16.8462],[103.442,16.8442],[103.4416,16.8534],[103.4429,16.8532],[103.4434,16.8565],[103.4433,16.8541],[103.4462,16.8518],[103.4518,16.8526],[103.4502,16.8563],[103.4523,16.8598],[103.4488,16.8636],[103.4464,16.8621],[103.4463,16.8653],[103.4439,16.866],[103.444,16.8678],[103.4484,16.8674],[103.4535,16.8716],[103.4486,16.8654],[103.4529,16.8612],[103.4541,16.8619],[103.4545,16.8659],[103.4567,16.868],[103.4595,16.8677],[103.4597,16.8732],[103.4631,16.8761],[103.4679,16.8757],[103.4686,16.8791],[103.4669,16.8801],[103.4703,16.8827],[103.4703,16.8867],[103.4761,16.8889],[103.478,16.8964],[103.4813,16.8978],[103.482,16.8965],[103.4792,16.892],[103.4802,16.8877],[103.472,16.8818],[103.4708,16.8778],[103.4723,16.8751],[103.4701,16.8714],[103.464,16.8726],[103.4608,16.87],[103.4641,16.8699],[103.4653,16.8679],[103.4612,16.8679],[103.4617,16.8664],[103.4565,16.8674],[103.454,16.8643],[103.4538,16.8586],[103.4514,16.856],[103.4537,16.8525],[103.4475,16.8509],[103.4481,16.848],[103.4456,16.8475],[103.4442,16.8446],[103.445,16.8426],[103.448,16.8437],[103.4479,16.8397],[103.4516,16.8432],[103.4531,16.8402],[103.451,16.84],[103.4524,16.8327],[103.4478,16.8301],[103.4504,16.8286],[103.4564,16.8311],[103.4632,16.8424],[103.4657,16.8412],[103.4673,16.8422],[103.4651,16.8385],[103.4663,16.835],[103.4637,16.8358],[103.4576,16.8293],[103.4612,16.8265],[103.4575,16.8269],[103.4598,16.8222],[103.4581,16.8213],[103.4577,16.8238],[103.4544,16.8256],[103.4512,16.8246],[103.4455,16.8262],[103.4426,16.8218],[103.4469,16.8194],[103.4446,16.8172],[103.4426,16.8194],[103.4405,16.8144],[103.4359,16.8137],[103.4362,16.8116],[103.4323,16.8052],[103.4339,16.8034],[103.4375,16.8074],[103.4385,16.8055],[103.4406,16.8055],[103.4392,16.7998],[103.4418,16.8019],[103.4415,16.7999],[103.4436,16.7991],[103.4471,16.8013],[103.4448,16.7959],[103.447,16.7917],[103.4506,16.793],[103.4513,16.792],[103.4506,16.79],[103.4478,16.7898],[103.4458,16.7872],[103.4485,16.7814],[103.4508,16.7816],[103.4547,16.7887],[103.4537,16.7897],[103.4584,16.7956],[103.4568,16.7841],[103.4548,16.7801],[103.4567,16.7786],[103.4601,16.7815],[103.4597,16.7831],[103.4621,16.7819],[103.4634,16.783],[103.461,16.7843],[103.4619,16.7877],[103.464,16.7855],[103.4657,16.7864],[103.4659,16.7843],[103.4692,16.783],[103.4707,16.7801],[103.4695,16.7965],[103.4722,16.7876],[103.4737,16.7868],[103.476,16.789],[103.4773,16.7943],[103.4739,16.8042],[103.4765,16.8065],[103.4752,16.808],[103.4773,16.8137],[103.48,16.8134],[103.4789,16.8115],[103.4805,16.8105],[103.486,16.8138],[103.4845,16.8109],[103.4909,16.8122],[103.4869,16.8067],[103.4827,16.8081],[103.4821,16.8055],[103.4786,16.8024],[103.4792,16.8004],[103.4835,16.8021],[103.4804,16.7997],[103.4811,16.7937],[103.4824,16.7916],[103.486,16.795],[103.494,16.7946],[103.4941,16.7929],[103.4888,16.7928],[103.4834,16.7897],[103.4824,16.7855],[103.4803,16.7858],[103.4823,16.784],[103.4778,16.7827],[103.4777,16.7805],[103.4864,16.7796],[103.478,16.7774],[103.4772,16.7742],[103.4795,16.7743],[103.4773,16.7698],[103.4793,16.7687],[103.484,16.77],[103.4821,16.7678],[103.484,16.7661],[103.4894,16.7698],[103.4929,16.7768],[103.493,16.7699],[103.4971,16.7706],[103.4972,16.7723],[103.5013,16.7722],[103.5042,16.774],[103.5061,16.7786],[103.5014,16.7817],[103.5033,16.7838],[103.5057,16.7802],[103.5075,16.7824],[103.507,16.784],[103.5097,16.7863],[103.5111,16.7825],[103.5084,16.7809],[103.5076,16.7775],[103.5132,16.7794],[103.512,16.7816],[103.5166,16.7871],[103.5147,16.7896],[103.5187,16.7936],[103.5186,16.8011],[103.5214,16.8039],[103.5226,16.8036],[103.523,16.8001],[103.5218,16.7938],[103.5253,16.7945],[103.5217,16.7911],[103.5205,16.7856],[103.5217,16.7845],[103.5236,16.786],[103.5157,16.7769],[103.5082,16.7736],[103.5093,16.7716],[103.5131,16.7691],[103.5176,16.7685],[103.5173,16.7666],[103.5204,16.7657],[103.5211,16.7684],[103.5249,16.7692],[103.5251,16.7744],[103.5295,16.7799],[103.5316,16.7794],[103.5368,16.7819],[103.528,16.7699],[103.5285,16.7675],[103.5307,16.7677],[103.5357,16.7724],[103.5365,16.7706],[103.5409,16.776],[103.5425,16.7758],[103.5429,16.7733],[103.5447,16.7734],[103.545,16.7773],[103.5424,16.781],[103.5441,16.7802],[103.5479,16.785],[103.5494,16.7914],[103.5503,16.7927],[103.5511,16.7883],[103.5537,16.7883],[103.5576,16.7917],[103.5559,16.7891],[103.5666,16.7839],[103.5704,16.7858],[103.5695,16.7813],[103.5714,16.7822],[103.567,16.776],[103.5663,16.7603],[103.5678,16.7584],[103.5723,16.7617],[103.5725,16.769],[103.581,16.774],[103.5861,16.7807],[103.5871,16.7835],[103.5825,16.7956],[103.5832,16.7987],[103.5952,16.805],[103.5973,16.8128],[103.6026,16.818],[103.604,16.8136],[103.6011,16.8101],[103.601,16.8043],[103.6046,16.7989],[103.6046,16.7937],[103.6097,16.7923],[103.6163,16.7957],[103.618,16.7929],[103.6213,16.7915],[103.6203,16.7877],[103.6071,16.7818],[103.6128,16.7731],[103.6105,16.7705],[103.6053,16.773]]]}},{"type":"Feature","properties":{"id":12719043,"name":"\u0e2d\u0e38\u0e17\u0e22\u0e32\u0e19\u0e41\u0e2b\u0e48\u0e07\u0e0a\u0e32\u0e15\u0e34\u0e16\u0e49\u0e33\u0e2a\u0e30\u0e40\u0e01\u0e34\u0e19","name_en":"Tham Sakoen National Park","boundary":"national_park","protect_class":"2"},"geometry":{"type":"Polygon","coordinates":[[[100.4829,19.5476],[100.4864,19.5427],[100.501,19.5382],[100.5083,19.5311],[100.513,19.5233],[100.5198,19.5223],[100.5232,19.5188],[100.5292,19.5199],[100.5329,19.5242],[100.5388,19.5231],[100.5451,19.5192],[100.5489,19.5194],[100.5569,19.5105],[100.5667,19.5069],[100.576,19.499],[100.5805,19.4989],[100.5835,19.5027],[100.5886,19.5056],[100.5964,19.5071],[100.5986,19.51],[100.6015,19.5174],[100.6028,19.5303],[100.6108,19.535],[100.608,19.5471],[100.6128,19.5507],[100.6248,19.5528],[100.6286,19.5558],[100.6365,19.5566],[100.6448,19.5548],[100.6517,19.5572],[100.6585,19.5517],[100.6609,19.5477],[100.6657,19.5498],[100.6728,19.5496],[100.6747,19.5472],[100.682,19.5451],[100.6847,19.5419],[100.6923,19.5389],[100.693,19.5365],[100.6879,19.532],[100.6854,19.5243],[100.6882,19.5074],[100.6841,19.5091],[100.6828,19.507],[100.6839,19.5026],[100.6796,19.498],[100.6744,19.5047],[100.6763,19.5092],[100.6743,19.5135],[100.675,19.5157],[100.6716,19.5214],[100.6737,19.5257],[100.665,19.5323],[100.6611,19.5303],[100.6537,19.5301],[100.6386,19.5204],[100.6433,19.5176],[100.6423,19.5139],[100.6487,19.5071],[100.6446,19.5028],[100.6433,19.4971],[100.6436,19.4939],[100.6488,19.4941],[100.6494,19.4883],[100.628,19.4805],[100.6259,19.4697],[100.6305,19.4703],[100.6333,19.4671],[100.6298,19.4642],[100.6305,19.4598],[100.629,19.4596],[100.6373,19.4548],[100.6349,19.4514],[100.6379,19.4459],[100.638,19.438],[100.6232,19.4359],[100.6214,19.4386],[100.6163,19.441],[100.6049,19.4419],[100.6037,19.4431],[100.6071,19.4479],[100.6046,19.4488],[100.6063,19.4513],[100.6082,19.4512],[100.6054,19.4536],[100.6017,19.4536],[100.6,19.4569],[100.593,19.4556],[100.5929,19.4523],[100.5892,19.4496],[100.5883,19.4476],[100.5914,19.4461],[100.5908,19.4438],[100.5865,19.442],[100.5907,19.4388],[100.5952,19.4399],[100.5994,19.4367],[100.6003,19.4336],[100.5974,19.4278],[100.5996,19.4233],[100.5935,19.421],[100.5926,19.4144],[100.5941,19.4083],[100.5922,19.4034],[100.5953,19.4001],[100.5826,19.3966],[100.5767,19.4082],[100.5783,19.4133],[100.5701,19.4149],[100.571,19.4082],[100.5682,19.4008],[100.566,19.3991],[100.5666,19.3944],[100.5718,19.3899],[100.571,19.3845],[100.5741,19.3731],[100.5773,19.3699],[100.5772,19.3681],[100.574,19.3661],[100.5791,19.3622],[100.5823,19.352],[100.5764,19.3586],[100.5652,19.3618],[100.5629,19.3606],[100.5652,19.3593],[100.5675,19.354],[100.565,19.3499],[100.5615,19.3556],[100.5593,19.3556],[100.5562,19.3626],[100.5542,19.3622],[100.5502,19.3656],[100.5522,19.367],[100.5535,19.3731],[100.5482,19.3742],[100.5425,19.3846],[100.5395,19.3798],[100.5425,19.3675],[100.5361,19.3645],[100.5357,19.3669],[100.5269,19.372],[100.521,19.378],[100.5171,19.3793],[100.506,19.3726],[100.4967,19.372],[100.4943,19.3806],[100.4888,19.3821],[100.4874,19.3853],[100.4829,19.3846],[100.4786,19.3813],[100.4763,19.3862],[100.4707,19.3856],[100.4681,19.3825],[100.4695,19.3803],[100.4683,19.3799],[100.4608,19.384],[100.4568,19.3833],[100.4559,19.3877],[100.4599,19.3907],[100.4556,19.3946],[100.4483,19.3929],[100.4478,19.3916],[100.4334,19.3996],[100.4207,19.4029],[100.4136,19.4008],[100.4118,19.3986],[100.4083,19.3991],[100.4191,19.4035],[100.4167,19.4078],[100.4224,19.4089],[100.4244,19.4128],[100.4236,19.417],[100.4259,19.4173],[100.4322,19.4138],[100.4326,19.412],[100.4344,19.4146],[100.44,19.4119],[100.438,19.4099],[100.4386,19.4078],[100.4357,19.407],[100.4375,19.404],[100.4343,19.4042],[100.4346,19.4009],[100.4385,19.4007],[100.438,19.3979],[100.4394,19.3981],[100.4395,19.3959],[100.4478,19.3949],[100.4486,19.3969],[100.4555,19.4002],[100.4549,19.4024],[100.4574,19.4018],[100.461,19.4046],[100.4666,19.4057],[100.4672,19.4108],[100.4728,19.4103],[100.4738,19.4189],[100.4772,19.418],[100.4823,19.4196],[100.4809,19.4265],[100.4861,19.4282],[100.5124,19.4287],[100.5108,19.4319],[100.5069,19.4341],[100.516,19.4327],[100.5119,19.4355],[100.4929,19.4377],[100.4916,19.4432],[100.4949,19.4563],[100.4895,19.4572],[100.5014,19.4624],[100.4998,19.464],[100.5014,19.4687],[100.5059,19.4707],[100.5142,19.4712],[100.5197,19.4861],[100.5176,19.4891],[100.5138,19.4909],[100.4818,19.4937],[100.4846,19.5032],[100.4798,19.5102],[100.4771,19.5234],[100.4719,19.5316],[100.4829,19.5476]]]}},{"type":"Feature","properties":{"id":12719044,"name":"\u0e2d\u0e38\u0e17\u0e22\u0e32\u0e19\u0e41\u0e2b\u0e48\u0e07\u0e0a\u0e32\u0e15\u0e34\u0e02\u0e38\u0e19\u0e2a\u0e16\u0e32\u0e19","name_en":"Khun Sathan National Park","boundary":"national_park","protect_class":"2"},"geometry":{"type":"Polygon","coordinates":[[[100.4143,18.0217],[100.4177,18.0303],[100.4157,18.0372],[100.4084,18.0476],[100.4092,18.0571],[100.4034,18.065],[100.4098,18.0753],[100.4012,18.0833],[100.3972,18.083],[100.3958,18.0862],[100.398,18.0906],[100.3965,18.096],[100.4001,18.1005],[100.3923,18.1185],[100.3964,18.1277],[100.3976,18.1366],[100.41,18.1416],[100.414,18.1492],[100.4144,18.1537],[100.4178,18.1553],[100.4367,18.1523],[100.4413,18.1534],[100.447,18.1585],[100.4482,18.1664],[100.4524,18.1731],[100.4527,18.1808],[100.4514,18.1836],[100.4556,18.1908],[100.46,18.1948],[100.4578,18.2071],[100.4541,18.2146],[100.4588,18.2177],[100.4618,18.2231],[100.4608,18.2292],[100.4679,18.2372],[100.4681,18.2449],[100.4701,18.2461],[100.4726,18.2557],[100.4759,18.2578],[100.4768,18.261],[100.4757,18.2639],[100.4776,18.267],[100.4848,18.2703],[100.4878,18.2754],[100.5003,18.2757],[100.5018,18.2793],[100.5088,18.2789],[100.5108,18.2754],[100.5175,18.2736],[100.5214,18.2786],[100.5245,18.2792],[100.5295,18.284],[100.5304,18.2875],[100.5331,18.2895],[100.5366,18.2964],[100.5382,18.339],[100.5397,18.3431],[100.538,18.3496],[100.5258,18.3609],[100.5067,18.3608],[100.5053,18.3621],[100.5058,18.3695],[100.5105,18.3761],[100.5102,18.3811],[100.5129,18.3878],[100.5175,18.3924],[100.527,18.3906],[100.5329,18.392],[100.5364,18.3908],[100.5412,18.4049],[100.546,18.4068],[100.5478,18.4141],[100.5505,18.4175],[100.5541,18.4149],[100.5529,18.4073],[100.5586,18.4065],[100.5572,18.3961],[100.562,18.3779],[100.5657,18.3763],[100.5713,18.3777],[100.5743,18.3763],[100.5742,18.373],[100.5784,18.3724],[100.5784,18.3686],[100.5734,18.3591],[100.5741,18.3559],[100.58,18.3545],[100.579,18.3521],[100.5726,18.3518],[100.5662,18.3543],[100.5631,18.3532],[100.5624,18.3502],[100.5576,18.35],[100.5537,18.3442],[100.5438,18.346],[100.5415,18.3398],[100.5524,18.3371],[100.5504,18.334],[100.5454,18.3324],[100.5401,18.3268],[100.5421,18.3146],[100.5442,18.3137],[100.5426,18.3055],[100.5487,18.3015],[100.5484,18.2976],[100.5444,18.2981],[100.5421,18.2957],[100.5391,18.2957],[100.5349,18.2814],[100.5374,18.2789],[100.5347,18.2734],[100.5343,18.2674],[100.5281,18.2608],[100.5386,18.2519],[100.548,18.2475],[100.5497,18.2421],[100.5527,18.2395],[100.5521,18.2366],[100.5536,18.2345],[100.5651,18.2296],[100.5685,18.2307],[100.5687,18.2339],[100.5743,18.2334],[100.5838,18.2378],[100.6027,18.2342],[100.6009,18.2257],[100.6076,18.2213],[100.6049,18.2167],[100.6106,18.2134],[100.6124,18.2083],[100.6159,18.2066],[100.6176,18.2083],[100.6219,18.2014],[100.6274,18.1977],[100.6334,18.1982],[100.637,18.1964],[100.6249,18.1933],[100.6215,18.1892],[100.6192,18.1886],[100.6132,18.1933],[100.6136,18.1952],[100.6106,18.1983],[100.6115,18.2],[100.609,18.2037],[100.6014,18.2013],[100.596,18.203],[100.5963,18.1993],[100.5916,18.1991],[100.5874,18.1911],[100.5828,18.1885],[100.5813,18.1896],[100.5804,18.1879],[100.5846,18.181],[100.5968,18.1791],[100.5989,18.1782],[100.5993,18.1745],[100.6028,18.1736],[100.607,18.1786],[100.6166,18.1764],[100.6113,18.1742],[100.6065,18.1688],[100.6032,18.1688],[100.6019,18.1638],[100.5913,18.1694],[100.588,18.1684],[100.5852,18.1699],[100.5812,18.1686],[100.5749,18.1696],[100.5803,18.1621],[100.5858,18.1596],[100.5894,18.156],[100.5857,18.1537],[100.5784,18.1554],[100.5722,18.1511],[100.5673,18.1306],[100.5649,18.1303],[100.5599,18.1168],[100.5579,18.1155],[100.5619,18.1104],[100.5569,18.101],[100.5582,18.0978],[100.568,18.0959],[100.5689,18.0934],[100.5751,18.091],[100.5767,18.0931],[100.5764,18.0984],[100.5825,18.1004],[100.5814,18.1102],[100.5897,18.1079],[100.593,18.1106],[100.5936,18.1134],[100.5917,18.1156],[100.5925,18.1188],[100.5969,18.1244],[100.6007,18.1254],[100.6165,18.1224],[100.6149,18.1267],[100.6179,18.1322],[100.624,18.1344],[100.6268,18.1375],[100.6369,18.1377],[100.6381,18.1329],[100.6446,18.1291],[100.6474,18.1254],[100.6465,18.1209],[100.6485,18.1171],[100.6446,18.1118],[100.6479,18.1098],[100.647,18.1072],[100.6439,18.1072],[100.6407,18.1047],[100.6407,18.1024],[100.6448,18.0983],[100.6442,18.0926],[100.6423,18.0925],[100.6411,18.0898],[100.6415,18.0858],[100.6437,18.0832],[100.6388,18.0749],[100.6315,18.0693],[100.6339,18.0586],[100.6265,18.0483],[100.6249,18.0438],[100.6085,18.0502],[100.5995,18.0436],[100.5896,18.0399],[100.5786,18.0443],[100.5735,18.0352],[100.5658,18.036],[100.558,18.0327],[100.5396,18.0416],[100.5337,18.0386],[100.5268,18.0422],[100.5155,18.0446],[100.5145,18.0464],[100.5085,18.0478],[100.5033,18.0534],[100.499,18.0504],[100.4818,18.0556],[100.4748,18.049],[100.4731,18.045],[100.4642,18.0453],[100.4615,18.0426],[100.4564,18.0419],[100.4532,18.0392],[100.4517,18.0344],[100.447,18.03],[100.4477,18.0277],[100.4464,18.0255],[100.4331,18.02],[100.4274,18.016],[100.4263,18.0132],[100.4203,18.0144],[100.4143,18.0217]],[[100.4138,18.0923],[100.41,18.0886],[100.4088,18.0962],[100.415,18.1023],[100.4107,18.1044],[100.4107,18.1079],[100.4173,18.1078],[100.4203,18.1095],[100.4242,18.1178],[100.4281,18.1198],[100.4385,18.118],[100.4469,18.1211],[100.4541,18.1206],[100.4566,18.1278],[100.4519,18.1302],[100.4506,18.1383],[100.4536,18.1444],[100.4649,18.1482],[100.4663,18.1538],[100.4601,18.1514],[100.4576,18.1543],[100.4571,18.164],[100.464,18.1739],[100.4637,18.1793],[100.4732,18.1826],[100.4771,18.1855],[100.4762,18.1891],[100.4719,18.1914],[100.4737,18.1933],[100.4656,18.2035],[100.4647,18.2074],[100.4712,18.2128],[100.4702,18.2171],[100.4716,18.2249],[100.4861,18.2215],[100.4832,18.2269],[100.4841,18.2349],[100.4822,18.2386],[100.4856,18.2406],[100.4875,18.2449],[100.4911,18.2466],[100.4976,18.2426],[100.5016,18.2366],[100.5084,18.2405],[100.5084,18.2425],[100.5125,18.2461],[100.5151,18.246],[100.5173,18.2479],[100.5205,18.2463],[100.5228,18.2476],[100.5259,18.2468],[100.5345,18.2507],[100.5398,18.2428],[100.5516,18.2364],[100.5541,18.2305],[100.5636,18.22],[100.5646,18.2123],[100.5614,18.2032],[100.5618,18.2003],[100.5591,18.1965],[100.5646,18.1879],[100.5644,18.1834],[100.5679,18.1854],[100.5721,18.1819],[100.5721,18.1762],[100.5689,18.1703],[100.5708,18.1585],[100.5676,18.1545],[100.5564,18.1559],[100.5537,18.1585],[100.5514,18.1565],[100.5482,18.1584],[100.5466,18.1569],[100.5485,18.1493],[100.5452,18.1489],[100.5417,18.1426],[100.5411,18.1404],[100.5436,18.1392],[100.5386,18.1254],[100.5427,18.1186],[100.5425,18.1155],[100.5461,18.1128],[100.5441,18.109],[100.546,18.1073],[100.5442,18.1033],[100.5465,18.1013],[100.5327,18.102],[100.528,18.1047],[100.5303,18.0901],[100.5201,18.0887],[100.519,18.0853],[100.5207,18.0805],[100.5195,18.0787],[100.5257,18.0758],[100.5247,18.0707],[100.5285,18.069],[100.5296,18.0712],[100.532,18.0704],[100.5301,18.0652],[100.5328,18.0592],[100.5307,18.0581],[100.5275,18.0499],[100.5216,18.0448],[100.517,18.0443],[100.5144,18.0473],[100.5124,18.0474],[100.5151,18.0497],[100.5122,18.0554],[100.5182,18.057],[100.5207,18.0642],[100.5197,18.0682],[100.5167,18.071],[100.511,18.0703],[100.5092,18.0743],[100.5128,18.0779],[100.5132,18.0808],[100.5111,18.084],[100.5084,18.0844],[100.5035,18.0885],[100.5037,18.0911],[100.498,18.0978],[100.4916,18.0999],[100.4759,18.1161],[100.4692,18.1187],[100.4642,18.1196],[100.4615,18.1184],[100.4564,18.1109],[100.4577,18.104],[100.4613,18.1018],[100.4691,18.1025],[100.4717,18.1006],[100.4736,18.0923],[100.4702,18.0838],[100.4668,18.0819],[100.459,18.0858],[100.456,18.0825],[100.4487,18.0797],[100.4412,18.0812],[100.4396,18.0828],[100.4352,18.0825],[100.4351,18.0871],[100.4316,18.0916],[100.4303,18.0969],[100.4268,18.0959],[100.424,18.0971],[100.423,18.0933],[100.4207,18.0914],[100.4138,18.0923]]]}},{"type":"Feature","properties":{"id":12719045,"name":"\u0e27\u0e19\u0e2d\u0e38\u0e17\u0e22\u0e32\u0e19\u0e19\u0e49\u0e33\u0e15\u0e01\u0e04\u0e2d\u0e22\u0e19\u0e32\u0e07","name_en":"Namtok Khoi Nang Forest Park","boundary":"protected_area","protect_class":"3"},"geometry":{"type":"Polygon","coordinates":[[[102.7,17.0869],[102.7043,17.0882],[102.7102,17.0864],[102.709,17.0804],[102.715,17.0731],[102.7173,17.0656],[102.7156,17.0583],[102.7179,17.0539],[102.7233,17.0495],[102.732,17.0474],[102.7421,17.0624],[102.7406,17.0775],[102.7453,17.0776],[102.7461,17.0756],[102.7507,17.0753],[102.7495,17.0802],[102.7429,17.0809],[102.7486,17.0956],[102.7535,17.0961],[102.761,17.1093],[102.7611,17.1198],[102.7633,17.1296],[102.7612,17.1542],[102.7469,17.1596],[102.7468,17.1658],[102.7422,17.1663],[102.7437,17.1684],[102.7435,17.1793],[102.7406,17.189],[102.7296,17.2022],[102.7274,17.2098],[102.6933,17.2081],[102.6929,17.2124],[102.6852,17.2144],[102.6781,17.211],[102.6766,17.205],[102.667,17.2052],[102.6458,17.1727],[102.6412,17.1731],[102.6395,17.1648],[102.6493,17.1613],[102.6585,17.1518],[102.6718,17.1584],[102.6773,17.1545],[102.6848,17.1549],[102.6877,17.1586],[102.6914,17.1571],[102.6905,17.1497],[102.6857,17.1446],[102.6939,17.1392],[102.6955,17.135],[102.693,17.1271],[102.6961,17.1107],[102.6954,17.1047],[102.7026,17.096],[102.7,17.0907],[102.7,17.0869]]]}},{"type":"Feature","properties":{"id":13567928,"name":"\u0e2a\u0e27\u0e19\u0e23\u0e38\u0e01\u0e02\u0e0a\u0e32\u0e15\u0e34\u0e42\u0e1b\u0e48\u0e07\u0e2a\u0e25\u0e35","name_en":"Pong Sali Arboretum","boundary":"protected_area","protect_class":"4"},"geometry":{"type":"Polygon","coordinates":[[[99.787,19.8358],[99.7927,19.839],[99.7943,19.835],[99.7916,19.83],[99.7924,19.826],[99.7909,19.824],[99.7882,19.833],[99.7866,19.8335],[99.7845,19.8318],[99.7832,19.8328],[99.787,19.8358]]]}},{"type":"Feature","properties":{"id":17491068,"name":"\u0e2a\u0e27\u0e19\u0e1b\u0e48\u0e32\u0e25\u0e32\u0e14\u0e01\u0e23\u0e30\u0e17\u0e34\u0e07","name_en":"","boundary":"nature_reserve","protect_class":""},"geometry":{"type":"Polygon","coordinates":[[[101.5097,13.4757],[101.511,13.4725],[101.5092,13.475],[101.5079,13.4736],[101.505,13.476],[101.5042,13.475],[101.507,13.4726],[101.5086,13.4731],[101.5053,13.4706],[101.5088,13.4675],[101.5084,13.4691],[101.5103,13.4692],[101.508,13.4716],[101.511,13.47],[101.5129,13.472],[101.5116,13.4733],[101.514,13.4746],[101.5108,13.4769],[101.5117,13.478],[101.5096,13.4799],[101.51,13.4814],[101.5063,13.4847],[101.512,13.4897],[101.515,13.4871],[101.5175,13.4899],[101.5145,13.4926],[101.5169,13.4953],[101.5184,13.4942],[101.5203,13.4962],[101.5188,13.4974],[101.5221,13.5011],[101.5236,13.4998],[101.5299,13.5041],[101.5239,13.5088],[101.5229,13.5078],[101.5233,13.5092],[101.5208,13.5111],[101.5147,13.5027],[101.5165,13.5011],[101.5114,13.4951],[101.5101,13.4961],[101.5094,13.4893],[101.5078,13.491],[101.5064,13.4895],[101.5078,13.4883],[101.5046,13.4841],[101.5057,13.483],[101.5042,13.4814],[101.5074,13.4787],[101.5092,13.4807],[101.5114,13.4778],[101.5097,13.4757]]]}},{"type":"Feature","properties":{"id":17958060,"name":"\u0e1b\u0e48\u0e32\u0e0a\u0e38\u0e21\u0e0a\u0e19\u0e1a\u0e49\u0e32\u0e19\u0e28\u0e34\u0e25\u0e32\u0e23\u0e31\u0e15\u0e19\u0e4c\u0e1e\u0e31\u0e12\u0e19\u0e32","name_en":"","boundary":"nature_reserve","protect_class":""},"geometry":{"type":"Polygon","coordinates":[[[102.6441,13.7706],[102.6571,13.765],[102.6586,13.7668],[102.663,13.7679],[102.6617,13.7715],[102.6631,13.7733],[102.6591,13.7762],[102.645,13.7756],[102.6472,13.7717],[102.6441,13.7706]],[[102.6544,13.7716],[102.6592,13.7713],[102.6603,13.7682],[102.6541,13.7704],[102.6544,13.7716]]]}},{"type":"Feature","properties":{"id":19388969,"name":"\u0e1e\u0e37\u0e49\u0e19\u0e17\u0e35\u0e48\u0e04\u0e38\u0e49\u0e21\u0e04\u0e23\u0e2d\u0e07\u0e2a\u0e34\u0e48\u0e07\u0e41\u0e27\u0e14\u0e25\u0e49\u0e2d\u0e21\u0e1a\u0e32\u0e07\u0e01\u0e30\u0e40\u0e08\u0e49\u0e32","name_en":"Bang Kachao Environmental Protected Area","boundary":"protected_area","protect_class":"6"},"geometry":{"type":"Polygon","coordinates":[[[100.5859,13.6809],[100.5778,13.6706],[100.5763,13.6711],[100.5774,13.6703],[100.5726,13.6645],[100.5631,13.6579],[100.5574,13.6571],[100.5461,13.6627],[100.5399,13.6623],[100.5395,13.6677],[100.5465,13.6695],[100.5536,13.6793],[100.5548,13.6898],[100.5531,13.7],[100.5563,13.7048],[100.5632,13.7042],[100.5838,13.6946],[100.5876,13.689],[100.5878,13.6846],[100.5859,13.6809]]]}},{"type":"Feature","properties":{"id":20110125,"name":"\u0e27\u0e19\u0e2d\u0e38\u0e17\u0e22\u0e32\u0e19\u0e16\u0e49\u0e33\u0e25\u0e21-\u0e16\u0e49\u0e33\u0e27\u0e31\u0e07","name_en":"Tham Lom-Tham Wang Forest Park","boundary":"protected_area","protect_class":"3"},"geometry":{"type":"Polygon","coordinates":[[[99.5297,17.2078],[99.5253,17.2166],[99.5268,17.2208],[99.5322,17.2269],[99.5304,17.23],[99.5304,17.235],[99.5283,17.2361],[99.528,17.2381],[99.5245,17.2374],[99.523,17.2397],[99.525,17.2441],[99.5245,17.2478],[99.5205,17.2462],[99.518,17.2475],[99.5207,17.248],[99.5214,17.2497],[99.5222,17.2485],[99.5246,17.2495],[99.525,17.2511],[99.5312,17.2514],[99.5345,17.2579],[99.5322,17.2556],[99.5335,17.2586],[99.5273,17.2591],[99.5355,17.2644],[99.541,17.2562],[99.5416,17.2492],[99.5388,17.2488],[99.5437,17.245],[99.5423,17.2367],[99.5438,17.2281],[99.5471,17.2234],[99.5447,17.221],[99.5461,17.2199],[99.5451,17.2181],[99.5407,17.2192],[99.5377,17.2125],[99.5352,17.2135],[99.5297,17.2078]],[[99.5264,17.2418],[99.5293,17.2425],[99.5299,17.2396],[99.5285,17.2385],[99.5252,17.2395],[99.5264,17.2418]]]}}]}